ISO-10303-21;
HEADER;
FILE_DESCRIPTION (( 'STEP AP214' ),
    '1' );
FILE_NAME ('SOT33-5A_L3.9-W2.6-P0.90-BP2525D.STEP',
    '2021-11-07T12:22:16',
    ( '' ),
    ( '' ),
    'SwSTEP 2.0',
    'SolidWorks 2018',
    '' );
FILE_SCHEMA (( 'AUTOMOTIVE_DESIGN' ));
ENDSEC;

DATA;
#1 = CARTESIAN_POINT ( 'NONE',  ( -1.391402837117598379, 0.6500000000000001332, 0.4551791245819074572 ) ) ;
#2 = DIRECTION ( 'NONE',  ( -0.000000000000000000, -0.000000000000000000, 1.000000000000000000 ) ) ;
#3 = VECTOR ( 'NONE', #4468, 1000.000000000000000 ) ;
#4 = LINE ( 'NONE', #4164, #1465 ) ;
#5 = CARTESIAN_POINT ( 'NONE',  ( 0.2182147244419812282, 0.1864202171537638897, 0.1000000000000000056 ) ) ;
#6 = CARTESIAN_POINT ( 'NONE',  ( 0.1426292300737510010, 0.02242336087043520290, 0.1000000000000000056 ) ) ;
#7 = PRESENTATION_LAYER_ASSIGNMENT (  '', '', ( #2616 ) ) ;
#8 = ORIENTED_EDGE ( 'NONE', *, *, #3093, .T. ) ;
#9 = LINE ( 'NONE', #1565, #7160 ) ;
#10 =( LENGTH_UNIT ( ) NAMED_UNIT ( * ) SI_UNIT ( .MILLI., .METRE. ) );
#11 = CARTESIAN_POINT ( 'NONE',  ( -1.222465627358930718, 1.874603525433344187, 0.000000000000000000 ) ) ;
#12 = CARTESIAN_POINT ( 'NONE',  ( -0.4299556498027773399, -0.01843435677922496130, 0.1000000000000000056 ) ) ;
#13 = UNCERTAINTY_MEASURE_WITH_UNIT (LENGTH_MEASURE( 1.000000000000000082E-05 ), #3627, 'distance_accuracy_value', 'NONE');
#14 = CARTESIAN_POINT ( 'NONE',  ( 1.431056404426063855, 1.550000000000000266, 0.4204321808078592682 ) ) ;
#15 = DIRECTION ( 'NONE',  ( -0.000000000000000000, -0.000000000000000000, -1.000000000000000000 ) ) ;
#16 = CARTESIAN_POINT ( 'NONE',  ( 0.1511660349842321727, 0.1728548964183608261, 0.000000000000000000 ) ) ;
#17 = LINE ( 'NONE', #4850, #5780 ) ;
#18 = AXIS2_PLACEMENT_3D ( 'NONE', #4569, #6793, #3439 ) ;
#19 = CARTESIAN_POINT ( 'NONE',  ( -0.1946140974865453177, 0.1371006590074069220, 0.000000000000000000 ) ) ;
#20 = ORIENTED_EDGE ( 'NONE', *, *, #6115, .T. ) ;
#21 = LINE ( 'NONE', #4960, #776 ) ;
#22 = CARTESIAN_POINT ( 'NONE',  ( -0.2181943738230529839, 0.1390311203131656959, 0.000000000000000000 ) ) ;
#23 =( GEOMETRIC_REPRESENTATION_CONTEXT ( 3 ) GLOBAL_UNCERTAINTY_ASSIGNED_CONTEXT ( ( #2932 ) ) GLOBAL_UNIT_ASSIGNED_CONTEXT ( ( #3583, #254, #1266 ) ) REPRESENTATION_CONTEXT ( 'NONE', 'WORKASPACE' ) );
#24 = SURFACE_STYLE_FILL_AREA ( #2816 ) ;
#25 = PLANE ( 'NONE',  #728 ) ;
#26 = AXIS2_PLACEMENT_3D ( 'NONE', #3848, #4914, #3235 ) ;
#27 = CARTESIAN_POINT ( 'NONE',  ( 1.391402837117596825, -0.1350000000000001477, 0.6151791245819071552 ) ) ;
#28 = ORIENTED_EDGE ( 'NONE', *, *, #7185, .T. ) ;
#29 = EDGE_LOOP ( 'NONE', ( #3369, #3965, #4303, #5623 ) ) ;
#30 = CARTESIAN_POINT ( 'NONE',  ( 1.431056404426063855, -0.9350000000000001643, 0.4204321808078592682 ) ) ;
#31 = STYLED_ITEM ( 'NONE', ( #5946 ), #6393 ) ;
#32 = EDGE_CURVE ( 'NONE', #628, #5213, #751, .T. ) ;
#33 = DIRECTION ( 'NONE',  ( 0.000000000000000000, -1.000000000000000000, 0.000000000000000000 ) ) ;
#34 =( NAMED_UNIT ( * ) PLANE_ANGLE_UNIT ( ) SI_UNIT ( $, .RADIAN. ) );
#35 = COLOUR_RGB ( '',0.7960784313725489669, 0.8235294117647058432, 0.9372549019607843146 ) ;
#36 = DIRECTION ( 'NONE',  ( 1.112002228190260952E-16, -1.000000000000000000, 0.000000000000000000 ) ) ;
#37 = VERTEX_POINT ( 'NONE', #742 ) ;
#38 = CARTESIAN_POINT ( 'NONE',  ( 0.3131649598908798349, 0.06267139505325927673, 0.1000000000000000056 ) ) ;
#39 = DIRECTION ( 'NONE',  ( -0.000000000000000000, -1.000000000000000000, -0.000000000000000000 ) ) ;
#40 = CARTESIAN_POINT ( 'NONE',  ( -0.2181943738230529839, 0.1390311203131656959, 0.000000000000000000 ) ) ;
#41 = VECTOR ( 'NONE', #5912, 1000.000000000000000 ) ;
#42 = FILL_AREA_STYLE ('',( #1103 ) ) ;
#43 = VECTOR ( 'NONE', #1787, 1000.000000000000000 ) ;
#44 = EDGE_LOOP ( 'NONE', ( #3975, #1517, #4332, #2006 ) ) ;
#45 = FACE_OUTER_BOUND ( 'NONE', #4211, .T. ) ;
#46 = CARTESIAN_POINT ( 'NONE',  ( -1.476984712635663444, 0.6500000000000001332, 0.07373471887023937132 ) ) ;
#47 = CARTESIAN_POINT ( 'NONE',  ( -0.1933628945176281144, 0.1647134417416696861, 0.000000000000000000 ) ) ;
#48 = ORIENTED_EDGE ( 'NONE', *, *, #587, .T. ) ;
#49 = ORIENTED_EDGE ( 'NONE', *, *, #636, .T. ) ;
#50 = ORIENTED_EDGE ( 'NONE', *, *, #2783, .F. ) ;
#51 = DIRECTION ( 'NONE',  ( 0.4188422247446084157, 0.9080590238365492395, 0.000000000000000000 ) ) ;
#52 =( NAMED_UNIT ( * ) SI_UNIT ( $, .STERADIAN. ) SOLID_ANGLE_UNIT ( ) );
#53 = CARTESIAN_POINT ( 'NONE',  ( -0.1999973363988268860, 0.02862601631947683800, 0.000000000000000000 ) ) ;
#54 = UNCERTAINTY_MEASURE_WITH_UNIT (LENGTH_MEASURE( 1.000000000000000082E-05 ), #7231, 'distance_accuracy_value', 'NONE');
#55 = DIRECTION ( 'NONE',  ( 0.1679194757783925851, 0.000000000000000000, 0.9858007149796096380 ) ) ;
#56 = VERTEX_POINT ( 'NONE', #3556 ) ;
#57 = ORIENTED_EDGE ( 'NONE', *, *, #909, .F. ) ;
#58 =( LENGTH_UNIT ( ) NAMED_UNIT ( * ) SI_UNIT ( .MILLI., .METRE. ) );
#59 = DIRECTION ( 'NONE',  ( 0.000000000000000000, 0.000000000000000000, 1.000000000000000000 ) ) ;
#60 = CARTESIAN_POINT ( 'NONE',  ( -0.1523864280790177550, 0.1579695370894122763, 0.000000000000000000 ) ) ;
#61 = ORIENTED_EDGE ( 'NONE', *, *, #2915, .T. ) ;
#62 = FILL_AREA_STYLE ('',( #1773 ) ) ;
#63 = CARTESIAN_POINT ( 'NONE',  ( -1.589670673659924871, 0.2500000000000001110, 0.4414444057116679865 ) ) ;
#64 = CARTESIAN_POINT ( 'NONE',  ( -0.1296519464932273658, 0.002359176858930656789, 0.000000000000000000 ) ) ;
#65 = ORIENTED_EDGE ( 'NONE', *, *, #5559, .F. ) ;
#66 = MECHANICAL_DESIGN_GEOMETRIC_PRESENTATION_REPRESENTATION (  '', ( #2294 ), #6609 ) ;
#67 = CARTESIAN_POINT ( 'NONE',  ( -0.1856165610303621705, 0.1448797226038804065, 0.000000000000000000 ) ) ;
#68 = ORIENTED_EDGE ( 'NONE', *, *, #523, .T. ) ;
#69 = CARTESIAN_POINT ( 'NONE',  ( -0.2340822523668798227, 0.07904160475923659168, 0.1000000000000000056 ) ) ;
#70 = CARTESIAN_POINT ( 'NONE',  ( 2.000000000000000000, 1.950000000000000400, 0.6151791245819073772 ) ) ;
#71 = LINE ( 'NONE', #4805, #3189 ) ;
#72 = VECTOR ( 'NONE', #5966, 1000.000000000000000 ) ;
#73 = DIRECTION ( 'NONE',  ( -0.000000000000000000, -1.000000000000000000, -0.000000000000000000 ) ) ;
#74 = CARTESIAN_POINT ( 'NONE',  ( 0.000000000000000000, 0.000000000000000000, 0.000000000000000000 ) ) ;
#75 = CARTESIAN_POINT ( 'NONE',  ( -0.2160967884086693047, 0.07686335560805861167, 0.1000000000000000056 ) ) ;
#76 = PRESENTATION_LAYER_ASSIGNMENT (  '', '', ( #3701 ) ) ;
#77 = ORIENTED_EDGE ( 'NONE', *, *, #1228, .F. ) ;
#78 =( NAMED_UNIT ( * ) SI_UNIT ( $, .STERADIAN. ) SOLID_ANGLE_UNIT ( ) );
#79 = ORIENTED_EDGE ( 'NONE', *, *, #1402, .F. ) ;
#80 = CARTESIAN_POINT ( 'NONE',  ( 0.2677694538203544417, 0.1699728774658274821, 0.1000000000000000056 ) ) ;
#81 = PRESENTATION_STYLE_ASSIGNMENT (( #2785 ) ) ;
#82 = DIRECTION ( 'NONE',  ( -0.1081201162549495498, -0.1940253244615266215, 0.9750201094996017170 ) ) ;
#83 =( GEOMETRIC_REPRESENTATION_CONTEXT ( 3 ) GLOBAL_UNCERTAINTY_ASSIGNED_CONTEXT ( ( #2779 ) ) GLOBAL_UNIT_ASSIGNED_CONTEXT ( ( #4599, #3425, #52 ) ) REPRESENTATION_CONTEXT ( 'NONE', 'WORKASPACE' ) );
#84 = DIRECTION ( 'NONE',  ( 0.000000000000000000, -0.000000000000000000, -1.000000000000000000 ) ) ;
#85 = DIRECTION ( 'NONE',  ( 0.000000000000000000, -0.000000000000000000, -1.000000000000000000 ) ) ;
#86 = SURFACE_STYLE_FILL_AREA ( #2533 ) ;
#87 = DIRECTION ( 'NONE',  ( 1.000000000000000000, 0.000000000000000000, 4.173251282424002606E-16 ) ) ;
#88 = SURFACE_STYLE_FILL_AREA ( #2494 ) ;
#89 = CARTESIAN_POINT ( 'NONE',  ( 0.4146356963510689497, 0.002078463733595553239, 0.1000000000000000056 ) ) ;
#90 = VECTOR ( 'NONE', #4695, 1000.000000000000000 ) ;
#91 = EDGE_CURVE ( 'NONE', #3039, #4597, #1961, .T. ) ;
#92 = EDGE_CURVE ( 'NONE', #3352, #6262, #3290, .T. ) ;
#93 = CARTESIAN_POINT ( 'NONE',  ( 0.2790816305554387755, 0.1334791860547645814, 0.000000000000000000 ) ) ;
#94 = ORIENTED_EDGE ( 'NONE', *, *, #1625, .T. ) ;
#95 = VECTOR ( 'NONE', #5081, 1000.000000000000000 ) ;
#96 = FILL_AREA_STYLE ('',( #3420 ) ) ;
#97 = CARTESIAN_POINT ( 'NONE',  ( 0.3027995951308292133, 0.1323318310560325228, 0.000000000000000000 ) ) ;
#98 = LINE ( 'NONE', #1540, #3835 ) ;
#99 = CARTESIAN_POINT ( 'NONE',  ( 0.2840486623454269166, 0.1568102742446508824, 0.1000000000000000056 ) ) ;
#100 =( GEOMETRIC_REPRESENTATION_CONTEXT ( 3 ) GLOBAL_UNCERTAINTY_ASSIGNED_CONTEXT ( ( #2400 ) ) GLOBAL_UNIT_ASSIGNED_CONTEXT ( ( #2702, #7156, #1509 ) ) REPRESENTATION_CONTEXT ( 'NONE', 'WORKASPACE' ) );
#101 = DIRECTION ( 'NONE',  ( 0.000000000000000000, 1.000000000000000000, -0.000000000000000000 ) ) ;
#102 = DIRECTION ( 'NONE',  ( -1.000000000000000000, -0.000000000000000000, -0.000000000000000000 ) ) ;
#103 = LINE ( 'NONE', #7096, #1303 ) ;
#104 = DIRECTION ( 'NONE',  ( 0.000000000000000000, 0.000000000000000000, 1.000000000000000000 ) ) ;
#105 = ORIENTED_EDGE ( 'NONE', *, *, #5235, .T. ) ;
#106 = FACE_OUTER_BOUND ( 'NONE', #1935, .T. ) ;
#107 =( NAMED_UNIT ( * ) SI_UNIT ( $, .STERADIAN. ) SOLID_ANGLE_UNIT ( ) );
#108 = FILL_AREA_STYLE ('',( #4059 ) ) ;
#109 = ORIENTED_EDGE ( 'NONE', *, *, #6850, .T. ) ;
#110 = AXIS2_PLACEMENT_3D ( 'NONE', #2674, #7173, #6062 ) ;
#111 = ORIENTED_EDGE ( 'NONE', *, *, #1372, .T. ) ;
#112 = FACE_OUTER_BOUND ( 'NONE', #6006, .T. ) ;
#113 = STYLED_ITEM ( 'NONE', ( #1711 ), #767 ) ;
#114 = CARTESIAN_POINT ( 'NONE',  ( 0.3128865114789359803, 0.1037898068461355627, 0.000000000000000000 ) ) ;
#115 =( GEOMETRIC_REPRESENTATION_CONTEXT ( 3 ) GLOBAL_UNCERTAINTY_ASSIGNED_CONTEXT ( ( #5311 ) ) GLOBAL_UNIT_ASSIGNED_CONTEXT ( ( #6205, #5719, #2839 ) ) REPRESENTATION_CONTEXT ( 'NONE', 'WORKASPACE' ) );
#116 = EDGE_CURVE ( 'NONE', #5223, #7007, #3634, .T. ) ;
#117 = CARTESIAN_POINT ( 'NONE',  ( 0.2081453117356843185, 0.1661810278361596782, 0.000000000000000000 ) ) ;
#118 = DIRECTION ( 'NONE',  ( -0.1313264056488086806, -0.000000000000000000, -0.9913391827116310173 ) ) ;
#119 = COLOUR_RGB ( '',0.7960784313725489669, 0.8235294117647058432, 0.9372549019607843146 ) ;
#120 = EDGE_CURVE ( 'NONE', #3997, #3789, #6536, .T. ) ;
#121 = CARTESIAN_POINT ( 'NONE',  ( -0.7584421074882420344, 1.408911553841009523, 1.100000000000000089 ) ) ;
#122 = VERTEX_POINT ( 'NONE', #5822 ) ;
#123 = ORIENTED_EDGE ( 'NONE', *, *, #1402, .T. ) ;
#124 = CARTESIAN_POINT ( 'NONE',  ( 1.431056404426063855, 0.9500000000000000666, 0.4204321808078592682 ) ) ;
#125 = VERTEX_POINT ( 'NONE', #6330 ) ;
#126 = CARTESIAN_POINT ( 'NONE',  ( 1.222465627358930718, -1.874603525433343743, 0.000000000000000000 ) ) ;
#127 = ORIENTED_EDGE ( 'NONE', *, *, #440, .T. ) ;
#128 = EDGE_LOOP ( 'NONE', ( #6428, #49, #6938, #5995 ) ) ;
#129 = FILL_AREA_STYLE_COLOUR ( '', #4719 ) ;
#130 = PLANE ( 'NONE',  #6879 ) ;
#131 = UNCERTAINTY_MEASURE_WITH_UNIT (LENGTH_MEASURE( 1.000000000000000082E-05 ), #1739, 'distance_accuracy_value', 'NONE');
#132 = VERTEX_POINT ( 'NONE', #1351 ) ;
#133 = FACE_OUTER_BOUND ( 'NONE', #3065, .T. ) ;
#134 = EDGE_CURVE ( 'NONE', #3070, #3695, #3461, .T. ) ;
#135 = AXIS2_PLACEMENT_3D ( 'NONE', #2799, #59, #604 ) ;
#136 = ORIENTED_EDGE ( 'NONE', *, *, #1225, .T. ) ;
#137 = CARTESIAN_POINT ( 'NONE',  ( 0.1742838856162280126, 0.1824892985313283089, 0.1000000000000000056 ) ) ;
#138 = EDGE_LOOP ( 'NONE', ( #7070, #5774, #6551, #652 ) ) ;
#139 = CARTESIAN_POINT ( 'NONE',  ( 0.2772421535429130390, 0.02716339085763684949, 1.355252715606880543E-17 ) ) ;
#140 = DIRECTION ( 'NONE',  ( 2.710505431213761479E-15, -0.000000000000000000, -1.000000000000000000 ) ) ;
#141 = AXIS2_PLACEMENT_3D ( 'NONE', #3103, #4135, #310 ) ;
#142 = CARTESIAN_POINT ( 'NONE',  ( 1.476984712635663444, -0.6850000000000002753, 0.07373471887023939908 ) ) ;
#143 = ORIENTED_EDGE ( 'NONE', *, *, #440, .F. ) ;
#144 = ORIENTED_EDGE ( 'NONE', *, *, #3339, .T. ) ;
#145 = SURFACE_STYLE_FILL_AREA ( #1837 ) ;
#146 = VECTOR ( 'NONE', #925, 1000.000000000000000 ) ;
#147 = AXIS2_PLACEMENT_3D ( 'NONE', #6711, #3389, #55 ) ;
#148 = FILL_AREA_STYLE_COLOUR ( '', #749 ) ;
#149 = DIRECTION ( 'NONE',  ( -0.9079872537420919931, 0.4189977888269744155, 0.000000000000000000 ) ) ;
#150 = VECTOR ( 'NONE', #3750, 1000.000000000000000 ) ;
#151 = ORIENTED_EDGE ( 'NONE', *, *, #4194, .T. ) ;
#152 = AXIS2_PLACEMENT_3D ( 'NONE', #3539, #5225, #1887 ) ;
#153 = DIRECTION ( 'NONE',  ( -0.000000000000000000, -0.000000000000000000, -1.000000000000000000 ) ) ;
#154 = PRESENTATION_LAYER_ASSIGNMENT (  '', '', ( #4273 ) ) ;
#155 = LINE ( 'NONE', #930, #6796 ) ;
#156 = CARTESIAN_POINT ( 'NONE',  ( -1.391402837117598157, 0.6500000000000001332, 0.4151791245819074216 ) ) ;
#157 = EDGE_CURVE ( 'NONE', #3498, #5821, #409, .T. ) ;
#158 = DIRECTION ( 'NONE',  ( 0.000000000000000000, 0.000000000000000000, -1.000000000000000000 ) ) ;
#159 = CARTESIAN_POINT ( 'NONE',  ( 0.1500080755025267609, 0.1473202414217390233, 0.000000000000000000 ) ) ;
#160 = SURFACE_SIDE_STYLE ('',( #4084 ) ) ;
#161 = FACE_OUTER_BOUND ( 'NONE', #536, .T. ) ;
#162 = VECTOR ( 'NONE', #1747, 1000.000000000000114 ) ;
#163 = DIRECTION ( 'NONE',  ( 0.000000000000000000, 0.000000000000000000, -1.000000000000000000 ) ) ;
#164 = DIRECTION ( 'NONE',  ( 0.000000000000000000, 1.000000000000000000, -0.000000000000000000 ) ) ;
#165 = VECTOR ( 'NONE', #5119, 1000.000000000000000 ) ;
#166 = FACE_OUTER_BOUND ( 'NONE', #6599, .T. ) ;
#167 = SURFACE_SIDE_STYLE ('',( #1121 ) ) ;
#168 = CARTESIAN_POINT ( 'NONE',  ( 0.2952134031231617439, 0.06410420754718919312, 0.1000000000000000056 ) ) ;
#169 = CARTESIAN_POINT ( 'NONE',  ( 0.1197639014792740431, 0.1448669252720571066, 0.000000000000000000 ) ) ;
#170 = ORIENTED_EDGE ( 'NONE', *, *, #2898, .T. ) ;
#171 = VECTOR ( 'NONE', #3279, 1000.000000000000000 ) ;
#172 = EDGE_CURVE ( 'NONE', #4048, #2113, #1449, .T. ) ;
#173 = STYLED_ITEM ( 'NONE', ( #6732 ), #5916 ) ;
#174 = COLOUR_RGB ( '',0.7960784313725489669, 0.8235294117647058432, 0.9372549019607843146 ) ;
#175 = CARTESIAN_POINT ( 'NONE',  ( 0.2715982443188281747, 0.1415938318870283430, 0.000000000000000000 ) ) ;
#176 = CARTESIAN_POINT ( 'NONE',  ( -0.2333395249691748441, 0.06451858058535347995, 0.1000000000000000056 ) ) ;
#177 = LINE ( 'NONE', #4166, #772 ) ;
#178 = CARTESIAN_POINT ( 'NONE',  ( -1.391402837117598157, 1.550000000000000044, 0.4151791245819074216 ) ) ;
#179 = VECTOR ( 'NONE', #3342, 1000.000000000000000 ) ;
#180 = FILL_AREA_STYLE ('',( #6774 ) ) ;
#181 = LINE ( 'NONE', #5110, #4571 ) ;
#182 = CARTESIAN_POINT ( 'NONE',  ( -0.2339754858759921230, 0.07169806033437949033, 0.000000000000000000 ) ) ;
#183 = LINE ( 'NONE', #2621, #5543 ) ;
#184 = ADVANCED_FACE ( 'NONE', ( #1724 ), #1902, .F. ) ;
#185 = PRESENTATION_LAYER_ASSIGNMENT (  '', '', ( #779 ) ) ;
#186 = LINE ( 'NONE', #2557, #7075 ) ;
#187 = VERTEX_POINT ( 'NONE', #220 ) ;
#188 = VERTEX_POINT ( 'NONE', #3035 ) ;
#189 = ADVANCED_FACE ( 'NONE', ( #7238 ), #6951, .F. ) ;
#190 = CARTESIAN_POINT ( 'NONE',  ( 1.675252549177989714, -0.1350000000000001477, 0.09999999999999990841 ) ) ;
#191 =( LENGTH_UNIT ( ) NAMED_UNIT ( * ) SI_UNIT ( .MILLI., .METRE. ) );
#192 = MECHANICAL_DESIGN_GEOMETRIC_PRESENTATION_REPRESENTATION (  '', ( #649 ), #1778 ) ;
#193 = LINE ( 'NONE', #811, #538 ) ;
#194 = ADVANCED_FACE ( 'NONE', ( #2510 ), #2788, .T. ) ;
#195 = PLANE ( 'NONE',  #3268 ) ;
#196 = VERTEX_POINT ( 'NONE', #1954 ) ;
#197 =( LENGTH_UNIT ( ) NAMED_UNIT ( * ) SI_UNIT ( .MILLI., .METRE. ) );
#198 = CARTESIAN_POINT ( 'NONE',  ( 0.2966182056540222489, 0.08722770374623713130, 0.1000000000000000056 ) ) ;
#199 = DIRECTION ( 'NONE',  ( 4.173251282424003099E-16, 0.000000000000000000, -1.000000000000000000 ) ) ;
#200 = CARTESIAN_POINT ( 'NONE',  ( -0.1680566113412387819, 0.007166604759236580753, 0.000000000000000000 ) ) ;
#201 = AXIS2_PLACEMENT_3D ( 'NONE', #2538, #199, #252 ) ;
#202 =( NAMED_UNIT ( * ) SI_UNIT ( $, .STERADIAN. ) SOLID_ANGLE_UNIT ( ) );
#203 = ADVANCED_FACE ( 'NONE', ( #6799 ), #4006, .F. ) ;
#204 = FILL_AREA_STYLE_COLOUR ( '', #411 ) ;
#205 = AXIS2_PLACEMENT_3D ( 'NONE', #2644, #1519, #3226 ) ;
#206 = LINE ( 'NONE', #217, #4510 ) ;
#207 = DIRECTION ( 'NONE',  ( -1.000000000000000000, -0.000000000000000000, -0.000000000000000000 ) ) ;
#208 = VERTEX_POINT ( 'NONE', #1981 ) ;
#209 = VERTEX_POINT ( 'NONE', #4892 ) ;
#210 = VERTEX_POINT ( 'NONE', #5420 ) ;
#211 = EDGE_CURVE ( 'NONE', #5477, #549, #1881, .T. ) ;
#212 = CARTESIAN_POINT ( 'NONE',  ( 0.2674232379112174707, 0.1452881808229027349, -1.355252715606880543E-17 ) ) ;
#213 = SURFACE_SIDE_STYLE ('',( #267 ) ) ;
#214 = EDGE_CURVE ( 'NONE', #4362, #3498, #1363, .T. ) ;
#215 = VERTEX_POINT ( 'NONE', #849 ) ;
#216 = DIRECTION ( 'NONE',  ( -1.000000000000000000, -0.000000000000000000, -0.000000000000000000 ) ) ;
#217 = CARTESIAN_POINT ( 'NONE',  ( 1.675252549177991046, 0.9500000000000000666, -0.09999999999999995004 ) ) ;
#218 = ORIENTED_EDGE ( 'NONE', *, *, #3474, .F. ) ;
#219 = EDGE_LOOP ( 'NONE', ( #4434, #2836, #5699, #5232 ) ) ;
#220 = CARTESIAN_POINT ( 'NONE',  ( 0.3377126194279920224, -0.01843435677922496130, -0.000000000000000000 ) ) ;
#221 = ADVANCED_FACE ( 'NONE', ( #1030 ), #5342, .T. ) ;
#222 = UNCERTAINTY_MEASURE_WITH_UNIT (LENGTH_MEASURE( 1.000000000000000082E-05 ), #2331, 'distance_accuracy_value', 'NONE');
#223 = CARTESIAN_POINT ( 'NONE',  ( 2.000000000000000000, 1.550000000000000266, -0.09999999999999995004 ) ) ;
#224 = ORIENTED_EDGE ( 'NONE', *, *, #5887, .T. ) ;
#225 = CARTESIAN_POINT ( 'NONE',  ( 0.1316731071710016687, 0.1585250013466016350, -1.355252715606880543E-17 ) ) ;
#226 = VERTEX_POINT ( 'NONE', #6993 ) ;
#227 = PLANE ( 'NONE',  #3042 ) ;
#228 = VERTEX_POINT ( 'NONE', #5874 ) ;
#229 = CARTESIAN_POINT ( 'NONE',  ( -0.2154067214144711473, 0.06611390382956523759, 0.000000000000000000 ) ) ;
#230 = ADVANCED_FACE ( 'NONE', ( #5331 ), #1422, .F. ) ;
#231 = MECHANICAL_DESIGN_GEOMETRIC_PRESENTATION_REPRESENTATION (  '', ( #6733 ), #5687 ) ;
#232 = CARTESIAN_POINT ( 'NONE',  ( 2.000000000000000000, -0.9350000000000001643, 0.05999999999999998390 ) ) ;
#233 = PRESENTATION_STYLE_ASSIGNMENT (( #2683 ) ) ;
#234 = VERTEX_POINT ( 'NONE', #4376 ) ;
#235 = CARTESIAN_POINT ( 'NONE',  ( 0.2194675956065946509, -0.02303843517585147868, 0.1000000000000000056 ) ) ;
#236 = PRESENTATION_LAYER_ASSIGNMENT (  '', '', ( #2974 ) ) ;
#237 = FILL_AREA_STYLE_COLOUR ( '', #4590 ) ;
#238 = VECTOR ( 'NONE', #4295, 1000.000000000000000 ) ;
#239 = CARTESIAN_POINT ( 'NONE',  ( 1.589670673659924649, -0.1350000000000001477, 0.4414444057116678755 ) ) ;
#240 = COLOUR_RGB ( '',0.7960784313725489669, 0.8235294117647058432, 0.9372549019607843146 ) ;
#241 = LINE ( 'NONE', #624, #1019 ) ;
#242 = DIRECTION ( 'NONE',  ( 0.000000000000000000, -0.000000000000000000, 1.000000000000000000 ) ) ;
#243 = VERTEX_POINT ( 'NONE', #3773 ) ;
#244 = FILL_AREA_STYLE ('',( #5262 ) ) ;
#245 =( LENGTH_UNIT ( ) NAMED_UNIT ( * ) SI_UNIT ( .MILLI., .METRE. ) );
#246 = DIRECTION ( 'NONE',  ( 1.549790303122160425E-16, -1.000000000000000000, -0.000000000000000000 ) ) ;
#247 = STYLED_ITEM ( 'NONE', ( #1492 ), #5266 ) ;
#248 = SURFACE_STYLE_USAGE ( .BOTH. , #2507 ) ;
#249 = SURFACE_STYLE_USAGE ( .BOTH. , #2455 ) ;
#250 = PRESENTATION_LAYER_ASSIGNMENT (  '', '', ( #6748 ) ) ;
#251 = DIRECTION ( 'NONE',  ( 0.000000000000000000, 0.000000000000000000, 1.000000000000000000 ) ) ;
#252 = DIRECTION ( 'NONE',  ( -1.000000000000000000, 0.000000000000000000, -4.173251282424003099E-16 ) ) ;
#253 = AXIS2_PLACEMENT_3D ( 'NONE', #5970, #316, #3152 ) ;
#254 =( NAMED_UNIT ( * ) PLANE_ANGLE_UNIT ( ) SI_UNIT ( $, .RADIAN. ) );
#255 = AXIS2_PLACEMENT_3D ( 'NONE', #4134, #2424, #4700 ) ;
#256 = EDGE_CURVE ( 'NONE', #1733, #208, #3390, .T. ) ;
#257 = ORIENTED_EDGE ( 'NONE', *, *, #5337, .T. ) ;
#258 = DIRECTION ( 'NONE',  ( 1.000000000000000000, -0.000000000000000000, 0.000000000000000000 ) ) ;
#259 = CARTESIAN_POINT ( 'NONE',  ( -0.2109868174863502033, 0.01069714394960501018, 0.000000000000000000 ) ) ;
#260 = FILL_AREA_STYLE_COLOUR ( '', #3477 ) ;
#261 = CARTESIAN_POINT ( 'NONE',  ( -0.4494668677514952471, -0.01843435677922496130, 0.000000000000000000 ) ) ;
#262 = DIRECTION ( 'NONE',  ( -1.000000000000000000, 0.000000000000000000, 0.000000000000000000 ) ) ;
#263 = UNCERTAINTY_MEASURE_WITH_UNIT (LENGTH_MEASURE( 1.000000000000000082E-05 ), #7079, 'distance_accuracy_value', 'NONE');
#264 = CARTESIAN_POINT ( 'NONE',  ( -0.3194588549309824721, 0.06618102783615967266, 0.1000000000000000056 ) ) ;
#265 = DIRECTION ( 'NONE',  ( -1.000000000000000000, 0.000000000000000000, 0.000000000000000000 ) ) ;
#266 = ADVANCED_FACE ( 'NONE', ( #5423 ), #3194, .F. ) ;
#267 = SURFACE_STYLE_FILL_AREA ( #3074 ) ;
#268 = CARTESIAN_POINT ( 'NONE',  ( -1.391402837117598379, 0.2500000000000001110, 0.4151791245819074216 ) ) ;
#269 =( LENGTH_UNIT ( ) NAMED_UNIT ( * ) SI_UNIT ( .MILLI., .METRE. ) );
#270 = LINE ( 'NONE', #2580, #6983 ) ;
#271 = EDGE_CURVE ( 'NONE', #1134, #125, #2415, .T. ) ;
#272 = PLANE ( 'NONE',  #7163 ) ;
#273 = VECTOR ( 'NONE', #6308, 1000.000000000000000 ) ;
#274 = ORIENTED_EDGE ( 'NONE', *, *, #1458, .T. ) ;
#275 = CARTESIAN_POINT ( 'NONE',  ( 1.391402837117596825, -0.6850000000000002753, -0.1000000000000000472 ) ) ;
#276 = AXIS2_PLACEMENT_3D ( 'NONE', #1369, #1878, #4197 ) ;
#277 = VECTOR ( 'NONE', #3527, 1000.000000000000000 ) ;
#278 = B_SPLINE_SURFACE_WITH_KNOTS ( 'NONE', 3, 1, ( 
 ( #2583, #2604 ),
 ( #3149, #5996 ),
 ( #6547, #4140 ),
 ( #816, #1923 ),
 ( #5870, #1412 ),
 ( #4213, #6510 ),
 ( #344, #800 ),
 ( #1590, #5489 ),
 ( #6037, #2671 ),
 ( #3349, #2193 ),
 ( #6307, #2555 ),
 ( #2110, #5449 ),
 ( #3292, #5050 ),
 ( #840, #5382 ),
 ( #7009, #2504 ) ),
 .UNSPECIFIED., .F., .F., .F.,
 ( 4, 1, 1, 1, 1, 1, 1, 1, 1, 1, 1, 1, 4 ),
 ( 2, 2 ),
 ( 0.000000000000000000, 0.06316325936347014225, 0.1254749410306405799, 0.1871212198160327467, 0.2482943461142985420, 0.3092948562551207092, 0.3698500660670926976, 0.4309733755473816874, 0.4924559896728166741, 0.6161479662918547540, 0.7408436984673625325, 0.8681826486700426893, 1.000000000000000000 ),
 ( 0.000000000000000000, 1.000000000000000000 ),
 .UNSPECIFIED. ) ;
#279 = CARTESIAN_POINT ( 'NONE',  ( -1.675252549177989936, 1.550000000000000044, 0.05999999999999992839 ) ) ;
#280 = PLANE ( 'NONE',  #2212 ) ;
#281 = CARTESIAN_POINT ( 'NONE',  ( -0.03408225236687983939, 0.1610528227079545405, 0.1000000000000000056 ) ) ;
#282 = AXIS2_PLACEMENT_3D ( 'NONE', #2924, #4101, #4718 ) ;
#283 = ORIENTED_EDGE ( 'NONE', *, *, #2405, .F. ) ;
#284 = DIRECTION ( 'NONE',  ( 0.000000000000000000, -1.000000000000000000, 0.000000000000000000 ) ) ;
#285 =( NAMED_UNIT ( * ) PLANE_ANGLE_UNIT ( ) SI_UNIT ( $, .RADIAN. ) );
#286 = PRESENTATION_STYLE_ASSIGNMENT (( #4886 ) ) ;
#287 = ORIENTED_EDGE ( 'NONE', *, *, #1867, .T. ) ;
#288 = DIRECTION ( 'NONE',  ( -0.000000000000000000, -1.000000000000000000, -0.000000000000000000 ) ) ;
#289 = EDGE_CURVE ( 'NONE', #5636, #3443, #6363, .T. ) ;
#290 = EDGE_LOOP ( 'NONE', ( #380, #4491, #1431, #170 ) ) ;
#291 = SURFACE_SIDE_STYLE ('',( #5118 ) ) ;
#292 = CARTESIAN_POINT ( 'NONE',  ( 1.391402837117598379, -0.1350000000000001477, 0.4551791245819072351 ) ) ;
#293 = VERTEX_POINT ( 'NONE', #1022 ) ;
#294 = DIRECTION ( 'NONE',  ( -0.000000000000000000, -1.000000000000000000, -0.000000000000000000 ) ) ;
#295 = CARTESIAN_POINT ( 'NONE',  ( -0.1738258421104695306, 0.1743541047592366000, 0.000000000000000000 ) ) ;
#296 = CIRCLE ( 'NONE', #1647, 0.1738894337313157124 ) ;
#297 = ORIENTED_EDGE ( 'NONE', *, *, #5368, .F. ) ;
#298 = ADVANCED_FACE ( 'NONE', ( #6712 ), #5091, .T. ) ;
#299 = CARTESIAN_POINT ( 'NONE',  ( -1.589670673659924871, 0.6500000000000001332, 0.4414444057116680975 ) ) ;
#300 = VERTEX_POINT ( 'NONE', #1575 ) ;
#301 = B_SPLINE_SURFACE_WITH_KNOTS ( 'NONE', 3, 1, ( 
 ( #7036, #7061 ),
 ( #967, #3694 ),
 ( #5336, #356 ),
 ( #2526, #1012 ),
 ( #2096, #3282 ),
 ( #4342, #3312 ),
 ( #3820, #7190 ),
 ( #6105, #1620 ),
 ( #4948, #3840 ),
 ( #7114, #467 ),
 ( #5533, #6657 ),
 ( #1568, #5511 ),
 ( #3870, #4925 ),
 ( #2076, #6036 ),
 ( #2669, #6583 ),
 ( #2125, #1087 ),
 ( #3765, #7168 ),
 ( #2741, #6015 ),
 ( #2645, #6056 ),
 ( #495, #3792 ),
 ( #5488, #7219 ),
 ( #7142, #4420 ),
 ( #3227, #2153 ),
 ( #449, #6561 ),
 ( #2695, #520 ),
 ( #4366, #4451 ),
 ( #1063, #6608 ) ),
 .UNSPECIFIED., .F., .F., .F.,
 ( 4, 1, 1, 1, 1, 1, 1, 1, 1, 1, 1, 1, 1, 1, 1, 1, 1, 1, 1, 1, 1, 1, 1, 1, 4 ),
 ( 2, 2 ),
 ( 0.000000000000000000, 0.04608068338724800178, 0.09080679960761624259, 0.1342952705290696991, 0.1770243856662441773, 0.2188227336826556457, 0.2602441163273735980, 0.3010798671134451432, 0.3416138942851569826, 0.3815834185517459898, 0.4201195913296165152, 0.4580746185423134609, 0.4947384876076563742, 0.5311946228937135528, 0.5669336984503784427, 0.6027126507379957365, 0.6383266061284351700, 0.6748532488548240060, 0.7134673707840597512, 0.7544418038483806654, 0.7978153607124988111, 0.8439894562081102780, 0.8930715698796480861, 0.9449633461781439259, 1.000000000000000000 ),
 ( 0.000000000000000000, 1.000000000000000000 ),
 .UNSPECIFIED. ) ;
#302 = STYLED_ITEM ( 'NONE', ( #4183 ), #1107 ) ;
#303 = CARTESIAN_POINT ( 'NONE',  ( -0.1319588549309823888, -0.01843435677922496130, 2.710505431213761085E-17 ) ) ;
#304 = DIRECTION ( 'NONE',  ( -0.000000000000000000, -1.000000000000000000, -0.000000000000000000 ) ) ;
#305 = ORIENTED_EDGE ( 'NONE', *, *, #6996, .F. ) ;
#306 = ORIENTED_EDGE ( 'NONE', *, *, #3631, .T. ) ;
#307 = ORIENTED_EDGE ( 'NONE', *, *, #5524, .F. ) ;
#308 = EDGE_CURVE ( 'NONE', #2564, #6182, #1360, .T. ) ;
#309 = CARTESIAN_POINT ( 'NONE',  ( 0.2194675956065946509, -0.02303843517585147868, -0.000000000000000000 ) ) ;
#310 = DIRECTION ( 'NONE',  ( 0.000000000000000000, 0.000000000000000000, 1.000000000000000000 ) ) ;
#311 = CARTESIAN_POINT ( 'NONE',  ( 0.1378880139459572607, 0.02762811105656021865, -0.000000000000000000 ) ) ;
#312 = CARTESIAN_POINT ( 'NONE',  ( -1.300000000000000266, 0.6500000000000001332, 0.6151791245819073772 ) ) ;
#313 = PRESENTATION_LAYER_ASSIGNMENT (  '', '', ( #2174 ) ) ;
#314 = CARTESIAN_POINT ( 'NONE',  ( 0.2502585858384349660, 0.006282125884823504779, 0.000000000000000000 ) ) ;
#315 = ORIENTED_EDGE ( 'NONE', *, *, #6479, .T. ) ;
#316 = DIRECTION ( 'NONE',  ( 0.000000000000000000, -1.000000000000000000, 0.000000000000000000 ) ) ;
#317 = CARTESIAN_POINT ( 'NONE',  ( -0.1786830733678304028, 0.01139766719802832312, 0.1000000000000000056 ) ) ;
#318 = CARTESIAN_POINT ( 'NONE',  ( 2.000000000000000000, 1.550000000000000266, -0.09999999999999995004 ) ) ;
#319 = ORIENTED_EDGE ( 'NONE', *, *, #1884, .F. ) ;
#320 = FACE_OUTER_BOUND ( 'NONE', #5296, .T. ) ;
#321 = AXIS2_PLACEMENT_3D ( 'NONE', #1232, #2339, #2889 ) ;
#322 = CARTESIAN_POINT ( 'NONE',  ( 0.1511660349842321727, 0.1728548964183608261, 0.1000000000000000056 ) ) ;
#323 = CARTESIAN_POINT ( 'NONE',  ( -0.2147260572232526088, 0.01548429948167788679, 0.000000000000000000 ) ) ;
#324 = VECTOR ( 'NONE', #5054, 1000.000000000000000 ) ;
#325 = VECTOR ( 'NONE', #3784, 1000.000000000000000 ) ;
#326 = CARTESIAN_POINT ( 'NONE',  ( 0.2315112645590717000, -0.02139901414876799191, -0.000000000000000000 ) ) ;
#327 = FILL_AREA_STYLE_COLOUR ( '', #5972 ) ;
#328 = DIRECTION ( 'NONE',  ( -0.000000000000000000, -1.000000000000000000, -0.000000000000000000 ) ) ;
#329 =( NAMED_UNIT ( * ) SI_UNIT ( $, .STERADIAN. ) SOLID_ANGLE_UNIT ( ) );
#330 = ADVANCED_FACE ( 'NONE', ( #6198 ), #6851, .T. ) ;
#331 = CARTESIAN_POINT ( 'NONE',  ( 0.2964733079277591110, 0.07260538529240301298, 0.000000000000000000 ) ) ;
#332 = FACE_OUTER_BOUND ( 'NONE', #1786, .T. ) ;
#333 = CARTESIAN_POINT ( 'NONE',  ( 0.1933852950483345157, -0.02292943110077198463, 0.000000000000000000 ) ) ;
#334 = VECTOR ( 'NONE', #5308, 1000.000000000000000 ) ;
#335 = PRESENTATION_LAYER_ASSIGNMENT (  '', '', ( #1818 ) ) ;
#336 = CARTESIAN_POINT ( 'NONE',  ( 0.1864613003130655144, -0.001154201313848487878, 0.1000000000000000056 ) ) ;
#337 = CIRCLE ( 'NONE', #1985, 0.2000000000000000944 ) ;
#338 = CARTESIAN_POINT ( 'NONE',  ( -0.1999973363988268860, 0.02862601631947683800, 0.1000000000000000056 ) ) ;
#339 = SURFACE_STYLE_USAGE ( .BOTH. , #7047 ) ;
#340 = LINE ( 'NONE', #4975, #1468 ) ;
#341 = PLANE ( 'NONE',  #981 ) ;
#342 = PRODUCT_RELATED_PRODUCT_CATEGORY ( 'part', '', ( #4386 ) ) ;
#343 = EDGE_CURVE ( 'NONE', #1582, #374, #7138, .T. ) ;
#344 = CARTESIAN_POINT ( 'NONE',  ( 0.1541085966160668230, 0.1502583423208675717, 0.1000000000000000056 ) ) ;
#345 = B_SPLINE_CURVE_WITH_KNOTS ( 'NONE', 3,
 ( #6990, #5965, #331, #3127, #3649, #7039, #3174, #3675, #1521, #2601, #6514, #3751, #314, #4911, #404, #3147, #5467, #2079, #892 ),
 .UNSPECIFIED., .F., .F.,
 ( 4, 1, 1, 1, 1, 1, 1, 1, 1, 1, 1, 1, 1, 1, 1, 1, 4 ),
 ( 0.000000000000000000, 0.06432321657984212127, 0.1262901037035559781, 0.1867264692161329231, 0.2461464323353447503, 0.3055756426461387343, 0.3654293856180519384, 0.4263263089482600132, 0.4888399064006415107, 0.5517249718140474490, 0.6139185964661594275, 0.6754837657683966379, 0.7373338970992860952, 0.8002290443945266896, 0.8645022981233231318, 0.9310407391556975165, 1.000000000000000000 ),
 .UNSPECIFIED. ) ;
#346 = PRESENTATION_STYLE_ASSIGNMENT (( #809 ) ) ;
#347 = EDGE_CURVE ( 'NONE', #228, #6126, #3814, .T. ) ;
#348 = DIRECTION ( 'NONE',  ( -0.1313264056488086806, -0.000000000000000000, -0.9913391827116310173 ) ) ;
#349 = UNCERTAINTY_MEASURE_WITH_UNIT (LENGTH_MEASURE( 1.000000000000000082E-05 ), #1453, 'distance_accuracy_value', 'NONE');
#350 = EDGE_CURVE ( 'NONE', #4445, #1853, #3637, .T. ) ;
#351 = CARTESIAN_POINT ( 'NONE',  ( 0.2939015970083577178, 0.1040486885114065979, -1.355252715606880543E-17 ) ) ;
#352 = ORIENTED_EDGE ( 'NONE', *, *, #959, .F. ) ;
#353 = CARTESIAN_POINT ( 'NONE',  ( -0.1108851369822644178, 0.002078463733595553239, 0.1000000000000000056 ) ) ;
#354 = VECTOR ( 'NONE', #5034, 1000.000000000000000 ) ;
#355 = CARTESIAN_POINT ( 'NONE',  ( -1.300000000000000266, -1.949999999999999956, 0.6151791245819073772 ) ) ;
#356 = CARTESIAN_POINT ( 'NONE',  ( -0.2339754858759921230, 0.07169806033437949033, 5.421010862427522170E-17 ) ) ;
#357 = DIRECTION ( 'NONE',  ( -0.000000000000000000, -0.000000000000000000, -1.000000000000000000 ) ) ;
#358 =( NAMED_UNIT ( * ) PLANE_ANGLE_UNIT ( ) SI_UNIT ( $, .RADIAN. ) );
#359 = PRESENTATION_STYLE_ASSIGNMENT (( #2699 ) ) ;
#360 = CARTESIAN_POINT ( 'NONE',  ( 0.2045116548394640132, -0.02353684997240393720, 0.000000000000000000 ) ) ;
#361 = VERTEX_POINT ( 'NONE', #2211 ) ;
#362 =( NAMED_UNIT ( * ) PLANE_ANGLE_UNIT ( ) SI_UNIT ( $, .RADIAN. ) );
#363 = DIRECTION ( 'NONE',  ( 0.000000000000000000, 0.000000000000000000, -1.000000000000000000 ) ) ;
#364 = CARTESIAN_POINT ( 'NONE',  ( 0.3377126194279920224, 0.002078463733595553239, 0.000000000000000000 ) ) ;
#365 = AXIS2_PLACEMENT_3D ( 'NONE', #5971, #5063, #3914 ) ;
#366 = PLANE ( 'NONE',  #830 ) ;
#367 =( GEOMETRIC_REPRESENTATION_CONTEXT ( 3 ) GLOBAL_UNCERTAINTY_ASSIGNED_CONTEXT ( ( #4025 ) ) GLOBAL_UNIT_ASSIGNED_CONTEXT ( ( #6966, #1876, #3619 ) ) REPRESENTATION_CONTEXT ( 'NONE', 'WORKASPACE' ) );
#368 = ORIENTED_EDGE ( 'NONE', *, *, #2154, .T. ) ;
#369 = ADVANCED_FACE ( 'NONE', ( #1964 ), #5324, .T. ) ;
#370 = VECTOR ( 'NONE', #265, 1000.000000000000000 ) ;
#371 = DIRECTION ( 'NONE',  ( 0.000000000000000000, -1.000000000000000000, 0.000000000000000000 ) ) ;
#372 = EDGE_LOOP ( 'NONE', ( #7201, #5649, #3614, #5571, #5142, #5812, #2332, #6425, #6051, #3167 ) ) ;
#373 = MECHANICAL_DESIGN_GEOMETRIC_PRESENTATION_REPRESENTATION (  '', ( #2091 ), #3118 ) ;
#374 = VERTEX_POINT ( 'NONE', #1810 ) ;
#375 = ORIENTED_EDGE ( 'NONE', *, *, #4971, .T. ) ;
#376 = CARTESIAN_POINT ( 'NONE',  ( 0.2960188644429189719, 0.09297819972322263204, -1.355252715606880543E-17 ) ) ;
#377 = CARTESIAN_POINT ( 'NONE',  ( 1.635598981869524238, -0.1350000000000001477, 0.09474694377404781209 ) ) ;
#378 = FILL_AREA_STYLE ('',( #448 ) ) ;
#379 =( GEOMETRIC_REPRESENTATION_CONTEXT ( 3 ) GLOBAL_UNCERTAINTY_ASSIGNED_CONTEXT ( ( #4910 ) ) GLOBAL_UNIT_ASSIGNED_CONTEXT ( ( #1180, #5165, #4011 ) ) REPRESENTATION_CONTEXT ( 'NONE', 'WORKASPACE' ) );
#380 = ORIENTED_EDGE ( 'NONE', *, *, #4277, .F. ) ;
#381 = CARTESIAN_POINT ( 'NONE',  ( 0.3071027580625657616, 0.1232386721856291445, -1.355252715606880543E-17 ) ) ;
#382 = CARTESIAN_POINT ( 'NONE',  ( -1.635598981869524238, -1.150000000000000133, 0.09474694377404786760 ) ) ;
#383 = EDGE_LOOP ( 'NONE', ( #315, #111, #6650, #3094 ) ) ;
#384 = SURFACE_STYLE_USAGE ( .BOTH. , #3148 ) ;
#385 = ORIENTED_EDGE ( 'NONE', *, *, #5026, .F. ) ;
#386 = EDGE_CURVE ( 'NONE', #4224, #4188, #3463, .T. ) ;
#387 = DIRECTION ( 'NONE',  ( 1.000000000000000000, 0.000000000000000000, 0.000000000000000000 ) ) ;
#388 = EDGE_CURVE ( 'NONE', #122, #3610, #3732, .T. ) ;
#389 = FILL_AREA_STYLE ('',( #2033 ) ) ;
#390 = ORIENTED_EDGE ( 'NONE', *, *, #1704, .F. ) ;
#391 = ORIENTED_EDGE ( 'NONE', *, *, #4493, .F. ) ;
#392 = ORIENTED_EDGE ( 'NONE', *, *, #4627, .F. ) ;
#393 = DIRECTION ( 'NONE',  ( -0.000000000000000000, -1.000000000000000000, -0.000000000000000000 ) ) ;
#394 = ORIENTED_EDGE ( 'NONE', *, *, #2321, .T. ) ;
#395 = B_SPLINE_CURVE_WITH_KNOTS ( 'NONE', 3,
 ( #1243, #3468, #3564, #754, #4125, #1890, #137, #4618, #5885, #5861, #322, #4764, #1400, #6463, #2540, #6980, #2589, #4740, #2518 ),
 .UNSPECIFIED., .F., .F.,
 ( 4, 1, 1, 1, 1, 1, 1, 1, 1, 1, 1, 1, 1, 1, 1, 1, 4 ),
 ( 0.000000000000000000, 0.06854753670890291473, 0.1356829456230481956, 0.2012149895263285748, 0.2656822347546964336, 0.3292668348172592130, 0.3923954278443285149, 0.4550697616521436339, 0.5171268500645062050, 0.5787900352866527376, 0.6397398633435417148, 0.7001915036663086678, 0.7598062425966702893, 0.8196283192750081215, 0.8793547910462764516, 0.9395116077646616937, 1.000000000000000000 ),
 .UNSPECIFIED. ) ;
#396 = ORIENTED_EDGE ( 'NONE', *, *, #2262, .T. ) ;
#397 = CARTESIAN_POINT ( 'NONE',  ( 2.000000000000000000, -0.1350000000000001477, -0.09999999999999995004 ) ) ;
#398 = SURFACE_SIDE_STYLE ('',( #2780 ) ) ;
#399 = CIRCLE ( 'NONE', #514, 0.04000000000000004940 ) ;
#400 = ORIENTED_EDGE ( 'NONE', *, *, #7148, .T. ) ;
#401 = CARTESIAN_POINT ( 'NONE',  ( -0.4494668677514952471, -0.01843435677922496130, 0.000000000000000000 ) ) ;
#402 = SURFACE_STYLE_USAGE ( .BOTH. , #5487 ) ;
#403 = ADVANCED_FACE ( 'NONE', ( #6277 ), #1653, .T. ) ;
#404 = CARTESIAN_POINT ( 'NONE',  ( 0.2341212861752799412, 0.0002002587892882471527, 0.000000000000000000 ) ) ;
#405 = DIRECTION ( 'NONE',  ( 0.000000000000000000, 0.000000000000000000, -1.000000000000000000 ) ) ;
#406 = EDGE_CURVE ( 'NONE', #4880, #3699, #4807, .T. ) ;
#407 = CIRCLE ( 'NONE', #321, 0.2000000000000000944 ) ;
#408 = DIRECTION ( 'NONE',  ( -1.000000000000000000, 0.000000000000000000, -0.000000000000000000 ) ) ;
#409 = LINE ( 'NONE', #6858, #2770 ) ;
#410 = CARTESIAN_POINT ( 'NONE',  ( -0.08792840621303361914, 0.1610528227079545405, 0.1000000000000000056 ) ) ;
#411 = COLOUR_RGB ( '',0.1960784313725490169, 0.1960784313725490169, 0.1960784313725490169 ) ;
#412 = DIRECTION ( 'NONE',  ( 0.1313264056488092912, 2.035283900184119160E-17, -0.9913391827116309063 ) ) ;
#413 = LINE ( 'NONE', #3968, #6201 ) ;
#414 = DIRECTION ( 'NONE',  ( -0.000000000000000000, -0.000000000000000000, -1.000000000000000000 ) ) ;
#415 = LINE ( 'NONE', #1958, #2151 ) ;
#416 = STYLED_ITEM ( 'NONE', ( #286 ), #4793 ) ;
#417 = FACE_OUTER_BOUND ( 'NONE', #1188, .T. ) ;
#418 = CARTESIAN_POINT ( 'NONE',  ( 0.3146356963510689164, 0.08272750219513402836, 0.1000000000000000056 ) ) ;
#419 = LINE ( 'NONE', #3379, #3563 ) ;
#420 =( NAMED_UNIT ( * ) SI_UNIT ( $, .STERADIAN. ) SOLID_ANGLE_UNIT ( ) );
#421 = AXIS2_PLACEMENT_3D ( 'NONE', #2662, #4360, #1009 ) ;
#422 = ORIENTED_EDGE ( 'NONE', *, *, #3093, .F. ) ;
#423 = LINE ( 'NONE', #5625, #6634 ) ;
#424 = DIRECTION ( 'NONE',  ( 0.000000000000000000, 0.000000000000000000, 1.000000000000000000 ) ) ;
#425 = CARTESIAN_POINT ( 'NONE',  ( -1.635598981869524238, 0.6500000000000001332, 0.09474694377404786760 ) ) ;
#426 = PLANE ( 'NONE',  #3336 ) ;
#427 = CARTESIAN_POINT ( 'NONE',  ( 0.3146356963510689164, 0.08272750219513402836, 0.1000000000000000056 ) ) ;
#428 = CARTESIAN_POINT ( 'NONE',  ( -0.2142639623692610684, 0.09924275517396943802, 0.1000000000000000056 ) ) ;
#429 = LINE ( 'NONE', #3900, #3218 ) ;
#430 = CARTESIAN_POINT ( 'NONE',  ( 0.1462684451061230517, -0.006634779181595874993, 0.1000000000000000056 ) ) ;
#431 =( GEOMETRIC_REPRESENTATION_CONTEXT ( 3 ) GLOBAL_UNCERTAINTY_ASSIGNED_CONTEXT ( ( #3024 ) ) GLOBAL_UNIT_ASSIGNED_CONTEXT ( ( #804, #5863, #1295 ) ) REPRESENTATION_CONTEXT ( 'NONE', 'WORKASPACE' ) );
#432 = DIRECTION ( 'NONE',  ( 0.000000000000000000, 0.000000000000000000, -1.000000000000000000 ) ) ;
#433 = CARTESIAN_POINT ( 'NONE',  ( 1.391402837117598379, 1.550000000000000266, 0.4551791245819072351 ) ) ;
#434 = CARTESIAN_POINT ( 'NONE',  ( -0.1206629752787755500, 0.1814914939107786507, 0.000000000000000000 ) ) ;
#435 = DIRECTION ( 'NONE',  ( 0.000000000000000000, 0.000000000000000000, -1.000000000000000000 ) ) ;
#436 = ADVANCED_FACE ( 'NONE', ( #2334 ), #5759, .F. ) ;
#437 = UNCERTAINTY_MEASURE_WITH_UNIT (LENGTH_MEASURE( 1.000000000000000082E-05 ), #4575, 'distance_accuracy_value', 'NONE');
#438 = B_SPLINE_CURVE_WITH_KNOTS ( 'NONE', 3,
 ( #1101, #559, #1210, #2245, #4514, #6174, #3915, #5111, #6785, #40, #3433, #6739, #5706, #1192, #4485, #1725, #6718, #1752, #2803 ),
 .UNSPECIFIED., .F., .F.,
 ( 4, 1, 1, 1, 1, 1, 1, 1, 1, 1, 1, 1, 1, 1, 1, 1, 4 ),
 ( 0.000000000000000000, 0.06154496601632404584, 0.1216942964020306106, 0.1811548554526335730, 0.2398753889119565608, 0.2987019424504289145, 0.3576474237092014397, 0.4176048428493668307, 0.4784940407282909924, 0.5404070506371329019, 0.6023449938728032693, 0.6650043279232339399, 0.7285593088233761616, 0.7936505420268855637, 0.8605342675902675209, 0.9292359605619637808, 1.000000000000000000 ),
 .UNSPECIFIED. ) ;
#439 = SURFACE_STYLE_FILL_AREA ( #7151 ) ;
#440 = EDGE_CURVE ( 'NONE', #4437, #4601, #3294, .T. ) ;
#441 = EDGE_LOOP ( 'NONE', ( #2737, #4530, #2976, #819, #2748, #4557, #5681, #6254, #6213, #488, #1004, #2666 ) ) ;
#442 = CARTESIAN_POINT ( 'NONE',  ( 0.3131649598908798349, 0.06267139505325927673, 0.000000000000000000 ) ) ;
#443 = CARTESIAN_POINT ( 'NONE',  ( 0.2728465488453933885, -0.003941050346287836709, 4.065758146820641628E-17 ) ) ;
#444 = EDGE_CURVE ( 'NONE', #2184, #551, #1350, .T. ) ;
#445 = SURFACE_STYLE_FILL_AREA ( #378 ) ;
#446 = VECTOR ( 'NONE', #5397, 1000.000000000000000 ) ;
#447 =( LENGTH_UNIT ( ) NAMED_UNIT ( * ) SI_UNIT ( .MILLI., .METRE. ) );
#448 = FILL_AREA_STYLE_COLOUR ( '', #4841 ) ;
#449 = CARTESIAN_POINT ( 'NONE',  ( -0.1490004730681709078, -0.01781608121700889447, 0.1000000000000000056 ) ) ;
#450 = CARTESIAN_POINT ( 'NONE',  ( 0.2290912338580530783, 0.1849849533657699774, 0.1000000000000000056 ) ) ;
#451 = CARTESIAN_POINT ( 'NONE',  ( -0.1946140974865453177, 0.1371006590074069220, 0.1000000000000000056 ) ) ;
#452 = DIRECTION ( 'NONE',  ( -0.9913391827116309063, 0.000000000000000000, -0.1313264056488092912 ) ) ;
#453 = LINE ( 'NONE', #3613, #2972 ) ;
#454 = ORIENTED_EDGE ( 'NONE', *, *, #1598, .T. ) ;
#455 = FILL_AREA_STYLE ('',( #6117 ) ) ;
#456 =( GEOMETRIC_REPRESENTATION_CONTEXT ( 3 ) GLOBAL_UNCERTAINTY_ASSIGNED_CONTEXT ( ( #349 ) ) GLOBAL_UNIT_ASSIGNED_CONTEXT ( ( #1453, #4837, #5395 ) ) REPRESENTATION_CONTEXT ( 'NONE', 'WORKASPACE' ) );
#457 = LINE ( 'NONE', #4247, #5725 ) ;
#458 =( NAMED_UNIT ( * ) SI_UNIT ( $, .STERADIAN. ) SOLID_ANGLE_UNIT ( ) );
#459 = LINE ( 'NONE', #2743, #4765 ) ;
#460 = ORIENTED_EDGE ( 'NONE', *, *, #6944, .F. ) ;
#461 = ORIENTED_EDGE ( 'NONE', *, *, #1642, .F. ) ;
#462 = ORIENTED_EDGE ( 'NONE', *, *, #2866, .F. ) ;
#463 = LINE ( 'NONE', #5108, #1776 ) ;
#464 = ORIENTED_EDGE ( 'NONE', *, *, #3811, .T. ) ;
#465 = ORIENTED_EDGE ( 'NONE', *, *, #6812, .T. ) ;
#466 = CARTESIAN_POINT ( 'NONE',  ( 0.2966148744581278973, 0.07840924728379930486, 1.355252715606880543E-17 ) ) ;
#467 = CARTESIAN_POINT ( 'NONE',  ( -0.2214953788350352004, 0.02615052236484502815, 5.421010862427522170E-17 ) ) ;
#468 = CARTESIAN_POINT ( 'NONE',  ( -1.675252549177989714, -1.550000000000000266, 0.09999999999999996392 ) ) ;
#469 = ADVANCED_FACE ( 'NONE', ( #4343 ), #5816, .T. ) ;
#470 = CARTESIAN_POINT ( 'NONE',  ( -0.2127334660241901876, 0.1054700806250325335, 8.131516293641283255E-17 ) ) ;
#471 = EDGE_LOOP ( 'NONE', ( #4209, #5309, #2559, #4143 ) ) ;
#472 = DIRECTION ( 'NONE',  ( -0.000000000000000000, -0.000000000000000000, -1.000000000000000000 ) ) ;
#473 = LINE ( 'NONE', #3528, #1609 ) ;
#474 = ORIENTED_EDGE ( 'NONE', *, *, #3656, .F. ) ;
#475 = AXIS2_PLACEMENT_3D ( 'NONE', #5637, #532, #85 ) ;
#476 =( LENGTH_UNIT ( ) NAMED_UNIT ( * ) SI_UNIT ( .MILLI., .METRE. ) );
#477 = ORIENTED_EDGE ( 'NONE', *, *, #6660, .T. ) ;
#478 =( GEOMETRIC_REPRESENTATION_CONTEXT ( 3 ) GLOBAL_UNCERTAINTY_ASSIGNED_CONTEXT ( ( #7125 ) ) GLOBAL_UNIT_ASSIGNED_CONTEXT ( ( #4747, #4804, #3123 ) ) REPRESENTATION_CONTEXT ( 'NONE', 'WORKASPACE' ) );
#479 = EDGE_CURVE ( 'NONE', #1604, #719, #5078, .T. ) ;
#480 = UNCERTAINTY_MEASURE_WITH_UNIT (LENGTH_MEASURE( 1.000000000000000082E-05 ), #923, 'distance_accuracy_value', 'NONE');
#481 = CARTESIAN_POINT ( 'NONE',  ( -0.2793146241617516234, -0.01843435677922496130, 0.000000000000000000 ) ) ;
#482 = VECTOR ( 'NONE', #6302, 1000.000000000000000 ) ;
#483 = CARTESIAN_POINT ( 'NONE',  ( -1.300000000000000044, -1.949999999999999956, 0.4551791245819074017 ) ) ;
#484 = ORIENTED_EDGE ( 'NONE', *, *, #2497, .F. ) ;
#485 = EDGE_CURVE ( 'NONE', #7095, #4949, #6190, .T. ) ;
#486 = LINE ( 'NONE', #5877, #2142 ) ;
#487 = VECTOR ( 'NONE', #1129, 1000.000000000000000 ) ;
#488 = ORIENTED_EDGE ( 'NONE', *, *, #3856, .F. ) ;
#489 = CARTESIAN_POINT ( 'NONE',  ( -0.2331629696222482229, 0.09576541969399077203, 0.000000000000000000 ) ) ;
#490 = VECTOR ( 'NONE', #5242, 1000.000000000000000 ) ;
#491 = CARTESIAN_POINT ( 'NONE',  ( 0.1869069822430086958, -0.02211687825250028411, 0.1000000000000000056 ) ) ;
#492 = SURFACE_SIDE_STYLE ('',( #3486 ) ) ;
#493 = PLANE ( 'NONE',  #3849 ) ;
#494 = UNCERTAINTY_MEASURE_WITH_UNIT (LENGTH_MEASURE( 1.000000000000000082E-05 ), #2095, 'distance_accuracy_value', 'NONE');
#495 = CARTESIAN_POINT ( 'NONE',  ( -0.1773780489806030813, -0.01246629800273908913, 0.1000000000000000056 ) ) ;
#496 = DIRECTION ( 'NONE',  ( -1.000000000000000000, 0.000000000000000000, -0.000000000000000000 ) ) ;
#497 = DIRECTION ( 'NONE',  ( 1.000000000000000000, -0.000000000000000000, -0.000000000000000000 ) ) ;
#498 = VECTOR ( 'NONE', #3284, 1000.000000000000000 ) ;
#499 = EDGE_CURVE ( 'NONE', #4601, #1433, #3543, .T. ) ;
#500 = MECHANICAL_DESIGN_GEOMETRIC_PRESENTATION_REPRESENTATION (  '', ( #1626 ), #4055 ) ;
#501 = DIRECTION ( 'NONE',  ( -1.000000000000000000, 0.000000000000000000, 0.000000000000000000 ) ) ;
#502 = CARTESIAN_POINT ( 'NONE',  ( -0.1582801567814543509, 0.004828350187376672688, 0.1000000000000000056 ) ) ;
#503 = PRESENTATION_LAYER_ASSIGNMENT (  '', '', ( #1721 ) ) ;
#504 = LINE ( 'NONE', #2460, #1638 ) ;
#505 = SURFACE_SIDE_STYLE ('',( #439 ) ) ;
#506 = PLANE ( 'NONE',  #666 ) ;
#507 = EDGE_LOOP ( 'NONE', ( #6180, #7208, #4539, #5810 ) ) ;
#508 = DIRECTION ( 'NONE',  ( -0.000000000000000000, -0.000000000000000000, 1.000000000000000000 ) ) ;
#509 = CARTESIAN_POINT ( 'NONE',  ( 0.2001769471929618627, 0.1866117636527248602, 0.000000000000000000 ) ) ;
#510 = PRESENTATION_STYLE_ASSIGNMENT (( #5259 ) ) ;
#511 = CARTESIAN_POINT ( 'NONE',  ( -0.2083491505612418415, 0.1171562441891191159, 0.000000000000000000 ) ) ;
#512 = ORIENTED_EDGE ( 'NONE', *, *, #5151, .F. ) ;
#513 = DIRECTION ( 'NONE',  ( 1.000000000000000000, 0.000000000000000000, 2.372359998170735057E-15 ) ) ;
#514 = AXIS2_PLACEMENT_3D ( 'NONE', #5024, #5088, #6167 ) ;
#515 = LINE ( 'NONE', #6224, #2876 ) ;
#516 = CARTESIAN_POINT ( 'NONE',  ( 1.431056404426063855, -1.485000000000000320, 0.4204321808078592682 ) ) ;
#517 = EDGE_CURVE ( 'NONE', #566, #6825, #5931, .T. ) ;
#518 = SURFACE_STYLE_FILL_AREA ( #4109 ) ;
#519 = DIRECTION ( 'NONE',  ( -1.000000000000000000, -0.000000000000000000, -0.000000000000000000 ) ) ;
#520 = CARTESIAN_POINT ( 'NONE',  ( -0.1406471422287778605, -0.01836196308519843709, 5.421010862427522170E-17 ) ) ;
#521 = PLANE ( 'NONE',  #4567 ) ;
#522 = STYLED_ITEM ( 'NONE', ( #5904 ), #6596 ) ;
#523 = EDGE_CURVE ( 'NONE', #1083, #3987, #3991, .T. ) ;
#524 = CARTESIAN_POINT ( 'NONE',  ( -0.1654766091982566578, 0.1547794432365036665, 0.1000000000000000056 ) ) ;
#525 = CARTESIAN_POINT ( 'NONE',  ( 0.1505138912454053457, 0.01560688471268567232, 0.1000000000000000056 ) ) ;
#526 = LINE ( 'NONE', #6043, #179 ) ;
#527 = ORIENTED_EDGE ( 'NONE', *, *, #5187, .F. ) ;
#528 = CARTESIAN_POINT ( 'NONE',  ( -0.1666061393681308178, 0.006745402197129202887, 0.1000000000000000056 ) ) ;
#529 = CARTESIAN_POINT ( 'NONE',  ( -0.3194588549309824721, 0.06618102783615967266, 0.1000000000000000056 ) ) ;
#530 = CARTESIAN_POINT ( 'NONE',  ( 0.06078954250491507005, 0.07900154065667248926, 0.000000000000000000 ) ) ;
#531 = VECTOR ( 'NONE', #6656, 1000.000000000000114 ) ;
#532 = DIRECTION ( 'NONE',  ( 0.000000000000000000, -1.000000000000000000, 0.000000000000000000 ) ) ;
#533 = CARTESIAN_POINT ( 'NONE',  ( -0.1478532077930365951, 0.1798354148751302173, 0.000000000000000000 ) ) ;
#534 = SURFACE_STYLE_FILL_AREA ( #6529 ) ;
#535 =( NAMED_UNIT ( * ) SI_UNIT ( $, .STERADIAN. ) SOLID_ANGLE_UNIT ( ) );
#536 = EDGE_LOOP ( 'NONE', ( #5136, #5905, #390, #307 ) ) ;
#537 = EDGE_LOOP ( 'NONE', ( #3518, #2191, #1779, #977 ) ) ;
#538 = VECTOR ( 'NONE', #1974, 1000.000000000000000 ) ;
#539 = CARTESIAN_POINT ( 'NONE',  ( 1.635598981869524238, 1.550000000000000266, 0.09474694377404781209 ) ) ;
#540 = EDGE_CURVE ( 'NONE', #6932, #6071, #6534, .T. ) ;
#541 = CARTESIAN_POINT ( 'NONE',  ( 1.300000000000000044, -1.485000000000000320, 0.4551791245819071796 ) ) ;
#542 = FILL_AREA_STYLE_COLOUR ( '', #1444 ) ;
#543 = COLOUR_RGB ( '',0.7960784313725489669, 0.8235294117647058432, 0.9372549019607843146 ) ;
#544 = CARTESIAN_POINT ( 'NONE',  ( 0.1744282813722093095, -0.01934413421836657723, -0.000000000000000000 ) ) ;
#545 = DIRECTION ( 'NONE',  ( -0.000000000000000000, -1.000000000000000000, -0.000000000000000000 ) ) ;
#546 = VECTOR ( 'NONE', #4822, 1000.000000000000000 ) ;
#547 = SURFACE_STYLE_USAGE ( .BOTH. , #6707 ) ;
#548 = CARTESIAN_POINT ( 'NONE',  ( -0.2112262148573670895, 0.04843422209634973274, 0.000000000000000000 ) ) ;
#549 = VERTEX_POINT ( 'NONE', #4268 ) ;
#550 = CARTESIAN_POINT ( 'NONE',  ( 0.2974837886257143404, 0.1409513284758471541, 0.1000000000000000056 ) ) ;
#551 = VERTEX_POINT ( 'NONE', #868 ) ;
#552 = DIRECTION ( 'NONE',  ( 0.000000000000000000, -0.000000000000000000, 1.000000000000000000 ) ) ;
#553 = SURFACE_STYLE_FILL_AREA ( #943 ) ;
#554 = CARTESIAN_POINT ( 'NONE',  ( -1.675252549177989714, 0.2500000000000001110, 0.1000000000000000056 ) ) ;
#555 = CARTESIAN_POINT ( 'NONE',  ( 0.3004753939353471681, 0.02686390709295607276, 0.1000000000000000056 ) ) ;
#556 = ORIENTED_EDGE ( 'NONE', *, *, #3770, .F. ) ;
#557 = CARTESIAN_POINT ( 'NONE',  ( -0.1304690960996597038, 0.1602981005011881177, 0.000000000000000000 ) ) ;
#558 =( GEOMETRIC_REPRESENTATION_CONTEXT ( 3 ) GLOBAL_UNCERTAINTY_ASSIGNED_CONTEXT ( ( #3064 ) ) GLOBAL_UNIT_ASSIGNED_CONTEXT ( ( #2769, #6611, #3202 ) ) REPRESENTATION_CONTEXT ( 'NONE', 'WORKASPACE' ) );
#559 = CARTESIAN_POINT ( 'NONE',  ( -0.1761398272137496279, 0.1734723501510153643, -0.000000000000000000 ) ) ;
#560 = VERTEX_POINT ( 'NONE', #4214 ) ;
#561 = CARTESIAN_POINT ( 'NONE',  ( 0.1868972340869284043, 0.1851934923189104687, 0.000000000000000000 ) ) ;
#562 = MECHANICAL_DESIGN_GEOMETRIC_PRESENTATION_REPRESENTATION (  '', ( #6323 ), #937 ) ;
#563 = VERTEX_POINT ( 'NONE', #281 ) ;
#564 = ORIENTED_EDGE ( 'NONE', *, *, #7148, .F. ) ;
#565 = CARTESIAN_POINT ( 'NONE',  ( -0.1902585524277654039, 0.1411574761661241184, 0.000000000000000000 ) ) ;
#566 = VERTEX_POINT ( 'NONE', #4169 ) ;
#567 = CARTESIAN_POINT ( 'NONE',  ( -0.2340822523668798227, 0.07904160475923659168, 0.000000000000000000 ) ) ;
#568 = EDGE_LOOP ( 'NONE', ( #4943, #2754, #2919, #1409 ) ) ;
#569 = CYLINDRICAL_SURFACE ( 'NONE', #2929, 0.1999999999999999833 ) ;
#570 = VERTEX_POINT ( 'NONE', #1472 ) ;
#571 = CARTESIAN_POINT ( 'NONE',  ( -1.675252549177991046, 1.149999999999999911, -0.1000000000000000056 ) ) ;
#572 = CARTESIAN_POINT ( 'NONE',  ( 1.391402837117598157, -1.485000000000000320, 0.4151791245819071996 ) ) ;
#573 = STYLED_ITEM ( 'NONE', ( #5937 ), #3137 ) ;
#574 = COLOUR_RGB ( '',0.7529411764705882248, 0.7529411764705882248, 0.7529411764705882248 ) ;
#575 = UNCERTAINTY_MEASURE_WITH_UNIT (LENGTH_MEASURE( 1.000000000000000082E-05 ), #3441, 'distance_accuracy_value', 'NONE');
#576 = DIRECTION ( 'NONE',  ( 0.9079593845004516606, -0.4190581774617468946, 0.000000000000000000 ) ) ;
#577 = CARTESIAN_POINT ( 'NONE',  ( 0.2070235168638894507, 0.1866938483489801737, 0.1000000000000000056 ) ) ;
#578 =( NAMED_UNIT ( * ) PLANE_ANGLE_UNIT ( ) SI_UNIT ( $, .RADIAN. ) );
#579 = ORIENTED_EDGE ( 'NONE', *, *, #3132, .T. ) ;
#580 = CARTESIAN_POINT ( 'NONE',  ( 2.000000000000000000, -0.1350000000000001477, -0.09999999999999995004 ) ) ;
#581 = FILL_AREA_STYLE_COLOUR ( '', #6474 ) ;
#582 = DIRECTION ( 'NONE',  ( 0.000000000000000000, -1.000000000000000000, 0.000000000000000000 ) ) ;
#583 = CARTESIAN_POINT ( 'NONE',  ( 0.1234318182168985811, 0.1497060630534014225, 0.000000000000000000 ) ) ;
#584 = LINE ( 'NONE', #606, #934 ) ;
#585 = EDGE_CURVE ( 'NONE', #6317, #6021, #1800, .T. ) ;
#586 = EDGE_LOOP ( 'NONE', ( #7217, #5120, #6769, #4244 ) ) ;
#587 = EDGE_CURVE ( 'NONE', #4597, #4057, #6950, .T. ) ;
#588 = LINE ( 'NONE', #6208, #3919 ) ;
#589 = DIRECTION ( 'NONE',  ( -0.000000000000000000, -1.000000000000000000, -0.000000000000000000 ) ) ;
#590 = PLANE ( 'NONE',  #2203 ) ;
#591 = VECTOR ( 'NONE', #5427, 1000.000000000000000 ) ;
#592 = CARTESIAN_POINT ( 'NONE',  ( -0.2319525735250818066, 0.1037490691831604722, 0.1000000000000000056 ) ) ;
#593 = VECTOR ( 'NONE', #1460, 1000.000000000000000 ) ;
#594 = SURFACE_SIDE_STYLE ('',( #2266 ) ) ;
#595 = CARTESIAN_POINT ( 'NONE',  ( 0.2254118688944873605, -0.001660548268040787454, 1.355252715606880543E-17 ) ) ;
#596 = DIRECTION ( 'NONE',  ( -0.000000000000000000, -0.000000000000000000, -1.000000000000000000 ) ) ;
#597 = DIRECTION ( 'NONE',  ( -0.000000000000000000, -1.000000000000000000, -0.000000000000000000 ) ) ;
#598 = LINE ( 'NONE', #2735, #6375 ) ;
#599 = CARTESIAN_POINT ( 'NONE',  ( 0.2728465488453933885, -0.003941050346287836709, 0.1000000000000000056 ) ) ;
#600 = DIRECTION ( 'NONE',  ( -1.000000000000000000, 0.000000000000000000, 0.000000000000000000 ) ) ;
#601 = ORIENTED_EDGE ( 'NONE', *, *, #1865, .F. ) ;
#602 = EDGE_LOOP ( 'NONE', ( #3021, #6072, #352, #2825 ) ) ;
#603 = CARTESIAN_POINT ( 'NONE',  ( -1.300000000000000266, 1.949999999999999956, 1.100000000000000089 ) ) ;
#604 = DIRECTION ( 'NONE',  ( 1.000000000000000000, 0.000000000000000000, -0.000000000000000000 ) ) ;
#605 = CARTESIAN_POINT ( 'NONE',  ( 1.675252549177991046, 1.550000000000000266, -0.09999999999999995004 ) ) ;
#606 = CARTESIAN_POINT ( 'NONE',  ( 1.391402837117596825, -0.1350000000000001477, 0.6151791245819071552 ) ) ;
#607 = CARTESIAN_POINT ( 'NONE',  ( -0.1304694008472044864, 0.1811817001312868991, 0.000000000000000000 ) ) ;
#608 = CARTESIAN_POINT ( 'NONE',  ( -0.1455377125426004781, 0.003297292019614240632, 0.000000000000000000 ) ) ;
#609 =( GEOMETRIC_REPRESENTATION_CONTEXT ( 3 ) GLOBAL_UNCERTAINTY_ASSIGNED_CONTEXT ( ( #263 ) ) GLOBAL_UNIT_ASSIGNED_CONTEXT ( ( #7079, #935, #3162 ) ) REPRESENTATION_CONTEXT ( 'NONE', 'WORKASPACE' ) );
#610 = COLOUR_RGB ( '',0.7960784313725489669, 0.8235294117647058432, 0.9372549019607843146 ) ;
#611 = DIRECTION ( 'NONE',  ( -0.000000000000000000, -0.000000000000000000, -1.000000000000000000 ) ) ;
#612 = LINE ( 'NONE', #2288, #1749 ) ;
#613 = PRESENTATION_LAYER_ASSIGNMENT (  '', '', ( #2383 ) ) ;
#614 =( NAMED_UNIT ( * ) PLANE_ANGLE_UNIT ( ) SI_UNIT ( $, .RADIAN. ) );
#615 = DIRECTION ( 'NONE',  ( 1.000000000000000000, 0.000000000000000000, -0.000000000000000000 ) ) ;
#616 = ORIENTED_EDGE ( 'NONE', *, *, #1832, .F. ) ;
#617 = FILL_AREA_STYLE ('',( #5720 ) ) ;
#618 = PRESENTATION_LAYER_ASSIGNMENT (  '', '', ( #31 ) ) ;
#619 = EDGE_CURVE ( 'NONE', #1326, #1853, #5413, .T. ) ;
#620 = SURFACE_STYLE_USAGE ( .BOTH. , #1206 ) ;
#621 = VECTOR ( 'NONE', #6132, 1000.000000000000000 ) ;
#622 = SURFACE_STYLE_USAGE ( .BOTH. , #6187 ) ;
#623 = VERTEX_POINT ( 'NONE', #5441 ) ;
#624 = CARTESIAN_POINT ( 'NONE',  ( 1.675252549177989714, -0.6850000000000002753, 0.05999999999999984512 ) ) ;
#625 = LINE ( 'NONE', #1833, #5979 ) ;
#626 = DIRECTION ( 'NONE',  ( 1.000000000000000000, 0.000000000000000000, 2.372359998170735057E-15 ) ) ;
#627 = LINE ( 'NONE', #1893, #546 ) ;
#628 = VERTEX_POINT ( 'NONE', #6543 ) ;
#629 = CARTESIAN_POINT ( 'NONE',  ( 0.2479672113450433202, 0.1575177895669895578, 0.000000000000000000 ) ) ;
#630 = LINE ( 'NONE', #4487, #983 ) ;
#631 =( NAMED_UNIT ( * ) PLANE_ANGLE_UNIT ( ) SI_UNIT ( $, .RADIAN. ) );
#632 = DIRECTION ( 'NONE',  ( -0.000000000000000000, -1.000000000000000000, -0.000000000000000000 ) ) ;
#633 = ORIENTED_EDGE ( 'NONE', *, *, #4085, .F. ) ;
#634 = ORIENTED_EDGE ( 'NONE', *, *, #1265, .T. ) ;
#635 = ORIENTED_EDGE ( 'NONE', *, *, #2154, .F. ) ;
#636 = EDGE_CURVE ( 'NONE', #5482, #4705, #2928, .T. ) ;
#637 = SURFACE_STYLE_USAGE ( .BOTH. , #2254 ) ;
#638 = CARTESIAN_POINT ( 'NONE',  ( 0.2100723606007671995, -0.002990597902941125735, 0.1000000000000000056 ) ) ;
#639 = PLANE ( 'NONE',  #3943 ) ;
#640 = FACE_OUTER_BOUND ( 'NONE', #4292, .T. ) ;
#641 = ORIENTED_EDGE ( 'NONE', *, *, #1745, .T. ) ;
#642 = ORIENTED_EDGE ( 'NONE', *, *, #3243, .T. ) ;
#643 = FILL_AREA_STYLE ('',( #1275 ) ) ;
#644 = AXIS2_PLACEMENT_3D ( 'NONE', #846, #6919, #5341 ) ;
#645 = EDGE_LOOP ( 'NONE', ( #6515, #3362, #556, #2744 ) ) ;
#646 =( NAMED_UNIT ( * ) SI_UNIT ( $, .STERADIAN. ) SOLID_ANGLE_UNIT ( ) );
#647 = ORIENTED_EDGE ( 'NONE', *, *, #6852, .T. ) ;
#648 = VERTEX_POINT ( 'NONE', #4884 ) ;
#649 = STYLED_ITEM ( 'NONE', ( #6458 ), #2408 ) ;
#650 = SURFACE_SIDE_STYLE ('',( #5193 ) ) ;
#651 = LINE ( 'NONE', #2637, #5746 ) ;
#652 = ORIENTED_EDGE ( 'NONE', *, *, #909, .T. ) ;
#653 = CARTESIAN_POINT ( 'NONE',  ( -0.2292467803222747458, 0.04429872405548152675, 0.1000000000000000056 ) ) ;
#654 = AXIS2_PLACEMENT_3D ( 'NONE', #2385, #2481, #6404 ) ;
#655 = FACE_OUTER_BOUND ( 'NONE', #6073, .T. ) ;
#656 = EDGE_CURVE ( 'NONE', #1398, #2584, #6358, .T. ) ;
#657 = UNCERTAINTY_MEASURE_WITH_UNIT (LENGTH_MEASURE( 1.000000000000000082E-05 ), #4417, 'distance_accuracy_value', 'NONE');
#658 = PLANE ( 'NONE',  #3589 ) ;
#659 = VECTOR ( 'NONE', #4707, 1000.000000000000000 ) ;
#660 = FILL_AREA_STYLE_COLOUR ( '', #1280 ) ;
#661 = ORIENTED_EDGE ( 'NONE', *, *, #3714, .F. ) ;
#662 = PLANE ( 'NONE',  #1490 ) ;
#663 = PLANE ( 'NONE',  #2987 ) ;
#664 = EDGE_CURVE ( 'NONE', #210, #37, #1442, .T. ) ;
#665 = CARTESIAN_POINT ( 'NONE',  ( -1.675252549177989714, 1.149999999999999911, 0.09999999999999996392 ) ) ;
#666 = AXIS2_PLACEMENT_3D ( 'NONE', #1050, #6647, #2725 ) ;
#667 = CARTESIAN_POINT ( 'NONE',  ( -0.3571591754438029342, 0.1815656432207750637, 0.1000000000000000056 ) ) ;
#668 = DIRECTION ( 'NONE',  ( -0.000000000000000000, -0.000000000000000000, -1.000000000000000000 ) ) ;
#669 = COLOUR_RGB ( '',0.7960784313725489669, 0.8235294117647058432, 0.9372549019607843146 ) ;
#670 = DIRECTION ( 'NONE',  ( -0.000000000000000000, -1.000000000000000000, -0.000000000000000000 ) ) ;
#671 = FACE_OUTER_BOUND ( 'NONE', #3151, .T. ) ;
#672 = EDGE_CURVE ( 'NONE', #6084, #781, #71, .T. ) ;
#673 = VECTOR ( 'NONE', #5251, 1000.000000000000000 ) ;
#674 = PRESENTATION_LAYER_ASSIGNMENT (  '', '', ( #6997 ) ) ;
#675 =( LENGTH_UNIT ( ) NAMED_UNIT ( * ) SI_UNIT ( .MILLI., .METRE. ) );
#676 = CARTESIAN_POINT ( 'NONE',  ( 1.391402837117598379, -1.485000000000000320, 0.4551791245819072351 ) ) ;
#677 = VECTOR ( 'NONE', #4021, 1000.000000000000000 ) ;
#678 = VECTOR ( 'NONE', #3315, 1000.000000000000000 ) ;
#679 =( LENGTH_UNIT ( ) NAMED_UNIT ( * ) SI_UNIT ( .MILLI., .METRE. ) );
#680 = ORIENTED_EDGE ( 'NONE', *, *, #6223, .F. ) ;
#681 = CARTESIAN_POINT ( 'NONE',  ( 0.2502585858384349660, 0.006282125884823504779, 0.1000000000000000056 ) ) ;
#682 = CARTESIAN_POINT ( 'NONE',  ( -0.2340463113680731622, 0.07656953398856775062, -0.000000000000000000 ) ) ;
#683 = DIRECTION ( 'NONE',  ( 0.000000000000000000, 0.000000000000000000, -1.000000000000000000 ) ) ;
#684 = SURFACE_STYLE_FILL_AREA ( #6558 ) ;
#685 = PRESENTATION_LAYER_ASSIGNMENT (  '', '', ( #6235 ) ) ;
#686 = VECTOR ( 'NONE', #6374, 1000.000000000000000 ) ;
#687 = DIRECTION ( 'NONE',  ( 0.000000000000000000, 0.000000000000000000, -1.000000000000000000 ) ) ;
#688 = CARTESIAN_POINT ( 'NONE',  ( -0.1455377125426004781, 0.003297292019614240632, 0.1000000000000000056 ) ) ;
#689 = CARTESIAN_POINT ( 'NONE',  ( 0.2502585858384349660, 0.006282125884823504779, 0.1000000000000000056 ) ) ;
#690 = CARTESIAN_POINT ( 'NONE',  ( -0.1683156056789085198, 0.1761758943979656600, 0.000000000000000000 ) ) ;
#691 = CARTESIAN_POINT ( 'NONE',  ( -0.3909332139053413591, 0.06618102783615967266, 0.1000000000000000056 ) ) ;
#692 = ORIENTED_EDGE ( 'NONE', *, *, #7073, .T. ) ;
#693 = VECTOR ( 'NONE', #6259, 1000.000000000000000 ) ;
#694 = CARTESIAN_POINT ( 'NONE',  ( 0.2754937842237124013, 0.1376714341455691770, 0.000000000000000000 ) ) ;
#695 = VECTOR ( 'NONE', #5976, 1000.000000000000000 ) ;
#696 = CARTESIAN_POINT ( 'NONE',  ( -0.1641960412718617701, -0.01580444149800075068, 0.1000000000000000056 ) ) ;
#697 =( LENGTH_UNIT ( ) NAMED_UNIT ( * ) SI_UNIT ( .MILLI., .METRE. ) );
#698 = ORIENTED_EDGE ( 'NONE', *, *, #5614, .F. ) ;
#699 = AXIS2_PLACEMENT_3D ( 'NONE', #903, #3757, #1507 ) ;
#700 = FACE_BOUND ( 'NONE', #6168, .T. ) ;
#701 = DIRECTION ( 'NONE',  ( -0.000000000000000000, 0.000000000000000000, 1.000000000000000000 ) ) ;
#702 = VECTOR ( 'NONE', #4262, 1000.000000000000000 ) ;
#703 = EDGE_CURVE ( 'NONE', #3997, #2231, #1190, .T. ) ;
#704 = CARTESIAN_POINT ( 'NONE',  ( 0.1461269828616128252, 0.1440492768715153360, 0.000000000000000000 ) ) ;
#705 = ORIENTED_EDGE ( 'NONE', *, *, #1563, .F. ) ;
#706 = SURFACE_STYLE_FILL_AREA ( #1387 ) ;
#707 = FACE_OUTER_BOUND ( 'NONE', #6231, .T. ) ;
#708 = EDGE_CURVE ( 'NONE', #5345, #563, #5674, .T. ) ;
#709 = DIRECTION ( 'NONE',  ( 0.6038968352533770068, -0.7970624896273539317, 0.000000000000000000 ) ) ;
#710 = ORIENTED_EDGE ( 'NONE', *, *, #4591, .T. ) ;
#711 =( LENGTH_UNIT ( ) NAMED_UNIT ( * ) SI_UNIT ( .MILLI., .METRE. ) );
#712 = ORIENTED_EDGE ( 'NONE', *, *, #6479, .F. ) ;
#713 = EDGE_CURVE ( 'NONE', #3724, #1513, #4159, .T. ) ;
#714 = CARTESIAN_POINT ( 'NONE',  ( 0.2904293649389135257, 0.04822417805626384724, 0.1000000000000000056 ) ) ;
#715 = ORIENTED_EDGE ( 'NONE', *, *, #540, .F. ) ;
#716 = CARTESIAN_POINT ( 'NONE',  ( -0.1720567165697217960, 0.1749390115268092405, -0.000000000000000000 ) ) ;
#717 = CARTESIAN_POINT ( 'NONE',  ( 1.675252549177989714, 1.550000000000000266, 0.05999999999999986594 ) ) ;
#718 = LINE ( 'NONE', #939, #3880 ) ;
#719 = VERTEX_POINT ( 'NONE', #5383 ) ;
#720 = SURFACE_STYLE_USAGE ( .BOTH. , #1860 ) ;
#721 = ORIENTED_EDGE ( 'NONE', *, *, #6077, .T. ) ;
#722 = CARTESIAN_POINT ( 'NONE',  ( 0.2200637554735007939, 0.1655057556315125689, 0.000000000000000000 ) ) ;
#723 = CARTESIAN_POINT ( 'NONE',  ( -0.2244696576097481300, 0.03194580670247221255, 0.1000000000000000056 ) ) ;
#724 = EDGE_LOOP ( 'NONE', ( #4585, #1848, #6274, #1182, #6600, #6150, #2485, #4577 ) ) ;
#725 = AXIS2_PLACEMENT_3D ( 'NONE', #5597, #4563, #3397 ) ;
#726 = ORIENTED_EDGE ( 'NONE', *, *, #3054, .T. ) ;
#727 = ORIENTED_EDGE ( 'NONE', *, *, #479, .T. ) ;
#728 = AXIS2_PLACEMENT_3D ( 'NONE', #3927, #5122, #4499 ) ;
#729 = CARTESIAN_POINT ( 'NONE',  ( 0.4146356963510689497, 0.1815656432207750637, 0.1000000000000000056 ) ) ;
#730 = CARTESIAN_POINT ( 'NONE',  ( -0.1385284366194120542, 0.1597216821387897057, 0.000000000000000000 ) ) ;
#731 = ORIENTED_EDGE ( 'NONE', *, *, #5783, .T. ) ;
#732 = ORIENTED_EDGE ( 'NONE', *, *, #860, .T. ) ;
#733 = CARTESIAN_POINT ( 'NONE',  ( 0.2582184941570170311, 0.1519557492984058289, 0.1000000000000000056 ) ) ;
#734 = DIRECTION ( 'NONE',  ( 0.1313264056488086529, -0.000000000000000000, 0.9913391827116310173 ) ) ;
#735 = FACE_OUTER_BOUND ( 'NONE', #6032, .T. ) ;
#736 = AXIS2_PLACEMENT_3D ( 'NONE', #900, #4279, #929 ) ;
#737 = CARTESIAN_POINT ( 'NONE',  ( 0.2932988264780962973, 0.05596016904545931397, 0.1000000000000000056 ) ) ;
#738 = FILL_AREA_STYLE_COLOUR ( '', #2837 ) ;
#739 = VECTOR ( 'NONE', #4830, 1000.000000000000000 ) ;
#740 = ORIENTED_EDGE ( 'NONE', *, *, #3901, .T. ) ;
#741 =( GEOMETRIC_REPRESENTATION_CONTEXT ( 3 ) GLOBAL_UNCERTAINTY_ASSIGNED_CONTEXT ( ( #3154 ) ) GLOBAL_UNIT_ASSIGNED_CONTEXT ( ( #2335, #2283, #1227 ) ) REPRESENTATION_CONTEXT ( 'NONE', 'WORKASPACE' ) );
#742 = CARTESIAN_POINT ( 'NONE',  ( -2.000000000000000000, 0.2500000000000001110, -0.1000000000000000056 ) ) ;
#743 = COLOUR_RGB ( '',0.7960784313725489669, 0.8235294117647058432, 0.9372549019607843146 ) ;
#744 = UNCERTAINTY_MEASURE_WITH_UNIT (LENGTH_MEASURE( 1.000000000000000082E-05 ), #3005, 'distance_accuracy_value', 'NONE');
#745 = CARTESIAN_POINT ( 'NONE',  ( 0.2966869784023509760, 0.08136532270795453214, 0.1000000000000000056 ) ) ;
#746 = SURFACE_STYLE_USAGE ( .BOTH. , #4094 ) ;
#747 =( NAMED_UNIT ( * ) SI_UNIT ( $, .STERADIAN. ) SOLID_ANGLE_UNIT ( ) );
#748 = MECHANICAL_DESIGN_GEOMETRIC_PRESENTATION_REPRESENTATION (  '', ( #1740 ), #2895 ) ;
#749 = COLOUR_RGB ( '',0.7960784313725489669, 0.8235294117647058432, 0.9372549019607843146 ) ;
#750 = PLANE ( 'NONE',  #6382 ) ;
#751 = LINE ( 'NONE', #6923, #659 ) ;
#752 = EDGE_CURVE ( 'NONE', #293, #2658, #2587, .T. ) ;
#753 = LINE ( 'NONE', #1341, #6627 ) ;
#754 = CARTESIAN_POINT ( 'NONE',  ( 0.1934482241979696426, 0.1860799841033173585, 0.1000000000000000056 ) ) ;
#755 = CARTESIAN_POINT ( 'NONE',  ( 0.2428647822469168494, -0.01867812290996185426, 4.065758146820641628E-17 ) ) ;
#756 = SURFACE_STYLE_FILL_AREA ( #3538 ) ;
#757 = CARTESIAN_POINT ( 'NONE',  ( 0.1541085966160668230, 0.1502583423208675717, 0.000000000000000000 ) ) ;
#758 = CARTESIAN_POINT ( 'NONE',  ( -1.391402837117598157, 1.149999999999999911, 0.4151791245819074216 ) ) ;
#759 = ADVANCED_FACE ( 'NONE', ( #2670 ), #301, .T. ) ;
#760 = LINE ( 'NONE', #1424, #1639 ) ;
#761 = LINE ( 'NONE', #2471, #334 ) ;
#762 = CARTESIAN_POINT ( 'NONE',  ( 0.2715982443188281747, 0.1415938318870283430, 0.1000000000000000056 ) ) ;
#763 = ADVANCED_FACE ( 'NONE', ( #320 ), #5464, .T. ) ;
#764 = DIRECTION ( 'NONE',  ( 0.000000000000000000, 0.000000000000000000, -1.000000000000000000 ) ) ;
#765 = CARTESIAN_POINT ( 'NONE',  ( -1.391402837117598379, -1.150000000000000133, 0.4151791245819074216 ) ) ;
#766 = CARTESIAN_POINT ( 'NONE',  ( -1.391402837117598379, 0.2500000000000001110, 0.4551791245819074572 ) ) ;
#767 = ADVANCED_FACE ( 'NONE', ( #932 ), #426, .F. ) ;
#768 =( NAMED_UNIT ( * ) PLANE_ANGLE_UNIT ( ) SI_UNIT ( $, .RADIAN. ) );
#769 = CARTESIAN_POINT ( 'NONE',  ( -1.246238145344578996, 1.853522474313894719, 1.100000000000000089 ) ) ;
#770 = EDGE_CURVE ( 'NONE', #2225, #5180, #6268, .T. ) ;
#771 = FILL_AREA_STYLE_COLOUR ( '', #5765 ) ;
#772 = VECTOR ( 'NONE', #7008, 1000.000000000000000 ) ;
#773 = DIRECTION ( 'NONE',  ( 0.9913391827116311283, 0.000000000000000000, -0.1313264056488086529 ) ) ;
#774 =( NAMED_UNIT ( * ) PLANE_ANGLE_UNIT ( ) SI_UNIT ( $, .RADIAN. ) );
#775 = CARTESIAN_POINT ( 'NONE',  ( 0.2089341989375164410, -0.02354759090424213275, 4.065758146820641628E-17 ) ) ;
#776 = VECTOR ( 'NONE', #2848, 1000.000000000000000 ) ;
#777 = CARTESIAN_POINT ( 'NONE',  ( -0.2069767813201129070, 0.006284080404624399138, 0.000000000000000000 ) ) ;
#778 = CARTESIAN_POINT ( 'NONE',  ( -1.675252549177989936, 0.2500000000000001110, 0.05999999999999997002 ) ) ;
#779 = STYLED_ITEM ( 'NONE', ( #1767 ), #4871 ) ;
#780 = CARTESIAN_POINT ( 'NONE',  ( 0.2371498969528869905, 0.1617909469260545297, 0.1000000000000000056 ) ) ;
#781 = VERTEX_POINT ( 'NONE', #2280 ) ;
#782 =( NAMED_UNIT ( * ) PLANE_ANGLE_UNIT ( ) SI_UNIT ( $, .RADIAN. ) );
#783 = DIRECTION ( 'NONE',  ( 0.000000000000000000, 0.000000000000000000, 1.000000000000000000 ) ) ;
#784 = UNCERTAINTY_MEASURE_WITH_UNIT (LENGTH_MEASURE( 1.000000000000000082E-05 ), #2176, 'distance_accuracy_value', 'NONE');
#785 = PLANE ( 'NONE',  #3211 ) ;
#786 = FILL_AREA_STYLE_COLOUR ( '', #3245 ) ;
#787 = LINE ( 'NONE', #1054, #6402 ) ;
#788 = EDGE_LOOP ( 'NONE', ( #6605, #4691, #6092, #1078 ) ) ;
#789 = DIRECTION ( 'NONE',  ( -0.000000000000000000, -1.000000000000000000, -0.000000000000000000 ) ) ;
#790 = FILL_AREA_STYLE ('',( #6385 ) ) ;
#791 = FACE_OUTER_BOUND ( 'NONE', #6439, .T. ) ;
#792 = CARTESIAN_POINT ( 'NONE',  ( 0.2070235168638894507, 0.1866938483489801737, 0.1000000000000000056 ) ) ;
#793 = CARTESIAN_POINT ( 'NONE',  ( 1.391402837117596825, -0.6850000000000000533, 0.6151791245819071552 ) ) ;
#794 = VECTOR ( 'NONE', #2442, 1000.000000000000000 ) ;
#795 = CARTESIAN_POINT ( 'NONE',  ( -0.2161335344181619378, 0.07908166886180068023, 0.000000000000000000 ) ) ;
#796 = AXIS2_PLACEMENT_3D ( 'NONE', #1970, #3689, #3667 ) ;
#797 = ADVANCED_FACE ( 'NONE', ( #5751, #4440 ), #4553, .T. ) ;
#798 = ORIENTED_EDGE ( 'NONE', *, *, #4233, .F. ) ;
#799 = ADVANCED_FACE ( 'NONE', ( #5155 ), #4660, .T. ) ;
#800 = CARTESIAN_POINT ( 'NONE',  ( 0.1541085966160668230, 0.1502583423208675717, 0.000000000000000000 ) ) ;
#801 = CARTESIAN_POINT ( 'NONE',  ( -2.000000000000000000, 1.550000000000000044, 0.06000000000000001166 ) ) ;
#802 =( NAMED_UNIT ( * ) SI_UNIT ( $, .STERADIAN. ) SOLID_ANGLE_UNIT ( ) );
#803 = ORIENTED_EDGE ( 'NONE', *, *, #1018, .T. ) ;
#804 =( LENGTH_UNIT ( ) NAMED_UNIT ( * ) SI_UNIT ( .MILLI., .METRE. ) );
#805 = ORIENTED_EDGE ( 'NONE', *, *, #713, .T. ) ;
#806 = ORIENTED_EDGE ( 'NONE', *, *, #1018, .F. ) ;
#807 = EDGE_CURVE ( 'NONE', #5065, #196, #1621, .T. ) ;
#808 = CARTESIAN_POINT ( 'NONE',  ( 0.2081453117356843185, 0.1661810278361596782, -1.355252715606880543E-17 ) ) ;
#809 = SURFACE_STYLE_USAGE ( .BOTH. , #3027 ) ;
#810 = CIRCLE ( 'NONE', #2105, 0.1999999999999999278 ) ;
#811 = CARTESIAN_POINT ( 'NONE',  ( -0.2793146241617516234, -0.01843435677922496130, 0.1000000000000000056 ) ) ;
#812 = DIRECTION ( 'NONE',  ( -0.000000000000000000, -1.000000000000000000, -0.000000000000000000 ) ) ;
#813 = EDGE_CURVE ( 'NONE', #1668, #4048, #2922, .T. ) ;
#814 = VERTEX_POINT ( 'NONE', #2792 ) ;
#815 = DIRECTION ( 'NONE',  ( -0.000000000000000000, -1.000000000000000000, -0.000000000000000000 ) ) ;
#816 = CARTESIAN_POINT ( 'NONE',  ( 0.1423954604104042398, 0.1405598333616457918, 0.1000000000000000056 ) ) ;
#817 = DIRECTION ( 'NONE',  ( -0.000000000000000000, -1.000000000000000000, 0.000000000000000000 ) ) ;
#818 = VERTEX_POINT ( 'NONE', #27 ) ;
#819 = ORIENTED_EDGE ( 'NONE', *, *, #3512, .F. ) ;
#820 = FILL_AREA_STYLE_COLOUR ( '', #5166 ) ;
#821 = CARTESIAN_POINT ( 'NONE',  ( 0.2582184941570170311, 0.1519557492984058289, 0.1000000000000000056 ) ) ;
#822 = ORIENTED_EDGE ( 'NONE', *, *, #116, .F. ) ;
#823 = CARTESIAN_POINT ( 'NONE',  ( 0.1934482241979696426, 0.1860799841033173585, -1.355252715606880543E-17 ) ) ;
#824 = LINE ( 'NONE', #6328, #3086 ) ;
#825 = VERTEX_POINT ( 'NONE', #3358 ) ;
#826 =( NAMED_UNIT ( * ) PLANE_ANGLE_UNIT ( ) SI_UNIT ( $, .RADIAN. ) );
#827 = VERTEX_POINT ( 'NONE', #2202 ) ;
#828 = SURFACE_SIDE_STYLE ('',( #534 ) ) ;
#829 = VECTOR ( 'NONE', #6186, 1000.000000000000000 ) ;
#830 = AXIS2_PLACEMENT_3D ( 'NONE', #5365, #3088, #1482 ) ;
#831 = SURFACE_STYLE_USAGE ( .BOTH. , #1911 ) ;
#832 = FACE_OUTER_BOUND ( 'NONE', #5610, .T. ) ;
#833 = EDGE_LOOP ( 'NONE', ( #2398, #3660, #4879, #6811, #5362, #4715, #3858, #721, #4334, #5492, #2897 ) ) ;
#834 = CARTESIAN_POINT ( 'NONE',  ( 0.2682633819393788199, -0.007052765227638937984, 0.1000000000000000056 ) ) ;
#835 = CARTESIAN_POINT ( 'NONE',  ( -0.1406471422287778605, -0.01836196308519843709, 0.000000000000000000 ) ) ;
#836 = VECTOR ( 'NONE', #6708, 1000.000000000000000 ) ;
#837 = CARTESIAN_POINT ( 'NONE',  ( 0.2101500716979935179, 0.1661579442641687998, 0.1000000000000000056 ) ) ;
#838 = ORIENTED_EDGE ( 'NONE', *, *, #4231, .F. ) ;
#839 = EDGE_LOOP ( 'NONE', ( #2128, #2659, #4788, #2240 ) ) ;
#840 = CARTESIAN_POINT ( 'NONE',  ( 0.2045064231293879098, 0.1660890412041411413, 0.1000000000000000056 ) ) ;
#841 =( NAMED_UNIT ( * ) SI_UNIT ( $, .STERADIAN. ) SOLID_ANGLE_UNIT ( ) );
#842 = VECTOR ( 'NONE', #5029, 1000.000000000000000 ) ;
#843 = DIRECTION ( 'NONE',  ( 0.000000000000000000, 1.000000000000000000, 0.000000000000000000 ) ) ;
#844 = VECTOR ( 'NONE', #3813, 1000.000000000000000 ) ;
#845 = ADVANCED_FACE ( 'NONE', ( #3283 ), #2359, .T. ) ;
#846 = CARTESIAN_POINT ( 'NONE',  ( -1.391402837117598157, 0.6500000000000001332, 0.4551791245819074017 ) ) ;
#847 = LINE ( 'NONE', #1002, #1722 ) ;
#848 = MECHANICAL_DESIGN_GEOMETRIC_PRESENTATION_REPRESENTATION (  '', ( #890 ), #4114 ) ;
#849 = CARTESIAN_POINT ( 'NONE',  ( 1.300000000000000044, -1.485000000000000320, 0.4551791245819074017 ) ) ;
#850 = DIRECTION ( 'NONE',  ( -1.000000000000000000, 0.000000000000000000, 0.000000000000000000 ) ) ;
#851 = DIRECTION ( 'NONE',  ( -0.9913391827116309063, 0.000000000000000000, -0.1313264056488092912 ) ) ;
#852 = CARTESIAN_POINT ( 'NONE',  ( -1.589670673659924871, 1.149999999999999911, 0.4414444057116680975 ) ) ;
#853 = AXIS2_PLACEMENT_3D ( 'NONE', #5927, #2634, #5948 ) ;
#854 = CYLINDRICAL_SURFACE ( 'NONE', #3081, 0.04000000000000007022 ) ;
#855 = STYLED_ITEM ( 'NONE', ( #6828 ), #7026 ) ;
#856 = EDGE_CURVE ( 'NONE', #1433, #208, #6610, .T. ) ;
#857 = FACE_OUTER_BOUND ( 'NONE', #6892, .T. ) ;
#858 = CARTESIAN_POINT ( 'NONE',  ( -1.431056404426063855, 0.2500000000000001110, 0.4204321808078594902 ) ) ;
#859 = CARTESIAN_POINT ( 'NONE',  ( 0.2892751194279920002, 0.01141339963103145047, 0.1000000000000000056 ) ) ;
#860 = EDGE_CURVE ( 'NONE', #6859, #1021, #486, .T. ) ;
#861 = CARTESIAN_POINT ( 'NONE',  ( 2.000000000000000000, -0.1350000000000001477, 0.05999999999999998390 ) ) ;
#862 = CARTESIAN_POINT ( 'NONE',  ( -0.06997968826431572031, 0.1815656432207750637, 0.1000000000000000056 ) ) ;
#863 = CIRCLE ( 'NONE', #1663, 0.04000000000000004940 ) ;
#864 = EDGE_LOOP ( 'NONE', ( #4527, #6992, #2121, #715, #3584, #5084 ) ) ;
#865 = CARTESIAN_POINT ( 'NONE',  ( 0.2255812859381173263, -0.02238416449528067564, 0.000000000000000000 ) ) ;
#866 = CARTESIAN_POINT ( 'NONE',  ( 1.476984712635663444, -1.485000000000000320, 0.07373471887023939908 ) ) ;
#867 = CARTESIAN_POINT ( 'NONE',  ( 0.4325844142997869457, -0.01843435677922496130, 0.1000000000000000056 ) ) ;
#868 = CARTESIAN_POINT ( 'NONE',  ( -0.3194588549309825276, 0.06618102783615967266, 0.000000000000000000 ) ) ;
#869 = SURFACE_STYLE_USAGE ( .BOTH. , #6472 ) ;
#870 = CARTESIAN_POINT ( 'NONE',  ( 0.1768135422771350829, 0.001454822562438440586, 0.000000000000000000 ) ) ;
#871 = CARTESIAN_POINT ( 'NONE',  ( -0.3556768036489311169, 0.1425832714259032685, 0.1000000000000000056 ) ) ;
#872 = FACE_OUTER_BOUND ( 'NONE', #6212, .T. ) ;
#873 = EDGE_CURVE ( 'NONE', #2184, #1083, #3626, .T. ) ;
#874 = AXIS2_PLACEMENT_3D ( 'NONE', #554, #2162, #2722 ) ;
#875 = DIRECTION ( 'NONE',  ( -0.000000000000000000, -1.000000000000000000, -0.000000000000000000 ) ) ;
#876 = ORIENTED_EDGE ( 'NONE', *, *, #5297, .F. ) ;
#877 = FILL_AREA_STYLE_COLOUR ( '', #2286 ) ;
#878 = PRESENTATION_LAYER_ASSIGNMENT (  '', '', ( #3635 ) ) ;
#879 = VECTOR ( 'NONE', #5093, 1000.000000000000000 ) ;
#880 = ADVANCED_FACE ( 'NONE', ( #1013 ), #4201, .F. ) ;
#881 = CARTESIAN_POINT ( 'NONE',  ( -1.476984712635663444, -1.150000000000000133, 0.07373471887023946847 ) ) ;
#882 = LINE ( 'NONE', #3661, #695 ) ;
#883 = CARTESIAN_POINT ( 'NONE',  ( 0.2069033245561971712, -0.003049741394609574528, 0.000000000000000000 ) ) ;
#884 = VERTEX_POINT ( 'NONE', #769 ) ;
#885 =( NAMED_UNIT ( * ) PLANE_ANGLE_UNIT ( ) SI_UNIT ( $, .RADIAN. ) );
#886 = MECHANICAL_DESIGN_GEOMETRIC_PRESENTATION_REPRESENTATION (  '', ( #4518 ), #5406 ) ;
#887 = LINE ( 'NONE', #960, #5028 ) ;
#888 = CARTESIAN_POINT ( 'NONE',  ( 0.2372898917045837275, -0.02023648043140311228, 0.000000000000000000 ) ) ;
#889 = CARTESIAN_POINT ( 'NONE',  ( -1.300000000000000044, -1.550000000000000266, 0.4551791245819074017 ) ) ;
#890 = STYLED_ITEM ( 'NONE', ( #6372 ), #2999 ) ;
#891 =( NAMED_UNIT ( * ) PLANE_ANGLE_UNIT ( ) SI_UNIT ( $, .RADIAN. ) );
#892 = CARTESIAN_POINT ( 'NONE',  ( 0.2069033245561971712, -0.003049741394609574528, 0.000000000000000000 ) ) ;
#893 = PRESENTATION_STYLE_ASSIGNMENT (( #622 ) ) ;
#894 = EDGE_CURVE ( 'NONE', #3440, #7034, #4617, .T. ) ;
#895 = LINE ( 'NONE', #4424, #3150 ) ;
#896 = EDGE_LOOP ( 'NONE', ( #5671, #1615, #1426, #6679 ) ) ;
#897 = AXIS2_PLACEMENT_3D ( 'NONE', #4086, #242, #6420 ) ;
#898 = EDGE_CURVE ( 'NONE', #125, #187, #1793, .T. ) ;
#899 = EDGE_LOOP ( 'NONE', ( #3565, #6758, #454, #6248 ) ) ;
#900 = CARTESIAN_POINT ( 'NONE',  ( 1.391402837117598157, -0.9350000000000001643, 0.4151791245819071996 ) ) ;
#901 = CARTESIAN_POINT ( 'NONE',  ( -2.000000000000000000, -1.150000000000000133, -0.1000000000000000056 ) ) ;
#902 = ORIENTED_EDGE ( 'NONE', *, *, #1056, .T. ) ;
#903 = CARTESIAN_POINT ( 'NONE',  ( 1.391402837117598379, -0.1350000000000001477, 0.4151791245819071996 ) ) ;
#904 = DIRECTION ( 'NONE',  ( 0.000000000000000000, 1.000000000000000000, -0.000000000000000000 ) ) ;
#905 = VECTOR ( 'NONE', #3233, 999.9999999999998863 ) ;
#906 = VERTEX_POINT ( 'NONE', #1451 ) ;
#907 = B_SPLINE_CURVE_WITH_KNOTS ( 'NONE', 3,
 ( #3517, #682, #182, #4668, #5788, #6342, #2975, #3542, #1362, #3045, #3590, #323, #259, #777, #5375, #1405, #6982, #6440, #3099, #6465, #5351, #1969, #4232, #4723, #835, #5281, #303 ),
 .UNSPECIFIED., .F., .F.,
 ( 4, 1, 1, 1, 1, 1, 1, 1, 1, 1, 1, 1, 1, 1, 1, 1, 1, 1, 1, 1, 1, 1, 1, 1, 4 ),
 ( 0.000000000000000000, 0.04608068338724800178, 0.09080679960761624259, 0.1342952705290696991, 0.1770243856662441773, 0.2188227336826556457, 0.2602441163273735980, 0.3010798671134451432, 0.3416138942851569826, 0.3815834185517459898, 0.4201195913296165152, 0.4580746185423134609, 0.4947384876076563742, 0.5311946228937135528, 0.5669336984503784427, 0.6027126507379957365, 0.6383266061284351700, 0.6748532488548240060, 0.7134673707840597512, 0.7544418038483806654, 0.7978153607124988111, 0.8439894562081102780, 0.8930715698796480861, 0.9449633461781439259, 1.000000000000000000 ),
 .UNSPECIFIED. ) ;
#908 = ORIENTED_EDGE ( 'NONE', *, *, #4971, .F. ) ;
#909 = EDGE_CURVE ( 'NONE', #2349, #3952, #760, .T. ) ;
#910 =( NAMED_UNIT ( * ) SI_UNIT ( $, .STERADIAN. ) SOLID_ANGLE_UNIT ( ) );
#911 = ORIENTED_EDGE ( 'NONE', *, *, #2010, .T. ) ;
#912 = COLOUR_RGB ( '',0.7960784313725489669, 0.8235294117647058432, 0.9372549019607843146 ) ;
#913 = ORIENTED_EDGE ( 'NONE', *, *, #7122, .F. ) ;
#914 = ORIENTED_EDGE ( 'NONE', *, *, #2492, .T. ) ;
#915 = EDGE_CURVE ( 'NONE', #1716, #1995, #1128, .T. ) ;
#916 = CARTESIAN_POINT ( 'NONE',  ( 0.2966869784023509760, 0.08136532270795453214, 0.1000000000000000056 ) ) ;
#917 = DIRECTION ( 'NONE',  ( -0.000000000000000000, -1.000000000000000000, -0.000000000000000000 ) ) ;
#918 = DIRECTION ( 'NONE',  ( 1.000000000000000000, 0.000000000000000000, 0.000000000000000000 ) ) ;
#919 = CARTESIAN_POINT ( 'NONE',  ( -0.1138768172607219076, 0.1815403535067198482, 0.1000000000000000056 ) ) ;
#920 = CARTESIAN_POINT ( 'NONE',  ( 0.3104968659822797128, 0.1137413153520359099, -1.355252715606880543E-17 ) ) ;
#921 = MECHANICAL_DESIGN_GEOMETRIC_PRESENTATION_REPRESENTATION (  '', ( #4787 ), #4534 ) ;
#922 = ADVANCED_FACE ( 'NONE', ( #161 ), #5899, .F. ) ;
#923 =( LENGTH_UNIT ( ) NAMED_UNIT ( * ) SI_UNIT ( .MILLI., .METRE. ) );
#924 = ORIENTED_EDGE ( 'NONE', *, *, #2497, .T. ) ;
#925 = DIRECTION ( 'NONE',  ( -0.000000000000000000, 1.000000000000000000, -0.000000000000000000 ) ) ;
#926 = ORIENTED_EDGE ( 'NONE', *, *, #3388, .F. ) ;
#927 = CARTESIAN_POINT ( 'NONE',  ( 0.2067831322485048362, -0.02356256190743008863, 0.1000000000000000056 ) ) ;
#928 = ORIENTED_EDGE ( 'NONE', *, *, #4726, .F. ) ;
#929 = DIRECTION ( 'NONE',  ( 0.000000000000000000, 0.000000000000000000, -1.000000000000000000 ) ) ;
#930 = CARTESIAN_POINT ( 'NONE',  ( -1.635598981869524238, 1.550000000000000044, 0.09474694377404786760 ) ) ;
#931 = ORIENTED_EDGE ( 'NONE', *, *, #2224, .T. ) ;
#932 = FACE_OUTER_BOUND ( 'NONE', #4967, .T. ) ;
#933 = STYLED_ITEM ( 'NONE', ( #3707 ), #4717 ) ;
#934 = VECTOR ( 'NONE', #2290, 1000.000000000000000 ) ;
#935 =( NAMED_UNIT ( * ) PLANE_ANGLE_UNIT ( ) SI_UNIT ( $, .RADIAN. ) );
#936 = CARTESIAN_POINT ( 'NONE',  ( 0.2892751194279920002, 0.01141339963103145047, 0.000000000000000000 ) ) ;
#937 =( GEOMETRIC_REPRESENTATION_CONTEXT ( 3 ) GLOBAL_UNCERTAINTY_ASSIGNED_CONTEXT ( ( #4492 ) ) GLOBAL_UNIT_ASSIGNED_CONTEXT ( ( #6250, #2883, #6801 ) ) REPRESENTATION_CONTEXT ( 'NONE', 'WORKASPACE' ) );
#938 = SURFACE_STYLE_FILL_AREA ( #4742 ) ;
#939 = CARTESIAN_POINT ( 'NONE',  ( -1.675252549177989936, 1.149999999999999911, 0.05999999999999997002 ) ) ;
#940 = PRESENTATION_STYLE_ASSIGNMENT (( #2993 ) ) ;
#941 = DIRECTION ( 'NONE',  ( -1.000000000000000000, -0.000000000000000000, -5.930899995426697620E-16 ) ) ;
#942 = CARTESIAN_POINT ( 'NONE',  ( 1.431056404426063855, 0.9500000000000000666, 0.4204321808078592682 ) ) ;
#943 = FILL_AREA_STYLE ('',( #2002 ) ) ;
#944 = VECTOR ( 'NONE', #4919, 1000.000000000000000 ) ;
#945 = COLOUR_RGB ( '',0.7960784313725489669, 0.8235294117647058432, 0.9372549019607843146 ) ;
#946 = AXIS2_PLACEMENT_3D ( 'NONE', #5956, #304, #6483 ) ;
#947 = CARTESIAN_POINT ( 'NONE',  ( 1.391402837117598379, -0.1350000000000001477, 0.4151791245819071996 ) ) ;
#948 = CARTESIAN_POINT ( 'NONE',  ( -0.1963183763211054089, 0.02446402917251683240, 0.1000000000000000056 ) ) ;
#949 = CARTESIAN_POINT ( 'NONE',  ( -1.675252549177989714, 1.550000000000000044, 0.1000000000000000056 ) ) ;
#950 = CARTESIAN_POINT ( 'NONE',  ( 1.391402837117598379, -0.1350000000000001477, 0.4551791245819072351 ) ) ;
#951 = ORIENTED_EDGE ( 'NONE', *, *, #6676, .F. ) ;
#952 = SURFACE_STYLE_FILL_AREA ( #180 ) ;
#953 = CARTESIAN_POINT ( 'NONE',  ( 1.391402837117598157, 0.9500000000000000666, 0.4151791245819071996 ) ) ;
#954 =( GEOMETRIC_REPRESENTATION_CONTEXT ( 3 ) GLOBAL_UNCERTAINTY_ASSIGNED_CONTEXT ( ( #1176 ) ) GLOBAL_UNIT_ASSIGNED_CONTEXT ( ( #2668, #7141, #3200 ) ) REPRESENTATION_CONTEXT ( 'NONE', 'WORKASPACE' ) );
#955 = FACE_OUTER_BOUND ( 'NONE', #6704, .T. ) ;
#956 = ADVANCED_FACE ( 'NONE', ( #1036 ), #5364, .F. ) ;
#957 = B_SPLINE_CURVE_WITH_KNOTS ( 'NONE', 3,
 ( #6803, #3449, #1294, #2927, #704, #159, #757, #5174, #5766, #2372, #2395, #4039, #1272, #5258, #117 ),
 .UNSPECIFIED., .F., .F.,
 ( 4, 1, 1, 1, 1, 1, 1, 1, 1, 1, 1, 1, 4 ),
 ( 0.000000000000000000, 0.06316325936347014225, 0.1254749410306405799, 0.1871212198160327467, 0.2482943461142985420, 0.3092948562551207092, 0.3698500660670926976, 0.4309733755473816874, 0.4924559896728166741, 0.6161479662918547540, 0.7408436984673625325, 0.8681826486700426893, 1.000000000000000000 ),
 .UNSPECIFIED. ) ;
#958 = SURFACE_STYLE_FILL_AREA ( #2049 ) ;
#959 = EDGE_CURVE ( 'NONE', #4642, #6084, #7050, .T. ) ;
#960 = CARTESIAN_POINT ( 'NONE',  ( -0.06997968826431572031, -0.01843435677922496130, 0.000000000000000000 ) ) ;
#961 = SURFACE_STYLE_USAGE ( .BOTH. , #398 ) ;
#962 = EDGE_CURVE ( 'NONE', #1758, #132, #2067, .T. ) ;
#963 = ORIENTED_EDGE ( 'NONE', *, *, #2010, .F. ) ;
#964 = DIRECTION ( 'NONE',  ( -1.251975384727201669E-16, 0.000000000000000000, -1.000000000000000000 ) ) ;
#965 = FACE_OUTER_BOUND ( 'NONE', #1907, .T. ) ;
#966 = PLANE ( 'NONE',  #2585 ) ;
#967 = CARTESIAN_POINT ( 'NONE',  ( -0.2340463113680731622, 0.07656953398856775062, 0.1000000000000000056 ) ) ;
#968 = CARTESIAN_POINT ( 'NONE',  ( -0.08792840621303361914, 0.1610528227079545405, 0.1000000000000000056 ) ) ;
#969 = CARTESIAN_POINT ( 'NONE',  ( -1.300000000000000266, -1.949999999999999956, 0.6151791245819073772 ) ) ;
#970 = CARTESIAN_POINT ( 'NONE',  ( 0.06078954250491507005, 0.09951436116949299859, 0.1000000000000000056 ) ) ;
#971 = ORIENTED_EDGE ( 'NONE', *, *, #3964, .T. ) ;
#972 = CARTESIAN_POINT ( 'NONE',  ( -0.1680566113412387819, 0.007166604759236580753, 0.1000000000000000056 ) ) ;
#973 = FACE_OUTER_BOUND ( 'NONE', #5547, .T. ) ;
#974 = CARTESIAN_POINT ( 'NONE',  ( -0.4494668677514952471, -0.01843435677922496130, 0.1000000000000000056 ) ) ;
#975 = AXIS2_PLACEMENT_3D ( 'NONE', #2013, #4305, #4281 ) ;
#976 = VECTOR ( 'NONE', #5344, 999.9999999999998863 ) ;
#977 = ORIENTED_EDGE ( 'NONE', *, *, #4290, .T. ) ;
#978 = FACE_OUTER_BOUND ( 'NONE', #2312, .T. ) ;
#979 = VECTOR ( 'NONE', #4210, 1000.000000000000000 ) ;
#980 = CARTESIAN_POINT ( 'NONE',  ( 0.2892751194279920002, 0.01141339963103145047, 4.065758146820641628E-17 ) ) ;
#981 = AXIS2_PLACEMENT_3D ( 'NONE', #3682, #4817, #4180 ) ;
#982 = ORIENTED_EDGE ( 'NONE', *, *, #1560, .F. ) ;
#983 = VECTOR ( 'NONE', #1150, 1000.000000000000000 ) ;
#984 =( NAMED_UNIT ( * ) SI_UNIT ( $, .STERADIAN. ) SOLID_ANGLE_UNIT ( ) );
#985 = VECTOR ( 'NONE', #6491, 1000.000000000000000 ) ;
#986 = SURFACE_SIDE_STYLE ('',( #4848 ) ) ;
#987 = AXIS2_PLACEMENT_3D ( 'NONE', #178, #5417, #405 ) ;
#988 = ORIENTED_EDGE ( 'NONE', *, *, #1318, .T. ) ;
#989 = CARTESIAN_POINT ( 'NONE',  ( 0.2494094653261708927, 0.1793850876615533940, 0.1000000000000000056 ) ) ;
#990 = ADVANCED_FACE ( 'NONE', ( #857 ), #6457, .T. ) ;
#991 = CARTESIAN_POINT ( 'NONE',  ( 0.2194675956065946509, -0.02303843517585147868, 0.1000000000000000056 ) ) ;
#992 = DIRECTION ( 'NONE',  ( -1.000000000000000000, 0.000000000000000000, -5.930899995426697620E-16 ) ) ;
#993 = ORIENTED_EDGE ( 'NONE', *, *, #3436, .F. ) ;
#994 = EDGE_CURVE ( 'NONE', #5636, #7210, #3476, .T. ) ;
#995 = CARTESIAN_POINT ( 'NONE',  ( 0.1684379627719808370, -0.01745128338793616729, 0.000000000000000000 ) ) ;
#996 = FILL_AREA_STYLE ('',( #2060 ) ) ;
#997 =( GEOMETRIC_REPRESENTATION_CONTEXT ( 3 ) GLOBAL_UNCERTAINTY_ASSIGNED_CONTEXT ( ( #3760 ) ) GLOBAL_UNIT_ASSIGNED_CONTEXT ( ( #10, #1069, #2239 ) ) REPRESENTATION_CONTEXT ( 'NONE', 'WORKASPACE' ) );
#998 = EDGE_CURVE ( 'NONE', #1433, #2300, #6370, .T. ) ;
#999 = VERTEX_POINT ( 'NONE', #4252 ) ;
#1000 =( NAMED_UNIT ( * ) PLANE_ANGLE_UNIT ( ) SI_UNIT ( $, .RADIAN. ) );
#1001 = ORIENTED_EDGE ( 'NONE', *, *, #703, .F. ) ;
#1002 = CARTESIAN_POINT ( 'NONE',  ( -0.3556768036489311169, 0.1425832714259032685, 0.000000000000000000 ) ) ;
#1003 = SURFACE_STYLE_USAGE ( .BOTH. , #3215 ) ;
#1004 = ORIENTED_EDGE ( 'NONE', *, *, #485, .F. ) ;
#1005 = LINE ( 'NONE', #1212, #4605 ) ;
#1006 = ORIENTED_EDGE ( 'NONE', *, *, #6391, .T. ) ;
#1007 = ORIENTED_EDGE ( 'NONE', *, *, #3668, .T. ) ;
#1008 = VECTOR ( 'NONE', #3391, 1000.000000000000000 ) ;
#1009 = DIRECTION ( 'NONE',  ( 0.000000000000000000, -0.1634146890614258940, 0.9865574688779956691 ) ) ;
#1010 = ORIENTED_EDGE ( 'NONE', *, *, #2069, .F. ) ;
#1011 = CARTESIAN_POINT ( 'NONE',  ( -0.3571591754438029342, 0.1815656432207750637, 0.000000000000000000 ) ) ;
#1012 = CARTESIAN_POINT ( 'NONE',  ( -0.2333395249691748441, 0.06451858058535347995, 5.421010862427522170E-17 ) ) ;
#1013 = FACE_OUTER_BOUND ( 'NONE', #6508, .T. ) ;
#1014 = CARTESIAN_POINT ( 'NONE',  ( -1.222465627358930718, -1.949999999999999956, 0.000000000000000000 ) ) ;
#1015 = FACE_OUTER_BOUND ( 'NONE', #3462, .T. ) ;
#1016 = SURFACE_SIDE_STYLE ('',( #6921 ) ) ;
#1017 = CARTESIAN_POINT ( 'NONE',  ( -0.4494668677514952471, -0.01843435677922496130, 0.1000000000000000056 ) ) ;
#1018 = EDGE_CURVE ( 'NONE', #1398, #1263, #2774, .T. ) ;
#1019 = VECTOR ( 'NONE', #5133, 1000.000000000000000 ) ;
#1020 = PLANE ( 'NONE',  #3236 ) ;
#1021 = VERTEX_POINT ( 'NONE', #2681 ) ;
#1022 = CARTESIAN_POINT ( 'NONE',  ( -0.4003883421104696416, 0.04566820732333915639, 0.000000000000000000 ) ) ;
#1023 = ORIENTED_EDGE ( 'NONE', *, *, #5763, .F. ) ;
#1024 = UNCERTAINTY_MEASURE_WITH_UNIT (LENGTH_MEASURE( 1.000000000000000082E-05 ), #675, 'distance_accuracy_value', 'NONE');
#1025 = FILL_AREA_STYLE_COLOUR ( '', #3415 ) ;
#1026 = FACE_OUTER_BOUND ( 'NONE', #3347, .T. ) ;
#1027 = CARTESIAN_POINT ( 'NONE',  ( -1.675252549177989714, -1.150000000000000133, 0.1000000000000000056 ) ) ;
#1028 = ADVANCED_FACE ( 'NONE', ( #2342 ), #506, .T. ) ;
#1029 = PRESENTATION_LAYER_ASSIGNMENT (  '', '', ( #416 ) ) ;
#1030 = FACE_OUTER_BOUND ( 'NONE', #1317, .T. ) ;
#1031 = LINE ( 'NONE', #7169, #498 ) ;
#1032 = LINE ( 'NONE', #275, #5332 ) ;
#1033 = FACE_OUTER_BOUND ( 'NONE', #1177, .T. ) ;
#1034 = CARTESIAN_POINT ( 'NONE',  ( 0.2854964680028240220, 0.007132203775165763329, 0.1000000000000000056 ) ) ;
#1035 = AXIS2_PLACEMENT_3D ( 'NONE', #3310, #1159, #3001 ) ;
#1036 = FACE_OUTER_BOUND ( 'NONE', #3548, .T. ) ;
#1037 = PLANE ( 'NONE',  #5169 ) ;
#1038 = CARTESIAN_POINT ( 'NONE',  ( 0.1197639014792740431, 0.1448669252720571066, 0.000000000000000000 ) ) ;
#1039 = DIRECTION ( 'NONE',  ( 1.000000000000000000, 0.000000000000000000, -0.000000000000000000 ) ) ;
#1040 = DIRECTION ( 'NONE',  ( 0.000000000000000000, 0.000000000000000000, 1.000000000000000000 ) ) ;
#1041 = CARTESIAN_POINT ( 'NONE',  ( -0.4299556498027773399, -0.01843435677922496130, 0.000000000000000000 ) ) ;
#1042 = PRESENTATION_STYLE_ASSIGNMENT (( #5840 ) ) ;
#1043 = EDGE_CURVE ( 'NONE', #2043, #4318, #5693, .T. ) ;
#1044 = DIRECTION ( 'NONE',  ( -0.000000000000000000, -1.000000000000000000, -0.000000000000000000 ) ) ;
#1045 = DIRECTION ( 'NONE',  ( -0.000000000000000000, 1.000000000000000000, -0.000000000000000000 ) ) ;
#1046 = ORIENTED_EDGE ( 'NONE', *, *, #7032, .F. ) ;
#1047 = COLOUR_RGB ( '',0.7960784313725489669, 0.8235294117647058432, 0.9372549019607843146 ) ;
#1048 = CARTESIAN_POINT ( 'NONE',  ( -0.1296519464932273658, 0.002359176858930656789, 0.000000000000000000 ) ) ;
#1049 = DIRECTION ( 'NONE',  ( 0.000000000000000000, -1.000000000000000000, 0.000000000000000000 ) ) ;
#1050 = CARTESIAN_POINT ( 'NONE',  ( -0.03408225236687983939, 0.002078463733595553239, 0.1000000000000000056 ) ) ;
#1051 = VECTOR ( 'NONE', #2187, 1000.000000000000000 ) ;
#1052 = CARTESIAN_POINT ( 'NONE',  ( -0.1622326260845571855, 0.1776266469913774793, 0.000000000000000000 ) ) ;
#1053 = EDGE_CURVE ( 'NONE', #5275, #3057, #5602, .T. ) ;
#1054 = CARTESIAN_POINT ( 'NONE',  ( -0.2793146241617516234, -0.01843435677922496130, 0.1000000000000000056 ) ) ;
#1055 = B_SPLINE_CURVE_WITH_KNOTS ( 'NONE', 3,
 ( #1273, #4130, #6394, #6868, #4082, #730, #4669, #3023, #5237, #1847, #6907 ),
 .UNSPECIFIED., .F., .F.,
 ( 4, 1, 1, 1, 1, 1, 1, 1, 4 ),
 ( 0.000000000000000000, 0.08431861695858089423, 0.1792845142139041781, 0.2865825276465601146, 0.4051114834342786075, 0.5355928734189734364, 0.6781902099934136174, 0.8329758397604892783, 1.000000000000000000 ),
 .UNSPECIFIED. ) ;
#1056 = EDGE_CURVE ( 'NONE', #6071, #300, #4286, .T. ) ;
#1057 = ORIENTED_EDGE ( 'NONE', *, *, #1917, .F. ) ;
#1058 = DIRECTION ( 'NONE',  ( 1.000000000000000000, 0.000000000000000000, 0.000000000000000000 ) ) ;
#1059 = CARTESIAN_POINT ( 'NONE',  ( -0.1761398272137496279, 0.1734723501510153643, 0.1000000000000000056 ) ) ;
#1060 = FILL_AREA_STYLE ('',( #3790 ) ) ;
#1061 = DIRECTION ( 'NONE',  ( -0.000000000000000000, -1.000000000000000000, -0.000000000000000000 ) ) ;
#1062 = CARTESIAN_POINT ( 'NONE',  ( -1.589670673659924871, -1.150000000000000133, 0.4414444057116679865 ) ) ;
#1063 = CARTESIAN_POINT ( 'NONE',  ( -0.1319588549309823888, -0.01843435677922496130, 0.1000000000000000056 ) ) ;
#1064 = ORIENTED_EDGE ( 'NONE', *, *, #523, .F. ) ;
#1065 = CARTESIAN_POINT ( 'NONE',  ( -0.2597232780079054559, -0.01843435677922496130, 0.000000000000000000 ) ) ;
#1066 = CARTESIAN_POINT ( 'NONE',  ( -0.2160465832790796070, 0.08601582112837209693, 0.1000000000000000056 ) ) ;
#1067 = CARTESIAN_POINT ( 'NONE',  ( 0.1354690296844022757, 0.03028359193872376398, 0.1000000000000000056 ) ) ;
#1068 = SURFACE_STYLE_FILL_AREA ( #5463 ) ;
#1069 =( NAMED_UNIT ( * ) PLANE_ANGLE_UNIT ( ) SI_UNIT ( $, .RADIAN. ) );
#1070 = SURFACE_STYLE_FILL_AREA ( #2020 ) ;
#1071 = CARTESIAN_POINT ( 'NONE',  ( -0.03408225236687983939, 0.09951436116949299859, 0.1000000000000000056 ) ) ;
#1072 = VERTEX_POINT ( 'NONE', #433 ) ;
#1073 = CARTESIAN_POINT ( 'NONE',  ( -0.2219506972203794670, 0.1326132887578431174, 0.1000000000000000056 ) ) ;
#1074 = COLOUR_RGB ( '',0.7960784313725489669, 0.8235294117647058432, 0.9372549019607843146 ) ;
#1075 = LINE ( 'NONE', #1806, #43 ) ;
#1076 = ORIENTED_EDGE ( 'NONE', *, *, #6852, .F. ) ;
#1077 = VERTEX_POINT ( 'NONE', #4325 ) ;
#1078 = ORIENTED_EDGE ( 'NONE', *, *, #813, .T. ) ;
#1079 = CARTESIAN_POINT ( 'NONE',  ( -0.1634492395463669756, 0.1554438483489801737, 0.000000000000000000 ) ) ;
#1080 =( NAMED_UNIT ( * ) SI_UNIT ( $, .STERADIAN. ) SOLID_ANGLE_UNIT ( ) );
#1081 = COLOUR_RGB ( '',0.1960784313725490169, 0.1960784313725490169, 0.1960784313725490169 ) ;
#1082 = SURFACE_SIDE_STYLE ('',( #3816 ) ) ;
#1083 = VERTEX_POINT ( 'NONE', #7232 ) ;
#1084 = ORIENTED_EDGE ( 'NONE', *, *, #4489, .T. ) ;
#1085 = CARTESIAN_POINT ( 'NONE',  ( 0.1569669314724594922, -0.01268722539842218576, 0.1000000000000000056 ) ) ;
#1086 = CARTESIAN_POINT ( 'NONE',  ( 1.300000000000000266, 0.9499999999999998446, 0.6151791245819073772 ) ) ;
#1087 = CARTESIAN_POINT ( 'NONE',  ( -0.1982720929191588433, -0.001433496380578347298, 5.421010862427522170E-17 ) ) ;
#1088 = SURFACE_STYLE_USAGE ( .BOTH. , #1016 ) ;
#1089 = ORIENTED_EDGE ( 'NONE', *, *, #5320, .T. ) ;
#1090 = CARTESIAN_POINT ( 'NONE',  ( 0.2913000133422662397, 0.01390146756915284186, -0.000000000000000000 ) ) ;
#1091 = ORIENTED_EDGE ( 'NONE', *, *, #3609, .T. ) ;
#1092 = PRESENTATION_LAYER_ASSIGNMENT (  '', '', ( #113 ) ) ;
#1093 = CARTESIAN_POINT ( 'NONE',  ( 0.2892751194279920002, 0.01141339963103145047, 0.000000000000000000 ) ) ;
#1094 = ORIENTED_EDGE ( 'NONE', *, *, #5153, .F. ) ;
#1095 = DIRECTION ( 'NONE',  ( -0.000000000000000000, -1.000000000000000000, -0.000000000000000000 ) ) ;
#1096 = MECHANICAL_DESIGN_GEOMETRIC_PRESENTATION_REPRESENTATION (  '', ( #3387 ), #478 ) ;
#1097 = EDGE_CURVE ( 'NONE', #5144, #3077, #3830, .T. ) ;
#1098 = CARTESIAN_POINT ( 'NONE',  ( 0.4146356963510689497, 0.1815656432207750637, 0.000000000000000000 ) ) ;
#1099 =( NAMED_UNIT ( * ) PLANE_ANGLE_UNIT ( ) SI_UNIT ( $, .RADIAN. ) );
#1100 = ORIENTED_EDGE ( 'NONE', *, *, #1504, .F. ) ;
#1101 = CARTESIAN_POINT ( 'NONE',  ( -0.1738258421104695306, 0.1743541047592366000, 0.000000000000000000 ) ) ;
#1102 = LINE ( 'NONE', #3344, #6265 ) ;
#1103 = FILL_AREA_STYLE_COLOUR ( '', #5067 ) ;
#1104 = ORIENTED_EDGE ( 'NONE', *, *, #873, .F. ) ;
#1105 = EDGE_CURVE ( 'NONE', #1532, #3695, #2692, .T. ) ;
#1106 = PRESENTATION_STYLE_ASSIGNMENT (( #4912 ) ) ;
#1107 = ADVANCED_FACE ( 'NONE', ( #2165 ), #2798, .T. ) ;
#1108 = EDGE_CURVE ( 'NONE', #1535, #196, #6225, .T. ) ;
#1109 = CARTESIAN_POINT ( 'NONE',  ( -1.300000000000000266, 1.149999999999999911, 0.6151791245819073772 ) ) ;
#1110 = ORIENTED_EDGE ( 'NONE', *, *, #4682, .T. ) ;
#1111 = CARTESIAN_POINT ( 'NONE',  ( -1.300000000000000266, 0.6500000000000001332, 0.6151791245819073772 ) ) ;
#1112 = CARTESIAN_POINT ( 'NONE',  ( -0.1872300166338195238, 0.1684399046987757054, 0.000000000000000000 ) ) ;
#1113 = CARTESIAN_POINT ( 'NONE',  ( 0.1869069822430086958, -0.02211687825250028411, -0.000000000000000000 ) ) ;
#1114 = CARTESIAN_POINT ( 'NONE',  ( 0.06078954250491507005, 0.1610528227079545405, 0.1000000000000000056 ) ) ;
#1115 = LINE ( 'NONE', #1699, #5503 ) ;
#1116 = DIRECTION ( 'NONE',  ( 0.000000000000000000, 1.000000000000000000, 0.000000000000000000 ) ) ;
#1117 = CARTESIAN_POINT ( 'NONE',  ( -0.1881040465074827750, 0.01719448683989427060, 0.1000000000000000056 ) ) ;
#1118 = CARTESIAN_POINT ( 'NONE',  ( -1.300000000000000044, 1.149999999999999911, 0.4551791245819074017 ) ) ;
#1119 = UNCERTAINTY_MEASURE_WITH_UNIT (LENGTH_MEASURE( 1.000000000000000082E-05 ), #3253, 'distance_accuracy_value', 'NONE');
#1120 = CARTESIAN_POINT ( 'NONE',  ( 0.2635417572308652034, -0.009948871779712415916, 0.1000000000000000056 ) ) ;
#1121 = SURFACE_STYLE_FILL_AREA ( #6299 ) ;
#1122 = CARTESIAN_POINT ( 'NONE',  ( 0.3048838256615918341, 0.03523351902871721397, 0.000000000000000000 ) ) ;
#1123 = VECTOR ( 'NONE', #5023, 1000.000000000000000 ) ;
#1124 = MECHANICAL_DESIGN_GEOMETRIC_PRESENTATION_REPRESENTATION (  '', ( #1447 ), #456 ) ;
#1125 = CARTESIAN_POINT ( 'NONE',  ( -1.300000000000000266, 0.2500000000000001110, 0.6151791245819073772 ) ) ;
#1126 = AXIS2_PLACEMENT_3D ( 'NONE', #6606, #2123, #2177 ) ;
#1127 = DIRECTION ( 'NONE',  ( -0.1313264056488086806, 0.000000000000000000, 0.9913391827116311283 ) ) ;
#1128 = LINE ( 'NONE', #4863, #4818 ) ;
#1129 = DIRECTION ( 'NONE',  ( 1.000000000000000000, 0.000000000000000000, 0.000000000000000000 ) ) ;
#1130 = FILL_AREA_STYLE ('',( #2246 ) ) ;
#1131 = CARTESIAN_POINT ( 'NONE',  ( 0.2070235168638894507, 0.1866938483489801737, 0.000000000000000000 ) ) ;
#1132 = PRESENTATION_LAYER_ASSIGNMENT (  '', '', ( #2980 ) ) ;
#1133 = DIRECTION ( 'NONE',  ( -0.9913391827116310173, 0.000000000000000000, 0.1313264056488086806 ) ) ;
#1134 = VERTEX_POINT ( 'NONE', #3937 ) ;
#1135 = CARTESIAN_POINT ( 'NONE',  ( -0.2340463113680731622, 0.07656953398856775062, 0.1000000000000000056 ) ) ;
#1136 = MECHANICAL_DESIGN_GEOMETRIC_PRESENTATION_REPRESENTATION (  '', ( #4653 ), #1495 ) ;
#1137 = FILL_AREA_STYLE ('',( #3992 ) ) ;
#1138 = MECHANICAL_DESIGN_GEOMETRIC_PRESENTATION_REPRESENTATION (  '', ( #4529 ), #6751 ) ;
#1139 = PRESENTATION_STYLE_ASSIGNMENT (( #2667 ) ) ;
#1140 = DIRECTION ( 'NONE',  ( -1.000000000000000000, 0.000000000000000000, 0.000000000000000000 ) ) ;
#1141 = CARTESIAN_POINT ( 'NONE',  ( -0.2089489844807147778, 0.04309669008378330668, 0.1000000000000000056 ) ) ;
#1142 = EDGE_CURVE ( 'NONE', #5379, #1685, #5452, .T. ) ;
#1143 =( NAMED_UNIT ( * ) PLANE_ANGLE_UNIT ( ) SI_UNIT ( $, .RADIAN. ) );
#1144 = CARTESIAN_POINT ( 'NONE',  ( 0.3084481639917725504, 0.04400037210176452329, 0.000000000000000000 ) ) ;
#1145 = COLOUR_RGB ( '',0.7960784313725489669, 0.8235294117647058432, 0.9372549019607843146 ) ;
#1146 = VERTEX_POINT ( 'NONE', #481 ) ;
#1147 = PLANE ( 'NONE',  #135 ) ;
#1148 = CARTESIAN_POINT ( 'NONE',  ( -0.1634492395463669756, 0.1554438483489801737, 0.1000000000000000056 ) ) ;
#1149 = CARTESIAN_POINT ( 'NONE',  ( -0.1319588549309823888, -0.01843435677922496130, 0.000000000000000000 ) ) ;
#1150 = DIRECTION ( 'NONE',  ( -0.000000000000000000, -1.000000000000000000, -0.000000000000000000 ) ) ;
#1151 = DIRECTION ( 'NONE',  ( 0.000000000000000000, 0.000000000000000000, 1.000000000000000000 ) ) ;
#1152 = ORIENTED_EDGE ( 'NONE', *, *, #6578, .T. ) ;
#1153 = EDGE_LOOP ( 'NONE', ( #3144, #5993, #5134, #2115 ) ) ;
#1154 = SURFACE_STYLE_FILL_AREA ( #1542 ) ;
#1155 = CARTESIAN_POINT ( 'NONE',  ( 0.06078954250491507005, 0.002078463733595553239, 0.1000000000000000056 ) ) ;
#1156 = LINE ( 'NONE', #318, #5714 ) ;
#1157 = CARTESIAN_POINT ( 'NONE',  ( 1.300000000000000266, 1.550000000000000266, 0.6151791245819069331 ) ) ;
#1158 = EDGE_CURVE ( 'NONE', #37, #2502, #21, .T. ) ;
#1159 = DIRECTION ( 'NONE',  ( 0.000000000000000000, 1.000000000000000000, 0.000000000000000000 ) ) ;
#1160 = LINE ( 'NONE', #6866, #6494 ) ;
#1161 = FILL_AREA_STYLE_COLOUR ( '', #5018 ) ;
#1162 = CARTESIAN_POINT ( 'NONE',  ( -0.1786830733678304028, 0.01139766719802832312, 0.1000000000000000056 ) ) ;
#1163 = SURFACE_SIDE_STYLE ('',( #4991 ) ) ;
#1164 = CARTESIAN_POINT ( 'NONE',  ( 0.3027995951308292133, 0.1323318310560325228, 0.1000000000000000056 ) ) ;
#1165 = ORIENTED_EDGE ( 'NONE', *, *, #6251, .T. ) ;
#1166 = FILL_AREA_STYLE ('',( #1765 ) ) ;
#1167 = VECTOR ( 'NONE', #2314, 1000.000000000000000 ) ;
#1168 = FILL_AREA_STYLE_COLOUR ( '', #4957 ) ;
#1169 = CARTESIAN_POINT ( 'NONE',  ( 2.000000000000000000, 0.9500000000000000666, -0.09999999999999995004 ) ) ;
#1170 = EDGE_LOOP ( 'NONE', ( #963, #1239, #6767, #4770, #5581, #6584, #50, #1235, #1488, #6333, #1858 ) ) ;
#1171 = PRESENTATION_LAYER_ASSIGNMENT (  '', '', ( #3684 ) ) ;
#1172 = ORIENTED_EDGE ( 'NONE', *, *, #2352, .T. ) ;
#1173 = ORIENTED_EDGE ( 'NONE', *, *, #1142, .F. ) ;
#1174 = CARTESIAN_POINT ( 'NONE',  ( -0.1478532077930365951, 0.1798354148751302173, 0.000000000000000000 ) ) ;
#1175 = CARTESIAN_POINT ( 'NONE',  ( -0.1582801567814543509, 0.004828350187376672688, 0.000000000000000000 ) ) ;
#1176 = UNCERTAINTY_MEASURE_WITH_UNIT (LENGTH_MEASURE( 1.000000000000000082E-05 ), #2668, 'distance_accuracy_value', 'NONE');
#1177 = EDGE_LOOP ( 'NONE', ( #6089, #4466, #7012, #1608 ) ) ;
#1178 = ORIENTED_EDGE ( 'NONE', *, *, #4968, .F. ) ;
#1179 = ORIENTED_EDGE ( 'NONE', *, *, #4639, .F. ) ;
#1180 =( LENGTH_UNIT ( ) NAMED_UNIT ( * ) SI_UNIT ( .MILLI., .METRE. ) );
#1181 = VERTEX_POINT ( 'NONE', #1577 ) ;
#1182 = ORIENTED_EDGE ( 'NONE', *, *, #1968, .T. ) ;
#1183 = ORIENTED_EDGE ( 'NONE', *, *, #5333, .F. ) ;
#1184 = CARTESIAN_POINT ( 'NONE',  ( -0.1786830733678304028, 0.01139766719802832312, 0.000000000000000000 ) ) ;
#1185 =( GEOMETRIC_REPRESENTATION_CONTEXT ( 3 ) GLOBAL_UNCERTAINTY_ASSIGNED_CONTEXT ( ( #5661 ) ) GLOBAL_UNIT_ASSIGNED_CONTEXT ( ( #4289, #2615, #2022 ) ) REPRESENTATION_CONTEXT ( 'NONE', 'WORKASPACE' ) );
#1186 = CARTESIAN_POINT ( 'NONE',  ( -1.300000000000000266, 1.949999999999999956, 1.100000000000000089 ) ) ;
#1187 = FILL_AREA_STYLE_COLOUR ( '', #119 ) ;
#1188 = EDGE_LOOP ( 'NONE', ( #6096, #4221, #3945, #391, #6246, #1774, #635, #5726, #5880, #2653, #6064, #6507 ) ) ;
#1189 = PLANE ( 'NONE',  #3654 ) ;
#1190 = LINE ( 'NONE', #3124, #2052 ) ;
#1191 = CARTESIAN_POINT ( 'NONE',  ( -0.1617720311822716528, 0.1559076442273411578, 0.1000000000000000056 ) ) ;
#1192 = CARTESIAN_POINT ( 'NONE',  ( -0.2301784902370728469, 0.1114174336295460227, 0.000000000000000000 ) ) ;
#1193 = DIRECTION ( 'NONE',  ( 0.4189977888269744155, 0.9079872537420919931, 0.000000000000000000 ) ) ;
#1194 = VECTOR ( 'NONE', #6810, 1000.000000000000000 ) ;
#1195 = EDGE_CURVE ( 'NONE', #4612, #3062, #5191, .T. ) ;
#1196 = ORIENTED_EDGE ( 'NONE', *, *, #7122, .T. ) ;
#1197 = EDGE_LOOP ( 'NONE', ( #3513, #143, #4302, #2406, #3431, #2812, #6380, #6403, #474, #1515 ) ) ;
#1198 = EDGE_CURVE ( 'NONE', #1467, #5041, #3947, .T. ) ;
#1199 = DIRECTION ( 'NONE',  ( -1.000000000000000000, -1.112002228190260952E-16, 0.000000000000000000 ) ) ;
#1200 = CARTESIAN_POINT ( 'NONE',  ( -0.1120756508109141125, 0.1610225546206020542, 0.1000000000000000056 ) ) ;
#1201 = DIRECTION ( 'NONE',  ( -0.000000000000000000, -1.000000000000000000, -0.000000000000000000 ) ) ;
#1202 = UNCERTAINTY_MEASURE_WITH_UNIT (LENGTH_MEASURE( 1.000000000000000082E-05 ), #1427, 'distance_accuracy_value', 'NONE');
#1203 = PRODUCT_CONTEXT ( 'NONE', #2302, 'mechanical' ) ;
#1204 = DIRECTION ( 'NONE',  ( 1.000000000000000000, 1.112002228190260952E-16, -0.000000000000000000 ) ) ;
#1205 = CARTESIAN_POINT ( 'NONE',  ( 0.2682633819393788199, -0.007052765227638937984, 0.1000000000000000056 ) ) ;
#1206 = SURFACE_SIDE_STYLE ('',( #2319 ) ) ;
#1207 = PRESENTATION_LAYER_ASSIGNMENT (  '', '', ( #6733 ) ) ;
#1208 = DIRECTION ( 'NONE',  ( 0.000000000000000000, -1.000000000000000000, 0.000000000000000000 ) ) ;
#1209 = CARTESIAN_POINT ( 'NONE',  ( -0.1019909062130336941, 0.1610528227079545405, 0.1000000000000000056 ) ) ;
#1210 = CARTESIAN_POINT ( 'NONE',  ( -0.1807153239156855662, 0.1717288362035339633, 0.000000000000000000 ) ) ;
#1211 = CARTESIAN_POINT ( 'NONE',  ( -0.1138768172607219076, 0.1815403535067198482, -0.000000000000000000 ) ) ;
#1212 = CARTESIAN_POINT ( 'NONE',  ( -0.08792840621303361914, 0.002078463733595553239, 0.1000000000000000056 ) ) ;
#1213 = CIRCLE ( 'NONE', #2089, 0.1738894337313157124 ) ;
#1214 = LINE ( 'NONE', #6580, #1564 ) ;
#1215 = CARTESIAN_POINT ( 'NONE',  ( 0.2141409855591870914, 0.1661119913575085649, 0.000000000000000000 ) ) ;
#1216 = CARTESIAN_POINT ( 'NONE',  ( -0.1582058260233322744, 0.1568938015167473665, 0.1000000000000000056 ) ) ;
#1217 = LINE ( 'NONE', #5867, #5955 ) ;
#1218 = DIRECTION ( 'NONE',  ( 0.000000000000000000, 0.000000000000000000, -1.000000000000000000 ) ) ;
#1219 = AXIS2_PLACEMENT_3D ( 'NONE', #1735, #1201, #5673 ) ;
#1220 = LINE ( 'NONE', #5947, #1487 ) ;
#1221 =( NAMED_UNIT ( * ) SI_UNIT ( $, .STERADIAN. ) SOLID_ANGLE_UNIT ( ) );
#1222 = MECHANICAL_DESIGN_GEOMETRIC_PRESENTATION_REPRESENTATION (  '', ( #1821 ), #6613 ) ;
#1223 = SURFACE_STYLE_USAGE ( .BOTH. , #2279 ) ;
#1224 = PRESENTATION_LAYER_ASSIGNMENT (  '', '', ( #2720 ) ) ;
#1225 = EDGE_CURVE ( 'NONE', #2231, #3180, #181, .T. ) ;
#1226 = CARTESIAN_POINT ( 'NONE',  ( 2.000000000000000000, -0.1350000000000001477, 0.05999999999999998390 ) ) ;
#1227 =( NAMED_UNIT ( * ) SI_UNIT ( $, .STERADIAN. ) SOLID_ANGLE_UNIT ( ) );
#1228 = EDGE_CURVE ( 'NONE', #6418, #1591, #3494, .T. ) ;
#1229 = CARTESIAN_POINT ( 'NONE',  ( -1.391402837117598157, 1.149999999999999911, 0.4151791245819074216 ) ) ;
#1230 = ORIENTED_EDGE ( 'NONE', *, *, #3339, .F. ) ;
#1231 =( NAMED_UNIT ( * ) PLANE_ANGLE_UNIT ( ) SI_UNIT ( $, .RADIAN. ) );
#1232 = CARTESIAN_POINT ( 'NONE',  ( -1.391402837117598157, 1.550000000000000044, 0.4151791245819074216 ) ) ;
#1233 = FACE_OUTER_BOUND ( 'NONE', #3165, .T. ) ;
#1234 = VECTOR ( 'NONE', #2593, 1000.000000000000000 ) ;
#1235 = ORIENTED_EDGE ( 'NONE', *, *, #4013, .F. ) ;
#1236 = DIRECTION ( 'NONE',  ( 1.112002228190260952E-16, -1.000000000000000000, 0.000000000000000000 ) ) ;
#1237 = VECTOR ( 'NONE', #626, 1000.000000000000000 ) ;
#1238 = LINE ( 'NONE', #2794, #4500 ) ;
#1239 = ORIENTED_EDGE ( 'NONE', *, *, #4913, .F. ) ;
#1240 = ORIENTED_EDGE ( 'NONE', *, *, #3718, .F. ) ;
#1241 = ORIENTED_EDGE ( 'NONE', *, *, #4929, .F. ) ;
#1242 = EDGE_CURVE ( 'NONE', #6577, #4880, #2440, .T. ) ;
#1243 = CARTESIAN_POINT ( 'NONE',  ( 0.2070235168638894507, 0.1866938483489801737, 0.1000000000000000056 ) ) ;
#1244 = CARTESIAN_POINT ( 'NONE',  ( 0.2824202413922963228, 0.03381576597258217909, 0.1000000000000000056 ) ) ;
#1245 = MECHANICAL_DESIGN_GEOMETRIC_PRESENTATION_REPRESENTATION (  '', ( #3635 ), #1629 ) ;
#1246 = SURFACE_STYLE_FILL_AREA ( #5612 ) ;
#1247 = ORIENTED_EDGE ( 'NONE', *, *, #4627, .T. ) ;
#1248 = CARTESIAN_POINT ( 'NONE',  ( -1.300000000000000266, 0.6500000000000001332, 0.6151791245819073772 ) ) ;
#1249 = ORIENTED_EDGE ( 'NONE', *, *, #3860, .T. ) ;
#1250 = CARTESIAN_POINT ( 'NONE',  ( -0.1019909062130336941, 0.1610528227079545405, 0.000000000000000000 ) ) ;
#1251 = DIRECTION ( 'NONE',  ( -0.9080590238365493505, 0.4188422247446084157, 0.000000000000000000 ) ) ;
#1252 = AXIS2_PLACEMENT_3D ( 'NONE', #5929, #904, #3091 ) ;
#1253 = ORIENTED_EDGE ( 'NONE', *, *, #5538, .F. ) ;
#1254 = CARTESIAN_POINT ( 'NONE',  ( 0.2424084926849147115, 0.002843500369605509066, 0.1000000000000000056 ) ) ;
#1255 = LINE ( 'NONE', #4589, #4427 ) ;
#1256 = CARTESIAN_POINT ( 'NONE',  ( 1.431056404426063855, -0.1350000000000001477, 0.4204321808078592682 ) ) ;
#1257 = EDGE_LOOP ( 'NONE', ( #4959, #4861, #3708, #3892 ) ) ;
#1258 = VERTEX_POINT ( 'NONE', #1751 ) ;
#1259 = PRESENTATION_LAYER_ASSIGNMENT (  '', '', ( #1349 ) ) ;
#1260 = CARTESIAN_POINT ( 'NONE',  ( -2.000000000000000000, 1.550000000000000044, -0.1000000000000000056 ) ) ;
#1261 = ORIENTED_EDGE ( 'NONE', *, *, #5068, .F. ) ;
#1262 = PRESENTATION_STYLE_ASSIGNMENT (( #5069 ) ) ;
#1263 = VERTEX_POINT ( 'NONE', #4541 ) ;
#1264 = CARTESIAN_POINT ( 'NONE',  ( -0.1935382043035081823, -0.004699585229038461855, 0.1000000000000000056 ) ) ;
#1265 = EDGE_CURVE ( 'NONE', #5821, #2542, #612, .T. ) ;
#1266 =( NAMED_UNIT ( * ) SI_UNIT ( $, .STERADIAN. ) SOLID_ANGLE_UNIT ( ) );
#1267 = LINE ( 'NONE', #4856, #1528 ) ;
#1268 = PRESENTATION_LAYER_ASSIGNMENT (  '', '', ( #2261 ) ) ;
#1269 = EDGE_CURVE ( 'NONE', #3077, #2366, #3044, .T. ) ;
#1270 =( NAMED_UNIT ( * ) PLANE_ANGLE_UNIT ( ) SI_UNIT ( $, .RADIAN. ) );
#1271 = ORIENTED_EDGE ( 'NONE', *, *, #3388, .T. ) ;
#1272 = CARTESIAN_POINT ( 'NONE',  ( 0.1973522745792741784, 0.1659081931207602723, 0.000000000000000000 ) ) ;
#1273 = CARTESIAN_POINT ( 'NONE',  ( -0.1634492395463669756, 0.1554438483489801737, 0.000000000000000000 ) ) ;
#1274 = LINE ( 'NONE', #3134, #591 ) ;
#1275 = FILL_AREA_STYLE_COLOUR ( '', #3570 ) ;
#1276 = DIRECTION ( 'NONE',  ( -0.000000000000000000, -1.000000000000000000, -0.000000000000000000 ) ) ;
#1277 =( NAMED_UNIT ( * ) PLANE_ANGLE_UNIT ( ) SI_UNIT ( $, .RADIAN. ) );
#1278 = PRESENTATION_STYLE_ASSIGNMENT (( #720 ) ) ;
#1279 = CARTESIAN_POINT ( 'NONE',  ( -1.476984712635663444, -1.150000000000000133, 0.07373471887023937132 ) ) ;
#1280 = COLOUR_RGB ( '',0.7960784313725489669, 0.8235294117647058432, 0.9372549019607843146 ) ;
#1281 = DIRECTION ( 'NONE',  ( -0.000000000000000000, -0.000000000000000000, 1.000000000000000000 ) ) ;
#1282 = VECTOR ( 'NONE', #4877, 1000.000000000000000 ) ;
#1283 = EDGE_CURVE ( 'NONE', #1072, #6340, #1823, .T. ) ;
#1284 =( NAMED_UNIT ( * ) PLANE_ANGLE_UNIT ( ) SI_UNIT ( $, .RADIAN. ) );
#1285 = PRESENTATION_LAYER_ASSIGNMENT (  '', '', ( #1626 ) ) ;
#1286 = CARTESIAN_POINT ( 'NONE',  ( 0.2081453117356843185, 0.1661810278361596782, 0.000000000000000000 ) ) ;
#1287 = CARTESIAN_POINT ( 'NONE',  ( 0.1742838856162280126, 0.1824892985313283089, 0.1000000000000000056 ) ) ;
#1288 = VECTOR ( 'NONE', #4561, 1000.000000000000000 ) ;
#1289 = CARTESIAN_POINT ( 'NONE',  ( -0.1490004730681709078, -0.01781608121700889447, 0.1000000000000000056 ) ) ;
#1290 = CARTESIAN_POINT ( 'NONE',  ( -0.1881040465074827750, 0.01719448683989427060, 0.000000000000000000 ) ) ;
#1291 = LINE ( 'NONE', #541, #3 ) ;
#1292 =( NAMED_UNIT ( * ) PLANE_ANGLE_UNIT ( ) SI_UNIT ( $, .RADIAN. ) );
#1293 = CARTESIAN_POINT ( 'NONE',  ( 0.2194675956065946509, -0.02303843517585147868, 4.065758146820641628E-17 ) ) ;
#1294 = CARTESIAN_POINT ( 'NONE',  ( 0.1388149345518956135, 0.1368352879630811703, 0.000000000000000000 ) ) ;
#1295 =( NAMED_UNIT ( * ) SI_UNIT ( $, .STERADIAN. ) SOLID_ANGLE_UNIT ( ) );
#1296 = PRESENTATION_STYLE_ASSIGNMENT (( #4803 ) ) ;
#1297 = CARTESIAN_POINT ( 'NONE',  ( 0.2582184941570170311, 0.1519557492984058289, -1.355252715606880543E-17 ) ) ;
#1298 = DIRECTION ( 'NONE',  ( -0.1313264056488087639, -2.035283900184111457E-17, 0.9913391827116311283 ) ) ;
#1299 = CARTESIAN_POINT ( 'NONE',  ( -1.391402837117598157, 0.2500000000000001110, 0.4551791245819074017 ) ) ;
#1300 = EDGE_LOOP ( 'NONE', ( #7023, #3002, #3374, #151 ) ) ;
#1301 = LINE ( 'NONE', #2425, #5268 ) ;
#1302 = CARTESIAN_POINT ( 'NONE',  ( 0.1354690296844022757, 0.03028359193872376398, 0.000000000000000000 ) ) ;
#1303 = VECTOR ( 'NONE', #2607, 1000.000000000000000 ) ;
#1304 = DIRECTION ( 'NONE',  ( 0.000000000000000000, -0.000000000000000000, 1.000000000000000000 ) ) ;
#1305 = VERTEX_POINT ( 'NONE', #3413 ) ;
#1306 = ADVANCED_FACE ( 'NONE', ( #1566 ), #5660, .T. ) ;
#1307 = ADVANCED_FACE ( 'NONE', ( #4741 ), #4636, .T. ) ;
#1308 = PLANE ( 'NONE',  #2663 ) ;
#1309 = CARTESIAN_POINT ( 'NONE',  ( 0.2315112645590717000, -0.02139901414876799191, 0.1000000000000000056 ) ) ;
#1310 = ORIENTED_EDGE ( 'NONE', *, *, #6124, .T. ) ;
#1311 = PLANE ( 'NONE',  #2058 ) ;
#1312 = FACE_OUTER_BOUND ( 'NONE', #3428, .T. ) ;
#1313 = EDGE_CURVE ( 'NONE', #1467, #6182, #3136, .T. ) ;
#1314 = CARTESIAN_POINT ( 'NONE',  ( 0.2854964680028240220, 0.007132203775165763329, 0.000000000000000000 ) ) ;
#1315 = UNCERTAINTY_MEASURE_WITH_UNIT (LENGTH_MEASURE( 1.000000000000000082E-05 ), #269, 'distance_accuracy_value', 'NONE');
#1316 = DIRECTION ( 'NONE',  ( 0.000000000000000000, 0.000000000000000000, -1.000000000000000000 ) ) ;
#1317 = EDGE_LOOP ( 'NONE', ( #1708, #319, #726, #3096 ) ) ;
#1318 = EDGE_CURVE ( 'NONE', #1784, #2584, #7071, .T. ) ;
#1319 = CARTESIAN_POINT ( 'NONE',  ( -0.1654766091982566578, 0.1547794432365036665, 0.1000000000000000056 ) ) ;
#1320 = DIRECTION ( 'NONE',  ( 0.000000000000000000, 0.000000000000000000, -1.000000000000000000 ) ) ;
#1321 = VECTOR ( 'NONE', #1420, 1000.000000000000000 ) ;
#1322 = VERTEX_POINT ( 'NONE', #5241 ) ;
#1323 = VERTEX_POINT ( 'NONE', #667 ) ;
#1324 = CARTESIAN_POINT ( 'NONE',  ( 0.3377126194279920224, -0.01843435677922496130, -0.000000000000000000 ) ) ;
#1325 = CARTESIAN_POINT ( 'NONE',  ( 0.1623468040309042348, 0.1783077654094888664, 0.1000000000000000056 ) ) ;
#1326 = VERTEX_POINT ( 'NONE', #1770 ) ;
#1327 = CARTESIAN_POINT ( 'NONE',  ( -1.675252549177989714, -1.150000000000000133, 0.09999999999999996392 ) ) ;
#1328 = CARTESIAN_POINT ( 'NONE',  ( -0.3097232780079054448, 0.04566820732333915639, 0.000000000000000000 ) ) ;
#1329 = VERTEX_POINT ( 'NONE', #1830 ) ;
#1330 = STYLED_ITEM ( 'NONE', ( #1541 ), #3768 ) ;
#1331 = ORIENTED_EDGE ( 'NONE', *, *, #7183, .T. ) ;
#1332 = FILL_AREA_STYLE ('',( #5785 ) ) ;
#1333 = ORIENTED_EDGE ( 'NONE', *, *, #120, .F. ) ;
#1334 = CARTESIAN_POINT ( 'NONE',  ( 0.2131876669430445848, -0.02351798759933488789, 4.065758146820641628E-17 ) ) ;
#1335 = FILL_AREA_STYLE_COLOUR ( '', #6319 ) ;
#1336 = ORIENTED_EDGE ( 'NONE', *, *, #1658, .T. ) ;
#1337 = VECTOR ( 'NONE', #1193, 1000.000000000000114 ) ;
#1338 = ORIENTED_EDGE ( 'NONE', *, *, #4052, .T. ) ;
#1339 = VERTEX_POINT ( 'NONE', #1850 ) ;
#1340 = CARTESIAN_POINT ( 'NONE',  ( 0.2532025392429991806, 0.1549058889980234888, 0.1000000000000000056 ) ) ;
#1341 = CARTESIAN_POINT ( 'NONE',  ( -0.9323315412195577467, 1.408911553841009523, 1.080000000000000071 ) ) ;
#1342 = FACE_OUTER_BOUND ( 'NONE', #1841, .T. ) ;
#1343 =( NAMED_UNIT ( * ) SI_UNIT ( $, .STERADIAN. ) SOLID_ANGLE_UNIT ( ) );
#1344 = AXIS2_PLACEMENT_3D ( 'NONE', #1352, #1395, #2966 ) ;
#1345 = DIRECTION ( 'NONE',  ( -1.000000000000000000, 0.000000000000000000, 0.000000000000000000 ) ) ;
#1346 = ADVANCED_FACE ( 'NONE', ( #965 ), #4586, .T. ) ;
#1347 = FILL_AREA_STYLE ('',( #1950 ) ) ;
#1348 = VERTEX_POINT ( 'NONE', #2931 ) ;
#1349 = STYLED_ITEM ( 'NONE', ( #1106 ), #2703 ) ;
#1350 = LINE ( 'NONE', #264, #5593 ) ;
#1351 = CARTESIAN_POINT ( 'NONE',  ( 0.06078954250491507005, 0.09951436116949299859, 0.1000000000000000056 ) ) ;
#1352 = CARTESIAN_POINT ( 'NONE',  ( -1.391402837117598379, 1.149999999999999911, 0.4151791245819074216 ) ) ;
#1353 = CARTESIAN_POINT ( 'NONE',  ( 0.1805194636849652701, 0.1839868597581612308, 0.1000000000000000056 ) ) ;
#1354 =( GEOMETRIC_REPRESENTATION_CONTEXT ( 3 ) GLOBAL_UNCERTAINTY_ASSIGNED_CONTEXT ( ( #13 ) ) GLOBAL_UNIT_ASSIGNED_CONTEXT ( ( #3627, #7042, #5897 ) ) REPRESENTATION_CONTEXT ( 'NONE', 'WORKASPACE' ) );
#1355 = CYLINDRICAL_SURFACE ( 'NONE', #2971, 0.1738894337313157124 ) ;
#1356 = CARTESIAN_POINT ( 'NONE',  ( 0.4325844142997869457, 0.1815656432207750637, 0.1000000000000000056 ) ) ;
#1357 = ORIENTED_EDGE ( 'NONE', *, *, #2534, .F. ) ;
#1358 = AXIS2_PLACEMENT_3D ( 'NONE', #6614, #3877, #552 ) ;
#1359 = EDGE_CURVE ( 'NONE', #3695, #884, #5109, .T. ) ;
#1360 = LINE ( 'NONE', #3393, #6619 ) ;
#1361 =( NAMED_UNIT ( * ) PLANE_ANGLE_UNIT ( ) SI_UNIT ( $, .RADIAN. ) );
#1362 = CARTESIAN_POINT ( 'NONE',  ( -0.2244696576097481300, 0.03194580670247221255, 0.000000000000000000 ) ) ;
#1363 = LINE ( 'NONE', #5923, #4455 ) ;
#1364 = CARTESIAN_POINT ( 'NONE',  ( 0.2258759298238646462, 0.1646536864861089799, 0.1000000000000000056 ) ) ;
#1365 =( NAMED_UNIT ( * ) SI_UNIT ( $, .STERADIAN. ) SOLID_ANGLE_UNIT ( ) );
#1366 = CARTESIAN_POINT ( 'NONE',  ( -1.589670673659924871, -1.150000000000000133, 0.4414444057116680975 ) ) ;
#1367 = CARTESIAN_POINT ( 'NONE',  ( 1.391402837117598379, -0.6850000000000002753, 0.4151791245819071996 ) ) ;
#1368 =( LENGTH_UNIT ( ) NAMED_UNIT ( * ) SI_UNIT ( .MILLI., .METRE. ) );
#1369 = CARTESIAN_POINT ( 'NONE',  ( -1.300000000000000266, 1.949999999999999956, 1.100000000000000089 ) ) ;
#1370 = SURFACE_STYLE_USAGE ( .BOTH. , #3505 ) ;
#1371 = CARTESIAN_POINT ( 'NONE',  ( 0.1459056739264459057, 0.1696882893585719698, -1.355252715606880543E-17 ) ) ;
#1372 = EDGE_CURVE ( 'NONE', #4966, #4437, #4652, .T. ) ;
#1373 = EDGE_LOOP ( 'NONE', ( #2396, #2132, #710, #4016 ) ) ;
#1374 = LINE ( 'NONE', #1996, #4374 ) ;
#1375 = DIRECTION ( 'NONE',  ( -0.000000000000000000, -1.000000000000000000, -0.000000000000000000 ) ) ;
#1376 = ADVANCED_FACE ( 'NONE', ( #3579 ), #4046, .F. ) ;
#1377 =( NAMED_UNIT ( * ) SI_UNIT ( $, .STERADIAN. ) SOLID_ANGLE_UNIT ( ) );
#1378 = CARTESIAN_POINT ( 'NONE',  ( 0.4325844142997869457, 0.1815656432207750637, 0.1000000000000000056 ) ) ;
#1379 = SURFACE_SIDE_STYLE ('',( #1455 ) ) ;
#1380 = AXIS2_PLACEMENT_3D ( 'NONE', #4579, #576, #1670 ) ;
#1381 = CARTESIAN_POINT ( 'NONE',  ( 0.2315737278935006693, 0.1633893823019118008, -1.355252715606880543E-17 ) ) ;
#1382 = VERTEX_POINT ( 'NONE', #4646 ) ;
#1383 = PLANE ( 'NONE',  #2241 ) ;
#1384 = FILL_AREA_STYLE ('',( #4727 ) ) ;
#1385 =( GEOMETRIC_REPRESENTATION_CONTEXT ( 3 ) GLOBAL_UNCERTAINTY_ASSIGNED_CONTEXT ( ( #6538 ) ) GLOBAL_UNIT_ASSIGNED_CONTEXT ( ( #679, #1270, #5832 ) ) REPRESENTATION_CONTEXT ( 'NONE', 'WORKASPACE' ) );
#1386 = CARTESIAN_POINT ( 'NONE',  ( 0.3377126194279920224, -0.01843435677922496130, 0.1000000000000000056 ) ) ;
#1387 = FILL_AREA_STYLE ('',( #786 ) ) ;
#1388 =( NAMED_UNIT ( * ) SI_UNIT ( $, .STERADIAN. ) SOLID_ANGLE_UNIT ( ) );
#1389 = LINE ( 'NONE', #1399, #2363 ) ;
#1390 = PRESENTATION_LAYER_ASSIGNMENT (  '', '', ( #5273 ) ) ;
#1391 = ORIENTED_EDGE ( 'NONE', *, *, #6251, .F. ) ;
#1392 = ORIENTED_EDGE ( 'NONE', *, *, #4399, .T. ) ;
#1393 = FILL_AREA_STYLE ('',( #2509 ) ) ;
#1394 = EDGE_CURVE ( 'NONE', #3070, #5748, #4840, .T. ) ;
#1395 = DIRECTION ( 'NONE',  ( -0.000000000000000000, -1.000000000000000000, -0.000000000000000000 ) ) ;
#1396 = DIRECTION ( 'NONE',  ( -0.1313264056488092912, 0.000000000000000000, 0.9913391827116309063 ) ) ;
#1397 = SURFACE_SIDE_STYLE ('',( #6802 ) ) ;
#1398 = VERTEX_POINT ( 'NONE', #1794 ) ;
#1399 = CARTESIAN_POINT ( 'NONE',  ( 1.589670673659924649, -1.485000000000000320, 0.4414444057116678755 ) ) ;
#1400 = CARTESIAN_POINT ( 'NONE',  ( 0.1409076820002939101, 0.1662428147583187021, 0.1000000000000000056 ) ) ;
#1401 = PRESENTATION_STYLE_ASSIGNMENT (( #3399 ) ) ;
#1402 = EDGE_CURVE ( 'NONE', #1535, #5501, #5933, .T. ) ;
#1403 = PLANE ( 'NONE',  #421 ) ;
#1404 = AXIS2_PLACEMENT_3D ( 'NONE', #2979, #164, #6895 ) ;
#1405 = CARTESIAN_POINT ( 'NONE',  ( -0.1982720929191588433, -0.001433496380578347298, 0.000000000000000000 ) ) ;
#1406 = VERTEX_POINT ( 'NONE', #4677 ) ;
#1407 = PLANE ( 'NONE',  #796 ) ;
#1408 = UNCERTAINTY_MEASURE_WITH_UNIT (LENGTH_MEASURE( 1.000000000000000082E-05 ), #6421, 'distance_accuracy_value', 'NONE');
#1409 = ORIENTED_EDGE ( 'NONE', *, *, #7171, .T. ) ;
#1410 = ORIENTED_EDGE ( 'NONE', *, *, #898, .T. ) ;
#1411 = EDGE_CURVE ( 'NONE', #6520, #226, #1301, .T. ) ;
#1412 = CARTESIAN_POINT ( 'NONE',  ( 0.1461269828616128252, 0.1440492768715153360, 0.000000000000000000 ) ) ;
#1413 =( NAMED_UNIT ( * ) SI_UNIT ( $, .STERADIAN. ) SOLID_ANGLE_UNIT ( ) );
#1414 = CARTESIAN_POINT ( 'NONE',  ( 0.1426292300737510010, 0.02242336087043520290, 0.000000000000000000 ) ) ;
#1415 = CARTESIAN_POINT ( 'NONE',  ( -0.1720567165697217960, 0.1749390115268092405, 0.1000000000000000056 ) ) ;
#1416 = ORIENTED_EDGE ( 'NONE', *, *, #1984, .F. ) ;
#1417 = DIRECTION ( 'NONE',  ( -0.000000000000000000, -0.000000000000000000, -1.000000000000000000 ) ) ;
#1418 = MECHANICAL_DESIGN_GEOMETRIC_PRESENTATION_REPRESENTATION (  '', ( #173 ), #4014 ) ;
#1419 = ADVANCED_FACE ( 'NONE', ( #5787 ), #5260, .F. ) ;
#1420 = DIRECTION ( 'NONE',  ( -0.000000000000000000, -1.000000000000000000, -0.000000000000000000 ) ) ;
#1421 = ORIENTED_EDGE ( 'NONE', *, *, #860, .F. ) ;
#1422 = PLANE ( 'NONE',  #26 ) ;
#1423 = ORIENTED_EDGE ( 'NONE', *, *, #2131, .F. ) ;
#1424 = CARTESIAN_POINT ( 'NONE',  ( -1.431056404426063855, -1.150000000000000133, 0.4204321808078594902 ) ) ;
#1425 = LINE ( 'NONE', #5756, #3984 ) ;
#1426 = ORIENTED_EDGE ( 'NONE', *, *, #1782, .F. ) ;
#1427 =( LENGTH_UNIT ( ) NAMED_UNIT ( * ) SI_UNIT ( .MILLI., .METRE. ) );
#1428 = VERTEX_POINT ( 'NONE', #279 ) ;
#1429 = CARTESIAN_POINT ( 'NONE',  ( 1.675252549177991046, 0.9500000000000000666, -0.09999999999999995004 ) ) ;
#1430 = PRESENTATION_LAYER_ASSIGNMENT (  '', '', ( #3734 ) ) ;
#1431 = ORIENTED_EDGE ( 'NONE', *, *, #4913, .T. ) ;
#1432 = EDGE_LOOP ( 'NONE', ( #5557, #5667, #5738, #2034, #4921, #1357, #1392, #4056 ) ) ;
#1433 = VERTEX_POINT ( 'NONE', #6913 ) ;
#1434 = CARTESIAN_POINT ( 'NONE',  ( 2.000000000000000444, -1.949999999999999956, 0.6151791245819069331 ) ) ;
#1435 = VECTOR ( 'NONE', #2129, 1000.000000000000000 ) ;
#1436 = SURFACE_STYLE_FILL_AREA ( #6573 ) ;
#1437 = CARTESIAN_POINT ( 'NONE',  ( 0.2586352537241270455, -0.01256553228834741270, 0.000000000000000000 ) ) ;
#1438 = ORIENTED_EDGE ( 'NONE', *, *, #4573, .T. ) ;
#1439 = CARTESIAN_POINT ( 'NONE',  ( 1.476984712635663444, -0.1350000000000001477, 0.07373471887023939908 ) ) ;
#1440 = SURFACE_SIDE_STYLE ('',( #5121 ) ) ;
#1441 = DIRECTION ( 'NONE',  ( 1.000000000000000000, 0.000000000000000000, 0.000000000000000000 ) ) ;
#1442 = LINE ( 'NONE', #3171, #3381 ) ;
#1443 = CARTESIAN_POINT ( 'NONE',  ( 0.06078954250491507005, 0.09951436116949299859, 0.1000000000000000056 ) ) ;
#1444 = COLOUR_RGB ( '',0.7960784313725489669, 0.8235294117647058432, 0.9372549019607843146 ) ;
#1445 = DIRECTION ( 'NONE',  ( 2.710505431213761479E-15, -0.000000000000000000, -1.000000000000000000 ) ) ;
#1446 = CARTESIAN_POINT ( 'NONE',  ( 0.1210277934724808407, 0.01675378479585310290, 0.000000000000000000 ) ) ;
#1447 = STYLED_ITEM ( 'NONE', ( #4721 ), #3663 ) ;
#1448 = CARTESIAN_POINT ( 'NONE',  ( 1.391402837117598157, -0.1350000000000001477, 0.4151791245819071996 ) ) ;
#1449 = CIRCLE ( 'NONE', #2487, 0.04000000000000004940 ) ;
#1450 = CARTESIAN_POINT ( 'NONE',  ( -2.000000000000000000, 0.6500000000000001332, 0.06000000000000001166 ) ) ;
#1451 = CARTESIAN_POINT ( 'NONE',  ( -1.635598981869524238, -1.150000000000000133, 0.09474694377404786760 ) ) ;
#1452 = PRESENTATION_STYLE_ASSIGNMENT (( #3998 ) ) ;
#1453 =( LENGTH_UNIT ( ) NAMED_UNIT ( * ) SI_UNIT ( .MILLI., .METRE. ) );
#1454 = AXIS2_PLACEMENT_3D ( 'NONE', #2959, #6322, #5263 ) ;
#1455 = SURFACE_STYLE_FILL_AREA ( #4769 ) ;
#1456 = DIRECTION ( 'NONE',  ( -1.000000000000000000, 0.000000000000000000, -4.173251282424003099E-16 ) ) ;
#1457 = STYLED_ITEM ( 'NONE', ( #1916 ), #6918 ) ;
#1458 = EDGE_CURVE ( 'NONE', #1072, #6338, #177, .T. ) ;
#1459 = ADVANCED_FACE ( 'NONE', ( #5444 ), #1383, .F. ) ;
#1460 = DIRECTION ( 'NONE',  ( 2.710505431213765029E-15, 0.000000000000000000, 1.000000000000000000 ) ) ;
#1461 = VECTOR ( 'NONE', #3904, 1000.000000000000000 ) ;
#1462 = B_SPLINE_CURVE_WITH_KNOTS ( 'NONE', 3,
 ( #972, #1529, #5424, #317, #3183, #7044, #5472, #948, #338, #2084, #4222, #5447, #4836, #1983, #3733, #3704, #6023, #6456, #2061 ),
 .UNSPECIFIED., .F., .F.,
 ( 4, 1, 1, 1, 1, 1, 1, 1, 1, 1, 1, 1, 1, 1, 1, 1, 4 ),
 ( 0.000000000000000000, 0.06241450026327791806, 0.1233382314733143525, 0.1831245376921932511, 0.2417829946389428997, 0.3005788825509771445, 0.3596800748966263450, 0.4188816408500465882, 0.4795306644577832511, 0.5408505357600387198, 0.6023033958983802227, 0.6644632119464729536, 0.7278057226670121560, 0.7928948147812349134, 0.8596723283028315787, 0.9284644007334887927, 0.9999999999999998890 ),
 .UNSPECIFIED. ) ;
#1463 = EDGE_CURVE ( 'NONE', #4224, #215, #1217, .T. ) ;
#1464 = CARTESIAN_POINT ( 'NONE',  ( -0.03408225236687983939, -0.01843435677922496130, 0.000000000000000000 ) ) ;
#1465 = VECTOR ( 'NONE', #2399, 1000.000000000000000 ) ;
#1466 = EDGE_CURVE ( 'NONE', #1428, #6520, #2790, .T. ) ;
#1467 = VERTEX_POINT ( 'NONE', #6397 ) ;
#1468 = VECTOR ( 'NONE', #2709, 1000.000000000000114 ) ;
#1469 = DIRECTION ( 'NONE',  ( 0.000000000000000000, 0.000000000000000000, -1.000000000000000000 ) ) ;
#1470 = SURFACE_SIDE_STYLE ('',( #958 ) ) ;
#1471 = CARTESIAN_POINT ( 'NONE',  ( -1.391402837117598157, 1.149999999999999911, 0.4551791245819074017 ) ) ;
#1472 = CARTESIAN_POINT ( 'NONE',  ( -1.675252549177989936, -1.150000000000000133, 0.05999999999999992839 ) ) ;
#1473 = CARTESIAN_POINT ( 'NONE',  ( 0.2588104854219183126, 0.1750995926657752944, 0.1000000000000000056 ) ) ;
#1474 = PRESENTATION_STYLE_ASSIGNMENT (( #6654 ) ) ;
#1475 =( NAMED_UNIT ( * ) PLANE_ANGLE_UNIT ( ) SI_UNIT ( $, .RADIAN. ) );
#1476 = CARTESIAN_POINT ( 'NONE',  ( 0.1364861534527319065, 0.0005912949258635862319, 0.1000000000000000056 ) ) ;
#1477 = UNCERTAINTY_MEASURE_WITH_UNIT (LENGTH_MEASURE( 1.000000000000000082E-05 ), #1726, 'distance_accuracy_value', 'NONE');
#1478 = CARTESIAN_POINT ( 'NONE',  ( 0.2034117423279921955, -0.002953239694557773572, 0.1000000000000000056 ) ) ;
#1479 = DIRECTION ( 'NONE',  ( -0.000000000000000000, 1.000000000000000000, -0.000000000000000000 ) ) ;
#1480 = COLOUR_RGB ( '',0.7960784313725489669, 0.8235294117647058432, 0.9372549019607843146 ) ;
#1481 = AXIS2_PLACEMENT_3D ( 'NONE', #5688, #5096, #5663 ) ;
#1482 = DIRECTION ( 'NONE',  ( -1.112002228190260952E-16, 1.000000000000000000, 0.000000000000000000 ) ) ;
#1483 = ORIENTED_EDGE ( 'NONE', *, *, #6996, .T. ) ;
#1484 = CARTESIAN_POINT ( 'NONE',  ( 1.675252549177991046, 1.550000000000000266, -0.09999999999999995004 ) ) ;
#1485 = COLOUR_RGB ( '',0.1960784313725490169, 0.1960784313725490169, 0.1960784313725490169 ) ;
#1486 = FACE_OUTER_BOUND ( 'NONE', #2472, .T. ) ;
#1487 = VECTOR ( 'NONE', #5390, 1000.000000000000000 ) ;
#1488 = ORIENTED_EDGE ( 'NONE', *, *, #5577, .F. ) ;
#1489 = DIRECTION ( 'NONE',  ( 0.000000000000000000, -0.000000000000000000, -1.000000000000000000 ) ) ;
#1490 = AXIS2_PLACEMENT_3D ( 'NONE', #729, #1845, #1826 ) ;
#1491 = FACE_BOUND ( 'NONE', #833, .T. ) ;
#1492 = PRESENTATION_STYLE_ASSIGNMENT (( #6555 ) ) ;
#1493 = DIRECTION ( 'NONE',  ( -1.000000000000000000, 0.000000000000000000, 1.251975384727201669E-16 ) ) ;
#1494 = CARTESIAN_POINT ( 'NONE',  ( -0.1304694008472044864, 0.1811817001312868991, 0.1000000000000000056 ) ) ;
#1495 =( GEOMETRIC_REPRESENTATION_CONTEXT ( 3 ) GLOBAL_UNCERTAINTY_ASSIGNED_CONTEXT ( ( #7055 ) ) GLOBAL_UNIT_ASSIGNED_CONTEXT ( ( #6136, #34, #1594 ) ) REPRESENTATION_CONTEXT ( 'NONE', 'WORKASPACE' ) );
#1496 = ORIENTED_EDGE ( 'NONE', *, *, #2592, .T. ) ;
#1497 = CARTESIAN_POINT ( 'NONE',  ( 0.2107940144048766895, 0.1866016576053538545, 0.1000000000000000056 ) ) ;
#1498 = ADVANCED_FACE ( 'NONE', ( #4198 ), #6448, .T. ) ;
#1499 =( LENGTH_UNIT ( ) NAMED_UNIT ( * ) SI_UNIT ( .MILLI., .METRE. ) );
#1500 = LINE ( 'NONE', #6942, #41 ) ;
#1501 = CARTESIAN_POINT ( 'NONE',  ( 0.1235495234876483051, 0.01350005872304492482, 0.1000000000000000056 ) ) ;
#1502 = LINE ( 'NONE', #6295, #2640 ) ;
#1503 = CARTESIAN_POINT ( 'NONE',  ( 1.391402837117598379, -0.1350000000000001477, 0.4151791245819071996 ) ) ;
#1504 = EDGE_CURVE ( 'NONE', #1134, #1604, #4383, .T. ) ;
#1505 = SURFACE_SIDE_STYLE ('',( #6050 ) ) ;
#1506 = CARTESIAN_POINT ( 'NONE',  ( 1.299999999999999600, 1.949999999999999956, 1.100000000000000089 ) ) ;
#1507 = DIRECTION ( 'NONE',  ( 0.000000000000000000, 0.000000000000000000, 1.000000000000000000 ) ) ;
#1508 = FACE_OUTER_BOUND ( 'NONE', #1920, .T. ) ;
#1509 =( NAMED_UNIT ( * ) SI_UNIT ( $, .STERADIAN. ) SOLID_ANGLE_UNIT ( ) );
#1510 = VERTEX_POINT ( 'NONE', #261 ) ;
#1511 = ORIENTED_EDGE ( 'NONE', *, *, #6341, .T. ) ;
#1512 = UNCERTAINTY_MEASURE_WITH_UNIT (LENGTH_MEASURE( 1.000000000000000082E-05 ), #5255, 'distance_accuracy_value', 'NONE');
#1513 = VERTEX_POINT ( 'NONE', #866 ) ;
#1514 = EDGE_LOOP ( 'NONE', ( #1253, #1698, #1846, #4425 ) ) ;
#1515 = ORIENTED_EDGE ( 'NONE', *, *, #6348, .F. ) ;
#1516 = ORIENTED_EDGE ( 'NONE', *, *, #2367, .F. ) ;
#1517 = ORIENTED_EDGE ( 'NONE', *, *, #5697, .T. ) ;
#1518 = FILL_AREA_STYLE_COLOUR ( '', #2613 ) ;
#1519 = DIRECTION ( 'NONE',  ( 0.000000000000000000, 0.000000000000000000, 1.000000000000000000 ) ) ;
#1520 = CARTESIAN_POINT ( 'NONE',  ( 0.3146356963510689164, 0.08272750219513402836, -1.355252715606880543E-17 ) ) ;
#1521 = CARTESIAN_POINT ( 'NONE',  ( 0.2772421535429130390, 0.02716339085763684949, 0.000000000000000000 ) ) ;
#1522 = VERTEX_POINT ( 'NONE', #5911 ) ;
#1523 =( LENGTH_UNIT ( ) NAMED_UNIT ( * ) SI_UNIT ( .MILLI., .METRE. ) );
#1524 = VECTOR ( 'NONE', #670, 1000.000000000000000 ) ;
#1525 = EDGE_CURVE ( 'NONE', #6849, #1716, #6296, .T. ) ;
#1526 = EDGE_LOOP ( 'NONE', ( #1864, #6357, #5360, #4144 ) ) ;
#1527 = CARTESIAN_POINT ( 'NONE',  ( 0.1412357415435712971, -0.003188960251555941240, 0.1000000000000000056 ) ) ;
#1528 = VECTOR ( 'NONE', #992, 1000.000000000000000 ) ;
#1529 = CARTESIAN_POINT ( 'NONE',  ( -0.1698822320313572720, 0.007809550944535721510, 0.1000000000000000056 ) ) ;
#1530 = CARTESIAN_POINT ( 'NONE',  ( -0.1738258421104695306, 0.1743541047592366000, 0.1000000000000000056 ) ) ;
#1531 = FILL_AREA_STYLE_COLOUR ( '', #3377 ) ;
#1532 = VERTEX_POINT ( 'NONE', #1973 ) ;
#1533 = ADVANCED_FACE ( 'NONE', ( #1817 ), #2475, .F. ) ;
#1534 = MECHANICAL_DESIGN_GEOMETRIC_PRESENTATION_REPRESENTATION (  '', ( #779 ), #558 ) ;
#1535 = VERTEX_POINT ( 'NONE', #353 ) ;
#1536 = CARTESIAN_POINT ( 'NONE',  ( 0.2892751194279920002, 0.01141339963103145047, 0.1000000000000000056 ) ) ;
#1537 = ORIENTED_EDGE ( 'NONE', *, *, #1745, .F. ) ;
#1538 = AXIS2_PLACEMENT_3D ( 'NONE', #1186, #1204, #5124 ) ;
#1539 = SURFACE_STYLE_FILL_AREA ( #996 ) ;
#1540 = CARTESIAN_POINT ( 'NONE',  ( 1.391402837117597047, 0.9500000000000000666, 0.6151791245819069331 ) ) ;
#1541 = PRESENTATION_STYLE_ASSIGNMENT (( #3854 ) ) ;
#1542 = FILL_AREA_STYLE ('',( #327 ) ) ;
#1543 = FILL_AREA_STYLE_COLOUR ( '', #6102 ) ;
#1544 = CARTESIAN_POINT ( 'NONE',  ( 0.3143719855058927926, 0.09340272380104325256, -1.355252715606880543E-17 ) ) ;
#1545 = CARTESIAN_POINT ( 'NONE',  ( -0.1654766091982566578, 0.1547794432365036665, 8.131516293641283255E-17 ) ) ;
#1546 = COLOUR_RGB ( '',0.7960784313725489669, 0.8235294117647058432, 0.9372549019607843146 ) ;
#1547 = CARTESIAN_POINT ( 'NONE',  ( 0.1744282813722093095, -0.01934413421836657723, 0.000000000000000000 ) ) ;
#1548 = FACE_OUTER_BOUND ( 'NONE', #4684, .T. ) ;
#1549 = MECHANICAL_DESIGN_GEOMETRIC_PRESENTATION_REPRESENTATION (  '', ( #2712 ), #6709 ) ;
#1550 = CARTESIAN_POINT ( 'NONE',  ( -0.1379879120058470632, 0.002750144716262590411, 0.000000000000000000 ) ) ;
#1551 = VECTOR ( 'NONE', #153, 1000.000000000000000 ) ;
#1552 = UNCERTAINTY_MEASURE_WITH_UNIT (LENGTH_MEASURE( 1.000000000000000082E-05 ), #3366, 'distance_accuracy_value', 'NONE');
#1553 = CARTESIAN_POINT ( 'NONE',  ( -1.391402837117598379, -1.150000000000000133, 0.4551791245819074572 ) ) ;
#1554 = CARTESIAN_POINT ( 'NONE',  ( -0.1872300166338195238, 0.1684399046987757054, 0.1000000000000000056 ) ) ;
#1555 = ORIENTED_EDGE ( 'NONE', *, *, #2768, .T. ) ;
#1556 =( LENGTH_UNIT ( ) NAMED_UNIT ( * ) SI_UNIT ( .MILLI., .METRE. ) );
#1557 = VERTEX_POINT ( 'NONE', #6542 ) ;
#1558 = CARTESIAN_POINT ( 'NONE',  ( -1.589670673659924871, 0.2500000000000001110, 0.4414444057116680975 ) ) ;
#1559 = PRESENTATION_STYLE_ASSIGNMENT (( #620 ) ) ;
#1560 = EDGE_CURVE ( 'NONE', #5949, #243, #5620, .T. ) ;
#1561 = DIRECTION ( 'NONE',  ( -0.000000000000000000, 1.000000000000000000, -0.000000000000000000 ) ) ;
#1562 = CARTESIAN_POINT ( 'NONE',  ( -0.1738258421104695306, 0.1743541047592366000, 0.1000000000000000056 ) ) ;
#1563 = EDGE_CURVE ( 'NONE', #1510, #2366, #4096, .T. ) ;
#1564 = VECTOR ( 'NONE', #3251, 1000.000000000000000 ) ;
#1565 = CARTESIAN_POINT ( 'NONE',  ( 1.300000000000000044, -1.950000000000000178, 1.100000000000000089 ) ) ;
#1566 = FACE_OUTER_BOUND ( 'NONE', #2749, .T. ) ;
#1567 = FILL_AREA_STYLE ('',( #7060 ) ) ;
#1568 = CARTESIAN_POINT ( 'NONE',  ( -0.2147260572232526088, 0.01548429948167788679, 0.1000000000000000056 ) ) ;
#1569 = CARTESIAN_POINT ( 'NONE',  ( 0.2912170947844905378, 0.1491522884562202222, 0.1000000000000000056 ) ) ;
#1570 = ADVANCED_FACE ( 'NONE', ( #2532 ), #4314, .F. ) ;
#1571 = CARTESIAN_POINT ( 'NONE',  ( 0.2255812859381173263, -0.02238416449528067564, 0.1000000000000000056 ) ) ;
#1572 = SURFACE_SIDE_STYLE ('',( #5079 ) ) ;
#1573 = SURFACE_STYLE_USAGE ( .BOTH. , #4479 ) ;
#1574 = EDGE_LOOP ( 'NONE', ( #5583, #6860, #928, #3541 ) ) ;
#1575 = CARTESIAN_POINT ( 'NONE',  ( -0.2340822523668798227, 0.07904160475923659168, 0.1000000000000000056 ) ) ;
#1576 = DIRECTION ( 'NONE',  ( 0.000000000000000000, -1.000000000000000000, 0.000000000000000000 ) ) ;
#1577 = CARTESIAN_POINT ( 'NONE',  ( 0.2070235168638894507, 0.1866938483489801737, 0.000000000000000000 ) ) ;
#1578 = AXIS2_PLACEMENT_3D ( 'NONE', #953, #4963, #5500 ) ;
#1579 = VECTOR ( 'NONE', #7025, 1000.000000000000000 ) ;
#1580 = CARTESIAN_POINT ( 'NONE',  ( 0.2394959978080777874, 0.1826790569836015121, 0.000000000000000000 ) ) ;
#1581 = ORIENTED_EDGE ( 'NONE', *, *, #3489, .T. ) ;
#1582 = VERTEX_POINT ( 'NONE', #6013 ) ;
#1583 = SURFACE_STYLE_FILL_AREA ( #3104 ) ;
#1584 = FACE_OUTER_BOUND ( 'NONE', #586, .T. ) ;
#1585 = CARTESIAN_POINT ( 'NONE',  ( -0.2339613119005412856, 0.08749803744292733443, 0.1000000000000000056 ) ) ;
#1586 = EDGE_LOOP ( 'NONE', ( #5394, #3265, #3271, #2457 ) ) ;
#1587 = FACE_OUTER_BOUND ( 'NONE', #3986, .T. ) ;
#1588 = DIRECTION ( 'NONE',  ( -0.000000000000000000, -1.000000000000000000, -0.000000000000000000 ) ) ;
#1589 = DIRECTION ( 'NONE',  ( 0.000000000000000000, 0.000000000000000000, 1.000000000000000000 ) ) ;
#1590 = CARTESIAN_POINT ( 'NONE',  ( 0.1583292136826905672, 0.1530166910604634778, 0.1000000000000000056 ) ) ;
#1591 = VERTEX_POINT ( 'NONE', #889 ) ;
#1592 = CARTESIAN_POINT ( 'NONE',  ( -0.2107831300901663041, 0.1114522721779059589, 0.1000000000000000056 ) ) ;
#1593 = ORIENTED_EDGE ( 'NONE', *, *, #5711, .F. ) ;
#1594 =( NAMED_UNIT ( * ) SI_UNIT ( $, .STERADIAN. ) SOLID_ANGLE_UNIT ( ) );
#1595 = VERTEX_POINT ( 'NONE', #3747 ) ;
#1596 =( GEOMETRIC_REPRESENTATION_CONTEXT ( 3 ) GLOBAL_UNCERTAINTY_ASSIGNED_CONTEXT ( ( #1119 ) ) GLOBAL_UNIT_ASSIGNED_CONTEXT ( ( #3253, #6636, #2179 ) ) REPRESENTATION_CONTEXT ( 'NONE', 'WORKASPACE' ) );
#1597 = CARTESIAN_POINT ( 'NONE',  ( 0.2966869784023509760, 0.08136532270795453214, 0.1000000000000000056 ) ) ;
#1598 = EDGE_CURVE ( 'NONE', #6577, #5747, #17, .T. ) ;
#1599 = SURFACE_STYLE_FILL_AREA ( #5090 ) ;
#1600 = FILL_AREA_STYLE_COLOUR ( '', #1145 ) ;
#1601 = ORIENTED_EDGE ( 'NONE', *, *, #499, .F. ) ;
#1602 = DIRECTION ( 'NONE',  ( -0.000000000000000000, -0.000000000000000000, -1.000000000000000000 ) ) ;
#1603 = FILL_AREA_STYLE ('',( #3212 ) ) ;
#1604 = VERTEX_POINT ( 'NONE', #3122 ) ;
#1605 = CARTESIAN_POINT ( 'NONE',  ( 0.2182147244419812282, 0.1864202171537638897, 0.000000000000000000 ) ) ;
#1606 = EDGE_CURVE ( 'NONE', #7196, #2900, #98, .T. ) ;
#1607 = ADVANCED_FACE ( 'NONE', ( #2875 ), #2642, .T. ) ;
#1608 = ORIENTED_EDGE ( 'NONE', *, *, #5168, .T. ) ;
#1609 = VECTOR ( 'NONE', #4681, 1000.000000000000000 ) ;
#1610 = B_SPLINE_CURVE_WITH_KNOTS ( 'NONE', 3,
 ( #1972, #3669, #7058, #309, #865, #326, #888, #2026, #5380, #4827, #1437, #1994, #6485, #7033, #2789, #4744, #1314, #3799, #1093 ),
 .UNSPECIFIED., .F., .F.,
 ( 4, 1, 1, 1, 1, 1, 1, 1, 1, 1, 1, 1, 1, 1, 1, 1, 4 ),
 ( 0.000000000000000000, 0.06966280089907736506, 0.1377495622582728674, 0.2039167435177827170, 0.2687798623293365941, 0.3324137064772236805, 0.3947535404471393394, 0.4561800316591684279, 0.5169956491967199197, 0.5773959379659518998, 0.6371983435092755110, 0.6969991842614546851, 0.7567561942255596197, 0.8165539052726078495, 0.8769479965978702607, 0.9381317879205951504, 0.9999999999999998890 ),
 .UNSPECIFIED. ) ;
#1611 = ORIENTED_EDGE ( 'NONE', *, *, #350, .T. ) ;
#1612 = ORIENTED_EDGE ( 'NONE', *, *, #2627, .T. ) ;
#1613 = FILL_AREA_STYLE_COLOUR ( '', #2426 ) ;
#1614 = CARTESIAN_POINT ( 'NONE',  ( -0.1991468456532291265, 0.1605445353020785726, 0.1000000000000000056 ) ) ;
#1615 = ORIENTED_EDGE ( 'NONE', *, *, #1458, .F. ) ;
#1616 = CARTESIAN_POINT ( 'NONE',  ( 0.1462684451061230517, -0.006634779181595874993, 0.1000000000000000056 ) ) ;
#1617 = ORIENTED_EDGE ( 'NONE', *, *, #343, .F. ) ;
#1618 = CARTESIAN_POINT ( 'NONE',  ( -0.2340822523668798227, 0.07904160475923659168, 0.1000000000000000056 ) ) ;
#1619 = CARTESIAN_POINT ( 'NONE',  ( 0.2932988264780962973, 0.05596016904545931397, 1.355252715606880543E-17 ) ) ;
#1620 = CARTESIAN_POINT ( 'NONE',  ( -0.2270202573912332988, 0.03802259580719256210, 5.421010862427522170E-17 ) ) ;
#1621 = LINE ( 'NONE', #5021, #3100 ) ;
#1622 = LINE ( 'NONE', #1671, #829 ) ;
#1623 = CARTESIAN_POINT ( 'NONE',  ( -0.2153223369692251199, 0.09275814657252814954, 8.131516293641283255E-17 ) ) ;
#1624 = CARTESIAN_POINT ( 'NONE',  ( 0.2069033245561971712, -0.003049741394609574528, 0.1000000000000000056 ) ) ;
#1625 = EDGE_CURVE ( 'NONE', #234, #1995, #1987, .T. ) ;
#1626 = STYLED_ITEM ( 'NONE', ( #1474 ), #6026 ) ;
#1627 = LINE ( 'NONE', #1014, #150 ) ;
#1628 = EDGE_LOOP ( 'NONE', ( #2007, #4768, #3616, #4515, #6166, #5590, #2478, #914, #6525, #1813, #1338, #61 ) ) ;
#1629 =( GEOMETRIC_REPRESENTATION_CONTEXT ( 3 ) GLOBAL_UNCERTAINTY_ASSIGNED_CONTEXT ( ( #437 ) ) GLOBAL_UNIT_ASSIGNED_CONTEXT ( ( #4575, #5698, #3356 ) ) REPRESENTATION_CONTEXT ( 'NONE', 'WORKASPACE' ) );
#1630 = SURFACE_STYLE_USAGE ( .BOTH. , #5062 ) ;
#1631 = CARTESIAN_POINT ( 'NONE',  ( -0.2279274487172757158, 0.1187794420861758848, 0.1000000000000000056 ) ) ;
#1632 = DIRECTION ( 'NONE',  ( -0.000000000000000000, -1.000000000000000000, -0.000000000000000000 ) ) ;
#1633 = CARTESIAN_POINT ( 'NONE',  ( -1.391402837117597047, 0.2500000000000001110, 0.6151791245819073772 ) ) ;
#1634 = CYLINDRICAL_SURFACE ( 'NONE', #975, 0.04000000000000004940 ) ;
#1635 = SURFACE_STYLE_FILL_AREA ( #617 ) ;
#1636 = LINE ( 'NONE', #2521, #5247 ) ;
#1637 = CARTESIAN_POINT ( 'NONE',  ( 0.000000000000000000, 0.000000000000000000, 1.100000000000000089 ) ) ;
#1638 = VECTOR ( 'NONE', #4758, 1000.000000000000000 ) ;
#1639 = VECTOR ( 'NONE', #3706, 1000.000000000000000 ) ;
#1640 = DIRECTION ( 'NONE',  ( 0.000000000000000000, 1.000000000000000000, 0.000000000000000000 ) ) ;
#1641 = DIRECTION ( 'NONE',  ( -0.000000000000000000, 1.000000000000000000, -0.000000000000000000 ) ) ;
#1642 = EDGE_CURVE ( 'NONE', #226, #3601, #1374, .T. ) ;
#1643 = LINE ( 'NONE', #5723, #162 ) ;
#1644 = DIRECTION ( 'NONE',  ( 0.000000000000000000, 0.000000000000000000, 1.000000000000000000 ) ) ;
#1645 = DIRECTION ( 'NONE',  ( -1.000000000000000000, 0.000000000000000000, -0.000000000000000000 ) ) ;
#1646 = VECTOR ( 'NONE', #3863, 1000.000000000000000 ) ;
#1647 = AXIS2_PLACEMENT_3D ( 'NONE', #6320, #1918, #5814 ) ;
#1648 = EDGE_CURVE ( 'NONE', #132, #1077, #1895, .T. ) ;
#1649 = ADVANCED_FACE ( 'NONE', ( #3120 ), #5439, .T. ) ;
#1650 = UNCERTAINTY_MEASURE_WITH_UNIT (LENGTH_MEASURE( 1.000000000000000082E-05 ), #3632, 'distance_accuracy_value', 'NONE');
#1651 = DIRECTION ( 'NONE',  ( 0.1679194757783925851, 0.000000000000000000, -0.9858007149796096380 ) ) ;
#1652 = SURFACE_SIDE_STYLE ('',( #2923 ) ) ;
#1653 = PLANE ( 'NONE',  #1454 ) ;
#1654 = PLANE ( 'NONE',  #3674 ) ;
#1655 = DIRECTION ( 'NONE',  ( 0.000000000000000000, 0.000000000000000000, -1.000000000000000000 ) ) ;
#1656 = CARTESIAN_POINT ( 'NONE',  ( -1.300000000000000266, 1.149999999999999911, 0.6151791245819073772 ) ) ;
#1657 =( LENGTH_UNIT ( ) NAMED_UNIT ( * ) SI_UNIT ( .MILLI., .METRE. ) );
#1658 = EDGE_CURVE ( 'NONE', #3180, #1822, #6221, .T. ) ;
#1659 = ORIENTED_EDGE ( 'NONE', *, *, #4378, .F. ) ;
#1660 = DIRECTION ( 'NONE',  ( 1.000000000000000000, -0.000000000000000000, -0.000000000000000000 ) ) ;
#1661 = CARTESIAN_POINT ( 'NONE',  ( -0.2044497500191223560, 0.1558151439603040200, 0.000000000000000000 ) ) ;
#1662 = LINE ( 'NONE', #2791, #621 ) ;
#1663 = AXIS2_PLACEMENT_3D ( 'NONE', #4004, #6297, #687 ) ;
#1664 = DIRECTION ( 'NONE',  ( 0.000000000000000000, 0.000000000000000000, 1.000000000000000000 ) ) ;
#1665 =( NAMED_UNIT ( * ) SI_UNIT ( $, .STERADIAN. ) SOLID_ANGLE_UNIT ( ) );
#1666 = CARTESIAN_POINT ( 'NONE',  ( -0.2063506285144937058, 0.03798018530252178504, 0.000000000000000000 ) ) ;
#1667 = ORIENTED_EDGE ( 'NONE', *, *, #2595, .T. ) ;
#1668 = VERTEX_POINT ( 'NONE', #6511 ) ;
#1669 = DIRECTION ( 'NONE',  ( -0.000000000000000000, -0.000000000000000000, 1.000000000000000000 ) ) ;
#1670 = DIRECTION ( 'NONE',  ( 0.4190581774617468946, 0.9079593845004516606, 0.000000000000000000 ) ) ;
#1671 = CARTESIAN_POINT ( 'NONE',  ( -1.300000000000000266, -1.550000000000000266, 0.6151791245819073772 ) ) ;
#1672 = LINE ( 'NONE', #1471, #3502 ) ;
#1673 = CARTESIAN_POINT ( 'NONE',  ( 1.476984712635663444, -0.1350000000000001477, 0.07373471887023939908 ) ) ;
#1674 = ORIENTED_EDGE ( 'NONE', *, *, #5614, .T. ) ;
#1675 = CARTESIAN_POINT ( 'NONE',  ( -0.1216527710719216421, 0.1607307470501804780, 0.000000000000000000 ) ) ;
#1676 = AXIS2_PLACEMENT_3D ( 'NONE', #1775, #3435, #104 ) ;
#1677 = CARTESIAN_POINT ( 'NONE',  ( 1.675252549177989714, -0.9350000000000001643, -0.1000000000000000472 ) ) ;
#1678 = VECTOR ( 'NONE', #2380, 1000.000000000000000 ) ;
#1679 = LINE ( 'NONE', #4767, #979 ) ;
#1680 = STYLED_ITEM ( 'NONE', ( #1802 ), #2449 ) ;
#1681 = EDGE_LOOP ( 'NONE', ( #5101, #3244, #2041, #1110, #6347, #4607, #6789, #1692, #306, #5495, #5717, #7191 ) ) ;
#1682 = ORIENTED_EDGE ( 'NONE', *, *, #1750, .T. ) ;
#1683 =( NAMED_UNIT ( * ) SI_UNIT ( $, .STERADIAN. ) SOLID_ANGLE_UNIT ( ) );
#1684 =( NAMED_UNIT ( * ) SI_UNIT ( $, .STERADIAN. ) SOLID_ANGLE_UNIT ( ) );
#1685 = VERTEX_POINT ( 'NONE', #2027 ) ;
#1686 = ORIENTED_EDGE ( 'NONE', *, *, #5277, .T. ) ;
#1687 = DIRECTION ( 'NONE',  ( 1.000000000000000000, 0.000000000000000000, -0.000000000000000000 ) ) ;
#1688 = DIRECTION ( 'NONE',  ( -0.000000000000000000, -0.000000000000000000, -1.000000000000000000 ) ) ;
#1689 = CARTESIAN_POINT ( 'NONE',  ( -0.1881040465074827750, 0.01719448683989427060, 0.000000000000000000 ) ) ;
#1690 = STYLED_ITEM ( 'NONE', ( #4904 ), #3544 ) ;
#1691 = DIRECTION ( 'NONE',  ( 0.000000000000000000, 0.000000000000000000, -1.000000000000000000 ) ) ;
#1692 = ORIENTED_EDGE ( 'NONE', *, *, #6625, .T. ) ;
#1693 = ORIENTED_EDGE ( 'NONE', *, *, #2915, .F. ) ;
#1694 = ORIENTED_EDGE ( 'NONE', *, *, #5901, .T. ) ;
#1695 = AXIS2_PLACEMENT_3D ( 'NONE', #867, #262, #783 ) ;
#1696 = DIRECTION ( 'NONE',  ( 1.000000000000000000, -0.000000000000000000, -1.251975384727201669E-16 ) ) ;
#1697 = CARTESIAN_POINT ( 'NONE',  ( 1.675252549177989714, 0.9500000000000000666, 0.09999999999999990841 ) ) ;
#1698 = ORIENTED_EDGE ( 'NONE', *, *, #6115, .F. ) ;
#1699 = CARTESIAN_POINT ( 'NONE',  ( -1.300000000000000266, -1.949999999999999956, 0.6151791245819073772 ) ) ;
#1700 = FACE_OUTER_BOUND ( 'NONE', #839, .T. ) ;
#1701 =( LENGTH_UNIT ( ) NAMED_UNIT ( * ) SI_UNIT ( .MILLI., .METRE. ) );
#1702 = ORIENTED_EDGE ( 'NONE', *, *, #485, .T. ) ;
#1703 = ORIENTED_EDGE ( 'NONE', *, *, #7020, .F. ) ;
#1704 = EDGE_CURVE ( 'NONE', #6849, #234, #4566, .T. ) ;
#1705 = LINE ( 'NONE', #2716, #7221 ) ;
#1706 = EDGE_CURVE ( 'NONE', #2281, #1868, #9, .T. ) ;
#1707 = CARTESIAN_POINT ( 'NONE',  ( -0.2153223369692251199, 0.09275814657252814954, 0.000000000000000000 ) ) ;
#1708 = ORIENTED_EDGE ( 'NONE', *, *, #1658, .F. ) ;
#1709 =( LENGTH_UNIT ( ) NAMED_UNIT ( * ) SI_UNIT ( .MILLI., .METRE. ) );
#1710 = SURFACE_SIDE_STYLE ('',( #1955 ) ) ;
#1711 = PRESENTATION_STYLE_ASSIGNMENT (( #3201 ) ) ;
#1712 = VECTOR ( 'NONE', #472, 1000.000000000000000 ) ;
#1713 = LINE ( 'NONE', #1149, #487 ) ;
#1714 = CARTESIAN_POINT ( 'NONE',  ( 0.2712836152879922746, 0.02100093670058315182, 0.1000000000000000056 ) ) ;
#1715 = CARTESIAN_POINT ( 'NONE',  ( -0.2112262148573670895, 0.04843422209634973274, 0.1000000000000000056 ) ) ;
#1716 = VERTEX_POINT ( 'NONE', #5532 ) ;
#1717 = CARTESIAN_POINT ( 'NONE',  ( 0.2772235536268231604, -0.0005137759536909594898, 0.1000000000000000056 ) ) ;
#1718 = COLOUR_RGB ( '',0.7960784313725489669, 0.8235294117647058432, 0.9372549019607843146 ) ;
#1719 = DIRECTION ( 'NONE',  ( -1.000000000000000000, 0.000000000000000000, 1.251975384727201669E-16 ) ) ;
#1720 =( GEOMETRIC_REPRESENTATION_CONTEXT ( 3 ) GLOBAL_UNCERTAINTY_ASSIGNED_CONTEXT ( ( #1202 ) ) GLOBAL_UNIT_ASSIGNED_CONTEXT ( ( #1427, #5474, #6500 ) ) REPRESENTATION_CONTEXT ( 'NONE', 'WORKASPACE' ) );
#1721 = STYLED_ITEM ( 'NONE', ( #1139 ), #1570 ) ;
#1722 = VECTOR ( 'NONE', #6648, 1000.000000000000114 ) ;
#1723 = CARTESIAN_POINT ( 'NONE',  ( 1.222465627358930718, -1.949999999999999956, 0.000000000000000000 ) ) ;
#1724 = FACE_OUTER_BOUND ( 'NONE', #602, .T. ) ;
#1725 = CARTESIAN_POINT ( 'NONE',  ( -0.2331629696222482229, 0.09576541969399077203, 0.000000000000000000 ) ) ;
#1726 =( LENGTH_UNIT ( ) NAMED_UNIT ( * ) SI_UNIT ( .MILLI., .METRE. ) );
#1727 = CARTESIAN_POINT ( 'NONE',  ( 0.1682381575660238937, 0.1805384243418090284, 0.000000000000000000 ) ) ;
#1728 = LINE ( 'NONE', #2906, #7051 ) ;
#1729 = SURFACE_STYLE_FILL_AREA ( #96 ) ;
#1730 = MECHANICAL_DESIGN_GEOMETRIC_PRESENTATION_REPRESENTATION (  '', ( #2980 ), #2250 ) ;
#1731 = VERTEX_POINT ( 'NONE', #3867 ) ;
#1732 = CARTESIAN_POINT ( 'NONE',  ( -0.1751999444567714503, 0.1510140287165008255, 0.000000000000000000 ) ) ;
#1733 = VERTEX_POINT ( 'NONE', #516 ) ;
#1734 = LINE ( 'NONE', #3424, #4922 ) ;
#1735 = CARTESIAN_POINT ( 'NONE',  ( -1.391402837117598157, 0.6500000000000001332, 0.4151791245819074216 ) ) ;
#1736 = MECHANICAL_DESIGN_GEOMETRIC_PRESENTATION_REPRESENTATION (  '', ( #5775 ), #7011 ) ;
#1737 = LINE ( 'NONE', #2930, #3480 ) ;
#1738 = UNCERTAINTY_MEASURE_WITH_UNIT (LENGTH_MEASURE( 1.000000000000000082E-05 ), #5425, 'distance_accuracy_value', 'NONE');
#1739 =( LENGTH_UNIT ( ) NAMED_UNIT ( * ) SI_UNIT ( .MILLI., .METRE. ) );
#1740 = STYLED_ITEM ( 'NONE', ( #2594 ), #266 ) ;
#1741 = FACE_OUTER_BOUND ( 'NONE', #4519, .T. ) ;
#1742 = CARTESIAN_POINT ( 'NONE',  ( 0.2162991834516253820, -0.002874387156133224354, 0.1000000000000000056 ) ) ;
#1743 = CARTESIAN_POINT ( 'NONE',  ( -0.1835263307768456864, 0.01414292832657393882, 0.000000000000000000 ) ) ;
#1744 = PRESENTATION_LAYER_ASSIGNMENT (  '', '', ( #522 ) ) ;
#1745 = EDGE_CURVE ( 'NONE', #814, #6003, #6293, .T. ) ;
#1746 = CARTESIAN_POINT ( 'NONE',  ( 1.300000000000000044, -1.949999999999999956, 0.4551791245819074017 ) ) ;
#1747 = DIRECTION ( 'NONE',  ( 0.4189977888269744155, 0.9079872537420919931, 0.000000000000000000 ) ) ;
#1748 = DIRECTION ( 'NONE',  ( -0.000000000000000000, -1.000000000000000000, -0.000000000000000000 ) ) ;
#1749 = VECTOR ( 'NONE', #582, 1000.000000000000000 ) ;
#1750 = EDGE_CURVE ( 'NONE', #1868, #215, #2698, .T. ) ;
#1751 = CARTESIAN_POINT ( 'NONE',  ( -1.635598981869524238, 0.2500000000000001110, 0.09474694377404786760 ) ) ;
#1752 = CARTESIAN_POINT ( 'NONE',  ( -0.2340415434042318332, 0.08188806808683374294, -0.000000000000000000 ) ) ;
#1753 = LINE ( 'NONE', #1260, #6740 ) ;
#1754 = DIRECTION ( 'NONE',  ( -0.000000000000000000, -1.000000000000000000, -0.000000000000000000 ) ) ;
#1755 = FACE_OUTER_BOUND ( 'NONE', #1915, .T. ) ;
#1756 = CARTESIAN_POINT ( 'NONE',  ( 0.2582184941570170311, 0.1519557492984058289, 0.000000000000000000 ) ) ;
#1757 = CARTESIAN_POINT ( 'NONE',  ( -0.2324151638236609807, 0.05755209079424068730, 0.1000000000000000056 ) ) ;
#1758 = VERTEX_POINT ( 'NONE', #1114 ) ;
#1759 = PRESENTATION_STYLE_ASSIGNMENT (( #248 ) ) ;
#1760 = EDGE_CURVE ( 'NONE', #3859, #6567, #4189, .T. ) ;
#1761 = DIRECTION ( 'NONE',  ( 0.000000000000000000, -0.000000000000000000, -1.000000000000000000 ) ) ;
#1762 = APPLICATION_PROTOCOL_DEFINITION ( 'draft international standard', 'automotive_design', 1998, #5148 ) ;
#1763 = SURFACE_SIDE_STYLE ('',( #2513 ) ) ;
#1764 = ORIENTED_EDGE ( 'NONE', *, *, #6303, .F. ) ;
#1765 = FILL_AREA_STYLE_COLOUR ( '', #240 ) ;
#1766 = ADVANCED_FACE ( 'NONE', ( #5529 ), #5582, .F. ) ;
#1767 = PRESENTATION_STYLE_ASSIGNMENT (( #1088 ) ) ;
#1768 = DIRECTION ( 'NONE',  ( 0.000000000000000000, -1.000000000000000000, 0.000000000000000000 ) ) ;
#1769 = ORIENTED_EDGE ( 'NONE', *, *, #3280, .T. ) ;
#1770 = CARTESIAN_POINT ( 'NONE',  ( -1.300000000000000266, 0.6500000000000000222, 0.6151791245819073772 ) ) ;
#1771 = PRESENTATION_LAYER_ASSIGNMENT (  '', '', ( #6784 ) ) ;
#1772 = ORIENTED_EDGE ( 'NONE', *, *, #4766, .T. ) ;
#1773 = FILL_AREA_STYLE_COLOUR ( '', #2591 ) ;
#1774 = ORIENTED_EDGE ( 'NONE', *, *, #6430, .F. ) ;
#1775 = CARTESIAN_POINT ( 'NONE',  ( -0.06997968826431572031, -0.01843435677922496130, 0.1000000000000000056 ) ) ;
#1776 = VECTOR ( 'NONE', #1748, 1000.000000000000000 ) ;
#1777 = UNCERTAINTY_MEASURE_WITH_UNIT (LENGTH_MEASURE( 1.000000000000000082E-05 ), #4158, 'distance_accuracy_value', 'NONE');
#1778 =( GEOMETRIC_REPRESENTATION_CONTEXT ( 3 ) GLOBAL_UNCERTAINTY_ASSIGNED_CONTEXT ( ( #222 ) ) GLOBAL_UNIT_ASSIGNED_CONTEXT ( ( #2331, #4018, #3386 ) ) REPRESENTATION_CONTEXT ( 'NONE', 'WORKASPACE' ) );
#1779 = ORIENTED_EDGE ( 'NONE', *, *, #3573, .T. ) ;
#1780 = CARTESIAN_POINT ( 'NONE',  ( 0.2674232379112174707, 0.1452881808229027349, 0.000000000000000000 ) ) ;
#1781 = EDGE_CURVE ( 'NONE', #4622, #1406, #4737, .T. ) ;
#1782 = EDGE_CURVE ( 'NONE', #6176, #1072, #6643, .T. ) ;
#1783 = ORIENTED_EDGE ( 'NONE', *, *, #2765, .F. ) ;
#1784 = VERTEX_POINT ( 'NONE', #4364 ) ;
#1785 = CARTESIAN_POINT ( 'NONE',  ( 0.3377126194279920224, 0.002078463733595553239, 0.1000000000000000056 ) ) ;
#1786 = EDGE_LOOP ( 'NONE', ( #6766, #1183, #3787, #2059 ) ) ;
#1787 = DIRECTION ( 'NONE',  ( -1.000000000000000000, -0.000000000000000000, -0.000000000000000000 ) ) ;
#1788 = LINE ( 'NONE', #4488, #6181 ) ;
#1789 = ORIENTED_EDGE ( 'NONE', *, *, #3508, .T. ) ;
#1790 = UNCERTAINTY_MEASURE_WITH_UNIT (LENGTH_MEASURE( 1.000000000000000082E-05 ), #2766, 'distance_accuracy_value', 'NONE');
#1791 = SURFACE_SIDE_STYLE ('',( #3216 ) ) ;
#1792 = AXIS2_PLACEMENT_3D ( 'NONE', #2085, #7152, #6066 ) ;
#1793 = LINE ( 'NONE', #364, #3557 ) ;
#1794 = CARTESIAN_POINT ( 'NONE',  ( -1.675252549177991046, -1.150000000000000133, -0.1000000000000000056 ) ) ;
#1795 = LINE ( 'NONE', #7147, #4153 ) ;
#1796 = CARTESIAN_POINT ( 'NONE',  ( 0.2868911334783142419, 0.04080084331009222604, 0.1000000000000000056 ) ) ;
#1797 = COLOUR_RGB ( '',0.1960784313725490169, 0.1960784313725490169, 0.1960784313725490169 ) ;
#1798 = EDGE_CURVE ( 'NONE', #6340, #4188, #429, .T. ) ;
#1799 = VECTOR ( 'NONE', #5853, 1000.000000000000000 ) ;
#1800 = LINE ( 'NONE', #5411, #2242 ) ;
#1801 = MECHANICAL_DESIGN_GEOMETRIC_PRESENTATION_REPRESENTATION (  '', ( #6997 ), #4254 ) ;
#1802 = PRESENTATION_STYLE_ASSIGNMENT (( #6464 ) ) ;
#1803 = FILL_AREA_STYLE ('',( #2939 ) ) ;
#1804 = CARTESIAN_POINT ( 'NONE',  ( 1.391402837117598157, 1.550000000000000266, 0.4151791245819071996 ) ) ;
#1805 = CARTESIAN_POINT ( 'NONE',  ( 0.2502585858384349660, 0.006282125884823504779, 1.355252715606880543E-17 ) ) ;
#1806 = CARTESIAN_POINT ( 'NONE',  ( -2.000000000000000000, -1.550000000000000266, -0.1000000000000000056 ) ) ;
#1807 = MECHANICAL_DESIGN_GEOMETRIC_PRESENTATION_REPRESENTATION (  '', ( #6364 ), #100 ) ;
#1808 = CARTESIAN_POINT ( 'NONE',  ( -0.1522970853595908280, 0.004021212887519348515, 0.1000000000000000056 ) ) ;
#1809 = CIRCLE ( 'NONE', #4831, 0.04000000000000002165 ) ;
#1810 = CARTESIAN_POINT ( 'NONE',  ( 0.07873826045363301052, 0.1815656432207750637, 0.000000000000000000 ) ) ;
#1811 = CARTESIAN_POINT ( 'NONE',  ( 0.2162991834516253820, -0.002874387156133224354, 0.1000000000000000056 ) ) ;
#1812 = DIRECTION ( 'NONE',  ( 0.000000000000000000, 1.000000000000000000, -0.000000000000000000 ) ) ;
#1813 = ORIENTED_EDGE ( 'NONE', *, *, #1411, .T. ) ;
#1814 = DIRECTION ( 'NONE',  ( -0.000000000000000000, -1.000000000000000000, -0.000000000000000000 ) ) ;
#1815 = DIRECTION ( 'NONE',  ( 0.000000000000000000, -1.000000000000000000, 0.000000000000000000 ) ) ;
#1816 = CARTESIAN_POINT ( 'NONE',  ( -0.1885673058600708385, -0.007674848555774059326, 0.1000000000000000056 ) ) ;
#1817 = FACE_OUTER_BOUND ( 'NONE', #3234, .T. ) ;
#1818 = STYLED_ITEM ( 'NONE', ( #6878 ), #3173 ) ;
#1819 = FACE_OUTER_BOUND ( 'NONE', #2905, .T. ) ;
#1820 = DIRECTION ( 'NONE',  ( 0.1313264056488086806, 0.000000000000000000, 0.9913391827116310173 ) ) ;
#1821 = STYLED_ITEM ( 'NONE', ( #4258 ), #436 ) ;
#1822 = VERTEX_POINT ( 'NONE', #1011 ) ;
#1823 = LINE ( 'NONE', #3396, #6144 ) ;
#1824 = AXIS2_PLACEMENT_3D ( 'NONE', #4906, #4341, #918 ) ;
#1825 = EDGE_CURVE ( 'NONE', #7108, #3443, #340, .T. ) ;
#1826 = DIRECTION ( 'NONE',  ( -0.000000000000000000, 0.000000000000000000, -1.000000000000000000 ) ) ;
#1827 = EDGE_CURVE ( 'NONE', #300, #3072, #4825, .T. ) ;
#1828 = PLANE ( 'NONE',  #255 ) ;
#1829 = ORIENTED_EDGE ( 'NONE', *, *, #517, .F. ) ;
#1830 = CARTESIAN_POINT ( 'NONE',  ( -1.300000000000000044, 0.6500000000000000222, 0.4551791245819074017 ) ) ;
#1831 = CARTESIAN_POINT ( 'NONE',  ( 1.675252549177989714, -1.485000000000000320, 0.09999999999999990841 ) ) ;
#1832 = EDGE_CURVE ( 'NONE', #560, #1557, #1213, .T. ) ;
#1833 = CARTESIAN_POINT ( 'NONE',  ( 0.06078954250491507005, 0.002078463733595553239, 0.000000000000000000 ) ) ;
#1834 = DIRECTION ( 'NONE',  ( 0.000000000000000000, 0.000000000000000000, -1.000000000000000000 ) ) ;
#1835 = CARTESIAN_POINT ( 'NONE',  ( 1.476984712635663444, 1.550000000000000266, 0.07373471887023937132 ) ) ;
#1836 = CARTESIAN_POINT ( 'NONE',  ( 0.2532025392429991806, 0.1549058889980234888, 0.000000000000000000 ) ) ;
#1837 = FILL_AREA_STYLE ('',( #5221 ) ) ;
#1838 = CARTESIAN_POINT ( 'NONE',  ( 1.675252549177989714, -0.1350000000000001477, 0.09999999999999990841 ) ) ;
#1839 = CARTESIAN_POINT ( 'NONE',  ( -0.1734898684990129336, 0.009080086558740849828, 0.000000000000000000 ) ) ;
#1840 = ORIENTED_EDGE ( 'NONE', *, *, #4550, .F. ) ;
#1841 = EDGE_LOOP ( 'NONE', ( #1611, #4838, #4124, #4584 ) ) ;
#1842 = ORIENTED_EDGE ( 'NONE', *, *, #1283, .T. ) ;
#1843 =( GEOMETRIC_REPRESENTATION_CONTEXT ( 3 ) GLOBAL_UNCERTAINTY_ASSIGNED_CONTEXT ( ( #3481 ) ) GLOBAL_UNIT_ASSIGNED_CONTEXT ( ( #6280, #1231, #2910 ) ) REPRESENTATION_CONTEXT ( 'NONE', 'WORKASPACE' ) );
#1844 = LINE ( 'NONE', #3108, #2986 ) ;
#1845 = DIRECTION ( 'NONE',  ( 1.000000000000000000, 0.000000000000000000, -0.000000000000000000 ) ) ;
#1846 = ORIENTED_EDGE ( 'NONE', *, *, #3478, .T. ) ;
#1847 = CARTESIAN_POINT ( 'NONE',  ( -0.1054366488764533205, 0.1610424807464979902, -0.000000000000000000 ) ) ;
#1848 = ORIENTED_EDGE ( 'NONE', *, *, #5200, .T. ) ;
#1849 = ADVANCED_FACE ( 'NONE', ( #1741 ), #2764, .F. ) ;
#1850 = CARTESIAN_POINT ( 'NONE',  ( -1.675252549177989936, 0.6500000000000001332, 0.05999999999999992839 ) ) ;
#1851 = UNCERTAINTY_MEASURE_WITH_UNIT (LENGTH_MEASURE( 1.000000000000000082E-05 ), #711, 'distance_accuracy_value', 'NONE');
#1852 = STYLED_ITEM ( 'NONE', ( #4858 ), #5227 ) ;
#1853 = VERTEX_POINT ( 'NONE', #2150 ) ;
#1854 = CARTESIAN_POINT ( 'NONE',  ( 0.2966148744581278973, 0.07840924728379930486, 0.1000000000000000056 ) ) ;
#1855 = ADVANCED_FACE ( 'NONE', ( #6468 ), #658, .F. ) ;
#1856 = CARTESIAN_POINT ( 'NONE',  ( 1.391402837117598379, -0.1350000000000001477, 0.4551791245819072351 ) ) ;
#1857 = EDGE_LOOP ( 'NONE', ( #2391, #462, #5353, #4237 ) ) ;
#1858 = ORIENTED_EDGE ( 'NONE', *, *, #2112, .F. ) ;
#1859 = MECHANICAL_DESIGN_GEOMETRIC_PRESENTATION_REPRESENTATION (  '', ( #5045 ), #741 ) ;
#1860 = SURFACE_SIDE_STYLE ('',( #4357 ) ) ;
#1861 = CARTESIAN_POINT ( 'NONE',  ( 0.2966639300483497332, 0.08333002873969869162, 0.1000000000000000056 ) ) ;
#1862 = VERTEX_POINT ( 'NONE', #571 ) ;
#1863 = CARTESIAN_POINT ( 'NONE',  ( 0.1623468040309042348, 0.1783077654094888664, -1.355252715606880543E-17 ) ) ;
#1864 = ORIENTED_EDGE ( 'NONE', *, *, #5005, .F. ) ;
#1865 = EDGE_CURVE ( 'NONE', #6839, #1322, #2782, .T. ) ;
#1866 = CIRCLE ( 'NONE', #2860, 0.2000000000000000944 ) ;
#1867 = EDGE_CURVE ( 'NONE', #2366, #293, #3566, .T. ) ;
#1868 = VERTEX_POINT ( 'NONE', #2278 ) ;
#1869 = CARTESIAN_POINT ( 'NONE',  ( 0.2131876669430445848, -0.02351798759933488789, 0.1000000000000000056 ) ) ;
#1870 = DIRECTION ( 'NONE',  ( 1.000000000000000000, 0.000000000000000000, -0.000000000000000000 ) ) ;
#1871 = VECTOR ( 'NONE', #2451, 1000.000000000000000 ) ;
#1872 = DIRECTION ( 'NONE',  ( 1.000000000000000000, 0.000000000000000000, -0.000000000000000000 ) ) ;
#1873 = VECTOR ( 'NONE', #2933, 1000.000000000000114 ) ;
#1874 = CARTESIAN_POINT ( 'NONE',  ( 0.2141409855591870914, 0.1661119913575085649, 0.1000000000000000056 ) ) ;
#1875 = ORIENTED_EDGE ( 'NONE', *, *, #5981, .T. ) ;
#1876 =( NAMED_UNIT ( * ) PLANE_ANGLE_UNIT ( ) SI_UNIT ( $, .RADIAN. ) );
#1877 = CARTESIAN_POINT ( 'NONE',  ( 0.3377126194279920224, -0.01843435677922496130, 0.1000000000000000056 ) ) ;
#1878 = DIRECTION ( 'NONE',  ( 1.000000000000000000, 1.112002228190260952E-16, -0.000000000000000000 ) ) ;
#1879 = LINE ( 'NONE', #2784, #2260 ) ;
#1880 = ADVANCED_FACE ( 'NONE', ( #3745 ), #5676, .T. ) ;
#1881 = LINE ( 'NONE', #5445, #2684 ) ;
#1882 = DIRECTION ( 'NONE',  ( -1.000000000000000000, -0.000000000000000000, -0.000000000000000000 ) ) ;
#1883 = CARTESIAN_POINT ( 'NONE',  ( 0.1234318182168985811, 0.1497060630534014225, -1.355252715606880543E-17 ) ) ;
#1884 = EDGE_CURVE ( 'NONE', #3789, #3180, #6381, .T. ) ;
#1885 = SURFACE_SIDE_STYLE ('',( #3307 ) ) ;
#1886 = FACE_OUTER_BOUND ( 'NONE', #5057, .T. ) ;
#1887 = DIRECTION ( 'NONE',  ( 0.000000000000000000, 0.000000000000000000, -1.000000000000000000 ) ) ;
#1888 = ADVANCED_FACE ( 'NONE', ( #2344 ), #6249, .T. ) ;
#1889 = ADVANCED_FACE ( 'NONE', ( #3651 ), #25, .F. ) ;
#1890 = CARTESIAN_POINT ( 'NONE',  ( 0.1805194636849652701, 0.1839868597581612308, 0.1000000000000000056 ) ) ;
#1891 = VERTEX_POINT ( 'NONE', #2814 ) ;
#1892 = COLOUR_RGB ( '',0.7960784313725489669, 0.8235294117647058432, 0.9372549019607843146 ) ;
#1893 = CARTESIAN_POINT ( 'NONE',  ( 1.300000000000000044, -1.950000000000000178, 0.4551791245819074017 ) ) ;
#1894 = FILL_AREA_STYLE_COLOUR ( '', #7048 ) ;
#1895 = LINE ( 'NONE', #2619, #4467 ) ;
#1896 = CARTESIAN_POINT ( 'NONE',  ( 0.2754937842237124013, 0.1376714341455691770, 0.1000000000000000056 ) ) ;
#1897 = DIRECTION ( 'NONE',  ( -0.000000000000000000, -1.000000000000000000, -0.000000000000000000 ) ) ;
#1898 = DIRECTION ( 'NONE',  ( -0.000000000000000000, -1.000000000000000000, -0.000000000000000000 ) ) ;
#1899 = PRESENTATION_LAYER_ASSIGNMENT (  '', '', ( #2294 ) ) ;
#1900 = FILL_AREA_STYLE_COLOUR ( '', #1797 ) ;
#1901 =( LENGTH_UNIT ( ) NAMED_UNIT ( * ) SI_UNIT ( .MILLI., .METRE. ) );
#1902 = PLANE ( 'NONE',  #654 ) ;
#1903 = CARTESIAN_POINT ( 'NONE',  ( 0.2315737278935006693, 0.1633893823019118008, 0.1000000000000000056 ) ) ;
#1904 = CARTESIAN_POINT ( 'NONE',  ( 0.1511660349842321727, 0.1728548964183608261, -1.355252715606880543E-17 ) ) ;
#1905 = LINE ( 'NONE', #2991, #4574 ) ;
#1906 = SURFACE_SIDE_STYLE ('',( #756 ) ) ;
#1907 = EDGE_LOOP ( 'NONE', ( #4595, #527, #3970, #6329 ) ) ;
#1908 = DIRECTION ( 'NONE',  ( 0.000000000000000000, -1.000000000000000000, 0.000000000000000000 ) ) ;
#1909 = STYLED_ITEM ( 'NONE', ( #940 ), #3586 ) ;
#1910 = PRESENTATION_STYLE_ASSIGNMENT (( #547 ) ) ;
#1911 = SURFACE_SIDE_STYLE ('',( #4083 ) ) ;
#1912 = CIRCLE ( 'NONE', #1344, 0.04000000000000004940 ) ;
#1913 = SURFACE_SIDE_STYLE ('',( #6792 ) ) ;
#1914 = PLANE ( 'NONE',  #4263 ) ;
#1915 = EDGE_LOOP ( 'NONE', ( #6175, #5207, #680, #5722 ) ) ;
#1916 = PRESENTATION_STYLE_ASSIGNMENT (( #3672 ) ) ;
#1917 = EDGE_CURVE ( 'NONE', #3062, #6173, #1734, .T. ) ;
#1918 = DIRECTION ( 'NONE',  ( 0.000000000000000000, 0.000000000000000000, 1.000000000000000000 ) ) ;
#1919 = CARTESIAN_POINT ( 'NONE',  ( -1.300000000000000266, -1.150000000000000133, 0.6151791245819073772 ) ) ;
#1920 = EDGE_LOOP ( 'NONE', ( #6693, #4763, #4824, #6012 ) ) ;
#1921 = EDGE_CURVE ( 'NONE', #5501, #3497, #423, .T. ) ;
#1922 = CARTESIAN_POINT ( 'NONE',  ( -0.1319588549309823888, -0.01843435677922496130, 0.1000000000000000056 ) ) ;
#1923 = CARTESIAN_POINT ( 'NONE',  ( 0.1423954604104042398, 0.1405598333616457918, 0.000000000000000000 ) ) ;
#1924 = ADVANCED_FACE ( 'NONE', ( #2693 ), #3034, .F. ) ;
#1925 = VECTOR ( 'NONE', #5386, 1000.000000000000000 ) ;
#1926 = EDGE_LOOP ( 'NONE', ( #7101, #1682, #5042, #4844 ) ) ;
#1927 = EDGE_LOOP ( 'NONE', ( #4771, #2365 ) ) ;
#1928 =( NAMED_UNIT ( * ) SI_UNIT ( $, .STERADIAN. ) SOLID_ANGLE_UNIT ( ) );
#1929 = ORIENTED_EDGE ( 'NONE', *, *, #2627, .F. ) ;
#1930 = FILL_AREA_STYLE ('',( #6973 ) ) ;
#1931 = CARTESIAN_POINT ( 'NONE',  ( -0.4003883421104696416, 0.04566820732333915639, 0.1000000000000000056 ) ) ;
#1932 = ORIENTED_EDGE ( 'NONE', *, *, #807, .T. ) ;
#1933 = PRESENTATION_LAYER_ASSIGNMENT (  '', '', ( #6364 ) ) ;
#1934 = CARTESIAN_POINT ( 'NONE',  ( 0.1688406296742344659, 0.1584870181495188768, 0.1000000000000000056 ) ) ;
#1935 = EDGE_LOOP ( 'NONE', ( #1010, #4147, #5798, #6078 ) ) ;
#1936 = CARTESIAN_POINT ( 'NONE',  ( 0.2682633819393788199, -0.007052765227638937984, 4.065758146820641628E-17 ) ) ;
#1937 = DIRECTION ( 'NONE',  ( -1.000000000000000000, -1.112002228190260952E-16, -0.000000000000000000 ) ) ;
#1938 = SURFACE_STYLE_USAGE ( .BOTH. , #1379 ) ;
#1939 = UNCERTAINTY_MEASURE_WITH_UNIT (LENGTH_MEASURE( 1.000000000000000082E-05 ), #4007, 'distance_accuracy_value', 'NONE');
#1940 = ORIENTED_EDGE ( 'NONE', *, *, #2213, .T. ) ;
#1941 = LINE ( 'NONE', #2962, #1524 ) ;
#1942 = ORIENTED_EDGE ( 'NONE', *, *, #6269, .T. ) ;
#1943 = EDGE_LOOP ( 'NONE', ( #1006, #2638, #7176, #1416 ) ) ;
#1944 = CARTESIAN_POINT ( 'NONE',  ( 0.2939015970083577178, 0.1040486885114065979, 0.1000000000000000056 ) ) ;
#1945 = CARTESIAN_POINT ( 'NONE',  ( -0.08792840621303361914, 0.1610528227079545405, 0.1000000000000000056 ) ) ;
#1946 = CARTESIAN_POINT ( 'NONE',  ( 0.2069033245561971712, -0.003049741394609574528, 0.000000000000000000 ) ) ;
#1947 = CARTESIAN_POINT ( 'NONE',  ( -0.1395427587026334404, 0.1806336735113939496, 0.1000000000000000056 ) ) ;
#1948 = PLANE ( 'NONE',  #3361 ) ;
#1949 = CARTESIAN_POINT ( 'NONE',  ( 0.4146356963510689497, 0.1815656432207750637, 0.1000000000000000056 ) ) ;
#1950 = FILL_AREA_STYLE_COLOUR ( '', #912 ) ;
#1951 = LINE ( 'NONE', #89, #6094 ) ;
#1952 = VERTEX_POINT ( 'NONE', #6365 ) ;
#1953 = VECTOR ( 'NONE', #596, 1000.000000000000000 ) ;
#1954 = CARTESIAN_POINT ( 'NONE',  ( -0.1108851369822644178, 0.002078463733595553239, 0.000000000000000000 ) ) ;
#1955 = SURFACE_STYLE_FILL_AREA ( #108 ) ;
#1956 = CARTESIAN_POINT ( 'NONE',  ( -1.300000000000000266, 1.549999999999999822, 0.6151791245819073772 ) ) ;
#1957 = DIRECTION ( 'NONE',  ( 0.9036123719369737461, 0.4283511191562786036, -0.000000000000000000 ) ) ;
#1958 = CARTESIAN_POINT ( 'NONE',  ( 1.589670673659924649, -0.6850000000000002753, 0.4414444057116678755 ) ) ;
#1959 = PRESENTATION_LAYER_ASSIGNMENT (  '', '', ( #302 ) ) ;
#1960 = FACE_OUTER_BOUND ( 'NONE', #3341, .T. ) ;
#1961 = LINE ( 'NONE', #1835, #4802 ) ;
#1962 = AXIS2_PLACEMENT_3D ( 'NONE', #2548, #3028, #5845 ) ;
#1963 = EDGE_CURVE ( 'NONE', #2341, #2833, #3214, .T. ) ;
#1964 = FACE_OUTER_BOUND ( 'NONE', #4350, .T. ) ;
#1965 = ADVANCED_FACE ( 'NONE', ( #4732 ), #4062, .F. ) ;
#1966 = CARTESIAN_POINT ( 'NONE',  ( 0.1583292136826905672, 0.1530166910604634778, 0.1000000000000000056 ) ) ;
#1967 = B_SPLINE_CURVE_WITH_KNOTS ( 'NONE', 3,
 ( #5702, #2842, #4536, #6253, #6757, #6688, #1164, #550, #3409, #99, #5656, #80, #2236, #5631, #2263, #3334, #5, #3974, #4554 ),
 .UNSPECIFIED., .F., .F.,
 ( 4, 1, 1, 1, 1, 1, 1, 1, 1, 1, 1, 1, 1, 1, 1, 1, 4 ),
 ( 0.000000000000000000, 0.06455784592971902658, 0.1270135315497587514, 0.1879548102020905109, 0.2480139127896341389, 0.3077476818488373289, 0.3682345146974852490, 0.4294698439426694603, 0.4927434367465848286, 0.5562577687060831222, 0.6182167855431436321, 0.6796554755875549025, 0.7412455456206292759, 0.8034152647056966856, 0.8668154615439920274, 0.9323283119492650206, 0.9999999999999998890 ),
 .UNSPECIFIED. ) ;
#1968 = EDGE_CURVE ( 'NONE', #3062, #6084, #4283, .T. ) ;
#1969 = CARTESIAN_POINT ( 'NONE',  ( -0.1641960412718617701, -0.01580444149800075068, 0.000000000000000000 ) ) ;
#1970 = CARTESIAN_POINT ( 'NONE',  ( 2.000000000000000000, 1.550000000000000266, 0.05999999999999998390 ) ) ;
#1971 = LINE ( 'NONE', #3836, #325 ) ;
#1972 = CARTESIAN_POINT ( 'NONE',  ( 0.2067831322485048362, -0.02356256190743008863, 0.000000000000000000 ) ) ;
#1973 = CARTESIAN_POINT ( 'NONE',  ( 1.246238145344578996, -1.853522474313894719, 1.099999999999999201 ) ) ;
#1974 = DIRECTION ( 'NONE',  ( -0.000000000000000000, -0.000000000000000000, -1.000000000000000000 ) ) ;
#1975 = CARTESIAN_POINT ( 'NONE',  ( -0.1554235627637500505, 0.1788552415253401029, 0.1000000000000000056 ) ) ;
#1976 = CARTESIAN_POINT ( 'NONE',  ( 1.300000000000000044, 0.9499999999999998446, 0.4551791245819074017 ) ) ;
#1977 = ORIENTED_EDGE ( 'NONE', *, *, #6074, .F. ) ;
#1978 = SURFACE_STYLE_FILL_AREA ( #5448 ) ;
#1979 = CYLINDRICAL_SURFACE ( 'NONE', #3418, 0.1999999999999999278 ) ;
#1980 = VECTOR ( 'NONE', #600, 1000.000000000000000 ) ;
#1981 = CARTESIAN_POINT ( 'NONE',  ( 1.391402837117598379, -1.485000000000000320, 0.4551791245819072351 ) ) ;
#1982 = VECTOR ( 'NONE', #1208, 1000.000000000000000 ) ;
#1983 = CARTESIAN_POINT ( 'NONE',  ( -0.2130135630068628050, 0.05407474544798827887, 0.1000000000000000056 ) ) ;
#1984 = EDGE_CURVE ( 'NONE', #818, #5827, #6724, .T. ) ;
#1985 = AXIS2_PLACEMENT_3D ( 'NONE', #1229, #101, #163 ) ;
#1986 = ORIENTED_EDGE ( 'NONE', *, *, #5901, .F. ) ;
#1987 = CIRCLE ( 'NONE', #3493, 0.04000000000000010492 ) ;
#1988 = PLANE ( 'NONE',  #5548 ) ;
#1989 = AXIS2_PLACEMENT_3D ( 'NONE', #190, #4773, #764 ) ;
#1990 = VECTOR ( 'NONE', #1588, 1000.000000000000000 ) ;
#1991 = DIRECTION ( 'NONE',  ( 0.7941277684358859501, -0.6077508431907271413, 0.000000000000000000 ) ) ;
#1992 = VECTOR ( 'NONE', #4265, 1000.000000000000000 ) ;
#1993 = SURFACE_STYLE_FILL_AREA ( #3775 ) ;
#1994 = CARTESIAN_POINT ( 'NONE',  ( 0.2635417572308652034, -0.009948871779712415916, -0.000000000000000000 ) ) ;
#1995 = VERTEX_POINT ( 'NONE', #2393 ) ;
#1996 = CARTESIAN_POINT ( 'NONE',  ( -1.589670673659924871, 1.550000000000000044, 0.4414444057116680975 ) ) ;
#1997 = PRESENTATION_STYLE_ASSIGNMENT (( #4024 ) ) ;
#1998 = CARTESIAN_POINT ( 'NONE',  ( 0.1864613003130655144, -0.001154201313848487878, -0.000000000000000000 ) ) ;
#1999 = AXIS2_PLACEMENT_3D ( 'NONE', #156, #6747, #4615 ) ;
#2000 = CARTESIAN_POINT ( 'NONE',  ( 0.3128865114789359803, 0.1037898068461355627, 0.1000000000000000056 ) ) ;
#2001 = ADVANCED_FACE ( 'NONE', ( #5611 ), #1308, .F. ) ;
#2002 = FILL_AREA_STYLE_COLOUR ( '', #2896 ) ;
#2003 = LINE ( 'NONE', #5760, #273 ) ;
#2004 = EDGE_CURVE ( 'NONE', #3278, #1582, #4994, .T. ) ;
#2005 = CARTESIAN_POINT ( 'NONE',  ( 0.2000292879179935424, -0.02348611192562014699, 0.1000000000000000056 ) ) ;
#2006 = ORIENTED_EDGE ( 'NONE', *, *, #3261, .F. ) ;
#2007 = ORIENTED_EDGE ( 'NONE', *, *, #4287, .T. ) ;
#2008 = CARTESIAN_POINT ( 'NONE',  ( 0.1768135422771350829, 0.001454822562438440586, 0.1000000000000000056 ) ) ;
#2009 = STYLED_ITEM ( 'NONE', ( #3785 ), #6564 ) ;
#2010 = EDGE_CURVE ( 'NONE', #188, #1382, #395, .T. ) ;
#2011 = DIRECTION ( 'NONE',  ( -0.000000000000000000, -0.000000000000000000, -1.000000000000000000 ) ) ;
#2012 = DIRECTION ( 'NONE',  ( 0.000000000000000000, -1.000000000000000000, -0.000000000000000000 ) ) ;
#2013 = CARTESIAN_POINT ( 'NONE',  ( 1.391402837117598379, 1.550000000000000266, 0.4151791245819071996 ) ) ;
#2014 = SURFACE_STYLE_USAGE ( .BOTH. , #2516 ) ;
#2015 = ORIENTED_EDGE ( 'NONE', *, *, #6164, .F. ) ;
#2016 = CARTESIAN_POINT ( 'NONE',  ( 0.1500080755025267609, 0.1473202414217390233, 0.1000000000000000056 ) ) ;
#2017 = FACE_OUTER_BOUND ( 'NONE', #383, .T. ) ;
#2018 = B_SPLINE_CURVE_WITH_KNOTS ( 'NONE', 3,
 ( #3328, #7245, #6706, #5019, #2233, #6157, #3898, #5580, #2198, #6130, #2763, #6682, #544, #4471, #1113, #3293, #5092, #6090, #2751 ),
 .UNSPECIFIED., .F., .F.,
 ( 4, 1, 1, 1, 1, 1, 1, 1, 1, 1, 1, 1, 1, 1, 1, 1, 4 ),
 ( 0.000000000000000000, 0.06167423887742603389, 0.1230530616348058798, 0.1834750007317021148, 0.2437265005106117599, 0.3042789165122536943, 0.3648629209606826795, 0.4259462039686196522, 0.4873912299654080127, 0.5492203840754762423, 0.6111435886926029903, 0.6735285303101521404, 0.7369614566573042813, 0.8007852828728402317, 0.8660125956416149240, 0.9321007477905784988, 1.000000000000000000 ),
 .UNSPECIFIED. ) ;
#2019 = LINE ( 'NONE', #3495, #6410 ) ;
#2020 = FILL_AREA_STYLE ('',( #3116 ) ) ;
#2021 = ORIENTED_EDGE ( 'NONE', *, *, #6939, .F. ) ;
#2022 =( NAMED_UNIT ( * ) SI_UNIT ( $, .STERADIAN. ) SOLID_ANGLE_UNIT ( ) );
#2023 = ORIENTED_EDGE ( 'NONE', *, *, #7229, .F. ) ;
#2024 = VERTEX_POINT ( 'NONE', #232 ) ;
#2025 = EDGE_CURVE ( 'NONE', #2349, #2567, #4820, .T. ) ;
#2026 = CARTESIAN_POINT ( 'NONE',  ( 0.2428647822469168494, -0.01867812290996185426, -0.000000000000000000 ) ) ;
#2027 = CARTESIAN_POINT ( 'NONE',  ( 1.675252549177989714, 0.9500000000000000666, 0.05999999999999986594 ) ) ;
#2028 = ORIENTED_EDGE ( 'NONE', *, *, #4878, .T. ) ;
#2029 = STYLED_ITEM ( 'NONE', ( #2787 ), #6060 ) ;
#2030 = EDGE_LOOP ( 'NONE', ( #2855, #3715, #4544, #3989 ) ) ;
#2031 = CARTESIAN_POINT ( 'NONE',  ( 0.1684379627719808370, -0.01745128338793616729, 0.1000000000000000056 ) ) ;
#2032 = CARTESIAN_POINT ( 'NONE',  ( 0.1505138912454053457, 0.01560688471268567232, 0.000000000000000000 ) ) ;
#2033 = FILL_AREA_STYLE_COLOUR ( '', #5967 ) ;
#2034 = ORIENTED_EDGE ( 'NONE', *, *, #7183, .F. ) ;
#2035 =( NAMED_UNIT ( * ) PLANE_ANGLE_UNIT ( ) SI_UNIT ( $, .RADIAN. ) );
#2036 = ORIENTED_EDGE ( 'NONE', *, *, #1781, .F. ) ;
#2037 = ORIENTED_EDGE ( 'NONE', *, *, #3756, .T. ) ;
#2038 = ADVANCED_FACE ( 'NONE', ( #4725 ), #1979, .T. ) ;
#2039 = UNCERTAINTY_MEASURE_WITH_UNIT (LENGTH_MEASURE( 1.000000000000000082E-05 ), #2602, 'distance_accuracy_value', 'NONE');
#2040 = PRESENTATION_LAYER_ASSIGNMENT (  '', '', ( #4026 ) ) ;
#2041 = ORIENTED_EDGE ( 'NONE', *, *, #1525, .T. ) ;
#2042 = VECTOR ( 'NONE', #5665, 1000.000000000000000 ) ;
#2043 = VERTEX_POINT ( 'NONE', #299 ) ;
#2044 = ORIENTED_EDGE ( 'NONE', *, *, #3531, .T. ) ;
#2045 = VECTOR ( 'NONE', #4300, 1000.000000000000000 ) ;
#2046 = CIRCLE ( 'NONE', #5347, 0.04000000000000002165 ) ;
#2047 = CARTESIAN_POINT ( 'NONE',  ( 0.2923187831428700201, 0.1093716119873325149, 0.1000000000000000056 ) ) ;
#2048 = ORIENTED_EDGE ( 'NONE', *, *, #1097, .F. ) ;
#2049 = FILL_AREA_STYLE ('',( #1518 ) ) ;
#2050 = SURFACE_STYLE_USAGE ( .BOTH. , #4851 ) ;
#2051 = CARTESIAN_POINT ( 'NONE',  ( -0.1103643036489311419, 0.1815656432207750637, 0.1000000000000000056 ) ) ;
#2052 = VECTOR ( 'NONE', #5988, 1000.000000000000000 ) ;
#2053 = CARTESIAN_POINT ( 'NONE',  ( 0.3104968659822797128, 0.1137413153520359099, 0.1000000000000000056 ) ) ;
#2054 = FILL_AREA_STYLE ('',( #2552 ) ) ;
#2055 = DIRECTION ( 'NONE',  ( 0.000000000000000000, 0.000000000000000000, -1.000000000000000000 ) ) ;
#2056 = LINE ( 'NONE', #14, #1873 ) ;
#2057 = CARTESIAN_POINT ( 'NONE',  ( -1.300000000000000266, 1.550000000000000044, 0.6151791245819073772 ) ) ;
#2058 = AXIS2_PLACEMENT_3D ( 'NONE', #7053, #5330, #6442 ) ;
#2059 = ORIENTED_EDGE ( 'NONE', *, *, #5151, .T. ) ;
#2060 = FILL_AREA_STYLE_COLOUR ( '', #5162 ) ;
#2061 = CARTESIAN_POINT ( 'NONE',  ( -0.2161335344181619378, 0.07908166886180068023, 0.1000000000000000056 ) ) ;
#2062 = DIRECTION ( 'NONE',  ( 0.000000000000000000, 1.000000000000000000, -0.000000000000000000 ) ) ;
#2063 = LINE ( 'NONE', #1118, #324 ) ;
#2064 = DIRECTION ( 'NONE',  ( -0.000000000000000000, -1.000000000000000000, -0.000000000000000000 ) ) ;
#2065 =( NAMED_UNIT ( * ) SI_UNIT ( $, .STERADIAN. ) SOLID_ANGLE_UNIT ( ) );
#2066 = MECHANICAL_DESIGN_GEOMETRIC_PRESENTATION_REPRESENTATION (  '', ( #855 ), #3338 ) ;
#2067 = LINE ( 'NONE', #2558, #6546 ) ;
#2068 = LINE ( 'NONE', #4206, #593 ) ;
#2069 = EDGE_CURVE ( 'NONE', #4224, #4061, #2068, .T. ) ;
#2070 = FILL_AREA_STYLE ('',( #5982 ) ) ;
#2071 = VECTOR ( 'NONE', #1058, 1000.000000000000000 ) ;
#2072 = EDGE_CURVE ( 'NONE', #4983, #4731, #2732, .T. ) ;
#2073 = EDGE_LOOP ( 'NONE', ( #3260, #5792, #5546, #4115 ) ) ;
#2074 = CARTESIAN_POINT ( 'NONE',  ( 0.1412357415435712971, -0.003188960251555941240, 0.1000000000000000056 ) ) ;
#2075 = DIRECTION ( 'NONE',  ( -1.000000000000000000, -0.000000000000000000, -0.000000000000000000 ) ) ;
#2076 = CARTESIAN_POINT ( 'NONE',  ( -0.2069767813201129070, 0.006284080404624399138, 0.1000000000000000056 ) ) ;
#2077 = CARTESIAN_POINT ( 'NONE',  ( 0.3027995951308292133, 0.1323318310560325228, -1.355252715606880543E-17 ) ) ;
#2078 = ADVANCED_FACE ( 'NONE', ( #6371 ), #272, .T. ) ;
#2079 = CARTESIAN_POINT ( 'NONE',  ( 0.2100723606007671995, -0.002990597902941125735, -0.000000000000000000 ) ) ;
#2080 = DIRECTION ( 'NONE',  ( -0.000000000000000000, -0.000000000000000000, -1.000000000000000000 ) ) ;
#2081 = CARTESIAN_POINT ( 'NONE',  ( 0.1515181041064237455, -0.009794258283445555352, 0.1000000000000000056 ) ) ;
#2082 = DIRECTION ( 'NONE',  ( -0.000000000000000000, -1.000000000000000000, -0.000000000000000000 ) ) ;
#2083 = UNCERTAINTY_MEASURE_WITH_UNIT (LENGTH_MEASURE( 1.000000000000000082E-05 ), #3944, 'distance_accuracy_value', 'NONE');
#2084 = CARTESIAN_POINT ( 'NONE',  ( -0.2033501539983059991, 0.03314076840878274477, 0.1000000000000000056 ) ) ;
#2085 = CARTESIAN_POINT ( 'NONE',  ( 1.391402837117598157, -0.1350000000000001477, 0.4151791245819071996 ) ) ;
#2086 = FACE_OUTER_BOUND ( 'NONE', #3161, .T. ) ;
#2087 =( GEOMETRIC_REPRESENTATION_CONTEXT ( 3 ) GLOBAL_UNCERTAINTY_ASSIGNED_CONTEXT ( ( #5039 ) ) GLOBAL_UNIT_ASSIGNED_CONTEXT ( ( #1556, #7204, #5499 ) ) REPRESENTATION_CONTEXT ( 'NONE', 'WORKASPACE' ) );
#2088 = CARTESIAN_POINT ( 'NONE',  ( -0.03408225236687983939, 0.07900154065667248926, 0.1000000000000000056 ) ) ;
#2089 = AXIS2_PLACEMENT_3D ( 'NONE', #5603, #1589, #4945 ) ;
#2090 = LINE ( 'NONE', #4323, #2705 ) ;
#2091 = STYLED_ITEM ( 'NONE', ( #6745 ), #5526 ) ;
#2092 = PRESENTATION_STYLE_ASSIGNMENT (( #7189 ) ) ;
#2093 = CARTESIAN_POINT ( 'NONE',  ( -0.3556768036489311724, 0.1425832714259032408, -0.000000000000000000 ) ) ;
#2094 = DIRECTION ( 'NONE',  ( -1.000000000000000000, 0.000000000000000000, 0.000000000000000000 ) ) ;
#2095 =( LENGTH_UNIT ( ) NAMED_UNIT ( * ) SI_UNIT ( .MILLI., .METRE. ) );
#2096 = CARTESIAN_POINT ( 'NONE',  ( -0.2324151638236609807, 0.05755209079424068730, 0.1000000000000000056 ) ) ;
#2097 = AXIS2_PLACEMENT_3D ( 'NONE', #5140, #3442, #6835 ) ;
#2098 = CARTESIAN_POINT ( 'NONE',  ( 0.2182147244419812282, 0.1864202171537638897, -1.355252715606880543E-17 ) ) ;
#2099 = CARTESIAN_POINT ( 'NONE',  ( -0.1751999444567714503, 0.1510140287165008255, 8.131516293641283255E-17 ) ) ;
#2100 = CARTESIAN_POINT ( 'NONE',  ( 0.4325844142997869457, -0.01843435677922496130, -0.000000000000000000 ) ) ;
#2101 = LINE ( 'NONE', #6327, #277 ) ;
#2102 = AXIS2_PLACEMENT_3D ( 'NONE', #1503, #2082, #432 ) ;
#2103 = CARTESIAN_POINT ( 'NONE',  ( 0.1805803675671850128, -0.02090138774544553213, 0.1000000000000000056 ) ) ;
#2104 = SURFACE_STYLE_FILL_AREA ( #4128 ) ;
#2105 = AXIS2_PLACEMENT_3D ( 'NONE', #3073, #4291, #1469 ) ;
#2106 = EDGE_CURVE ( 'NONE', #4612, #6432, #5767, .T. ) ;
#2107 = ORIENTED_EDGE ( 'NONE', *, *, #289, .T. ) ;
#2108 =( NAMED_UNIT ( * ) PLANE_ANGLE_UNIT ( ) SI_UNIT ( $, .RADIAN. ) );
#2109 = LINE ( 'NONE', #5689, #5645 ) ;
#2110 = CARTESIAN_POINT ( 'NONE',  ( 0.1868659260944337819, 0.1642384116530856142, 0.1000000000000000056 ) ) ;
#2111 = SURFACE_SIDE_STYLE ('',( #3276 ) ) ;
#2112 = EDGE_CURVE ( 'NONE', #1382, #4983, #4358, .T. ) ;
#2113 = VERTEX_POINT ( 'NONE', #858 ) ;
#2114 = ADVANCED_FACE ( 'NONE', ( #332 ), #7244, .T. ) ;
#2115 = ORIENTED_EDGE ( 'NONE', *, *, #4384, .T. ) ;
#2116 = B_SPLINE_CURVE_WITH_KNOTS ( 'NONE', 3,
 ( #2326, #4058, #1216, #5184, #2920, #6288, #3464, #6334, #1200, #6267, #5139 ),
 .UNSPECIFIED., .F., .F.,
 ( 4, 1, 1, 1, 1, 1, 1, 1, 4 ),
 ( 0.000000000000000000, 0.08431861695858089423, 0.1792845142139041781, 0.2865825276465601146, 0.4051114834342786075, 0.5355928734189734364, 0.6781902099934136174, 0.8329758397604892783, 1.000000000000000000 ),
 .UNSPECIFIED. ) ;
#2117 = ORIENTED_EDGE ( 'NONE', *, *, #1466, .F. ) ;
#2118 = FACE_OUTER_BOUND ( 'NONE', #5666, .T. ) ;
#2119 = CARTESIAN_POINT ( 'NONE',  ( 0.2635417572308652034, -0.009948871779712415916, 0.1000000000000000056 ) ) ;
#2120 = ORIENTED_EDGE ( 'NONE', *, *, #1463, .F. ) ;
#2121 = ORIENTED_EDGE ( 'NONE', *, *, #1056, .F. ) ;
#2122 = CARTESIAN_POINT ( 'NONE',  ( 0.1197639014792740431, 0.01838455347718529614, 0.1000000000000000056 ) ) ;
#2123 = DIRECTION ( 'NONE',  ( 0.9913391827116310173, -0.000000000000000000, 0.1313264056488087084 ) ) ;
#2124 = CARTESIAN_POINT ( 'NONE',  ( -1.300000000000000044, -1.950000000000000400, 0.4551791245819073461 ) ) ;
#2125 = CARTESIAN_POINT ( 'NONE',  ( -0.1982720929191588433, -0.001433496380578347298, 0.1000000000000000056 ) ) ;
#2126 = CARTESIAN_POINT ( 'NONE',  ( -2.000000000000000000, 0.6500000000000001332, 0.06000000000000001166 ) ) ;
#2127 = CARTESIAN_POINT ( 'NONE',  ( 0.2372898917045837275, -0.02023648043140311228, 0.1000000000000000056 ) ) ;
#2128 = ORIENTED_EDGE ( 'NONE', *, *, #1606, .T. ) ;
#2129 = DIRECTION ( 'NONE',  ( -1.000000000000000000, 0.000000000000000000, 0.000000000000000000 ) ) ;
#2130 = PRESENTATION_STYLE_ASSIGNMENT (( #249 ) ) ;
#2131 = EDGE_CURVE ( 'NONE', #563, #1758, #2940, .T. ) ;
#2132 = ORIENTED_EDGE ( 'NONE', *, *, #6722, .F. ) ;
#2133 = DIRECTION ( 'NONE',  ( 0.000000000000000000, 0.000000000000000000, 1.000000000000000000 ) ) ;
#2134 = ORIENTED_EDGE ( 'NONE', *, *, #998, .F. ) ;
#2135 = CARTESIAN_POINT ( 'NONE',  ( -0.1205286323624266825, 0.002119908108458163232, 0.000000000000000000 ) ) ;
#2136 = SURFACE_STYLE_USAGE ( .BOTH. , #2680 ) ;
#2137 = CARTESIAN_POINT ( 'NONE',  ( -0.2140281854784732429, 0.1450925481979941645, 0.1000000000000000056 ) ) ;
#2138 = CARTESIAN_POINT ( 'NONE',  ( -0.1554235627637500505, 0.1788552415253401029, 0.000000000000000000 ) ) ;
#2139 = VECTOR ( 'NONE', #7235, 1000.000000000000000 ) ;
#2140 = SURFACE_STYLE_USAGE ( .BOTH. , #2111 ) ;
#2141 = EDGE_LOOP ( 'NONE', ( #5629, #2316, #3521, #4795 ) ) ;
#2142 = VECTOR ( 'NONE', #2433, 1000.000000000000000 ) ;
#2143 = VECTOR ( 'NONE', #632, 1000.000000000000000 ) ;
#2144 = MECHANICAL_DESIGN_GEOMETRIC_PRESENTATION_REPRESENTATION (  '', ( #416 ), #6697 ) ;
#2145 = CIRCLE ( 'NONE', #6091, 0.1999999999999998723 ) ;
#2146 = ORIENTED_EDGE ( 'NONE', *, *, #7082, .F. ) ;
#2147 = CARTESIAN_POINT ( 'NONE',  ( 0.3084481639917725504, 0.04400037210176452329, 0.1000000000000000056 ) ) ;
#2148 = AXIS2_PLACEMENT_3D ( 'NONE', #6729, #597, #1691 ) ;
#2149 = VECTOR ( 'NONE', #3549, 1000.000000000000000 ) ;
#2150 = CARTESIAN_POINT ( 'NONE',  ( -1.300000000000000266, 0.2500000000000002220, 0.6151791245819073772 ) ) ;
#2151 = VECTOR ( 'NONE', #412, 1000.000000000000114 ) ;
#2152 = CARTESIAN_POINT ( 'NONE',  ( -1.675252549177991046, 1.550000000000000044, -0.1000000000000000056 ) ) ;
#2153 = CARTESIAN_POINT ( 'NONE',  ( -0.1568541282581289720, -0.01700885879199662970, 5.421010862427522170E-17 ) ) ;
#2154 = EDGE_CURVE ( 'NONE', #6805, #549, #6027, .T. ) ;
#2155 = ADVANCED_FACE ( 'NONE', ( #5942 ), #2598, .T. ) ;
#2156 = CARTESIAN_POINT ( 'NONE',  ( -0.1751999444567714503, 0.1510140287165008255, 0.1000000000000000056 ) ) ;
#2157 = CARTESIAN_POINT ( 'NONE',  ( 0.1864613003130655144, -0.001154201313848487878, 0.1000000000000000056 ) ) ;
#2158 = VECTOR ( 'NONE', #3929, 1000.000000000000000 ) ;
#2159 = DIRECTION ( 'NONE',  ( -0.000000000000000000, -1.000000000000000000, -0.000000000000000000 ) ) ;
#2160 = LINE ( 'NONE', #778, #2936 ) ;
#2161 = PRESENTATION_STYLE_ASSIGNMENT (( #5856 ) ) ;
#2162 = DIRECTION ( 'NONE',  ( 0.000000000000000000, 1.000000000000000000, -0.000000000000000000 ) ) ;
#2163 = DIRECTION ( 'NONE',  ( -0.000000000000000000, -1.000000000000000000, -0.000000000000000000 ) ) ;
#2164 = FILL_AREA_STYLE ('',( #4985 ) ) ;
#2165 = FACE_OUTER_BOUND ( 'NONE', #1943, .T. ) ;
#2166 = CARTESIAN_POINT ( 'NONE',  ( -0.3545950728797003793, 0.1815656432207750637, 0.1000000000000000056 ) ) ;
#2167 =( LENGTH_UNIT ( ) NAMED_UNIT ( * ) SI_UNIT ( .MILLI., .METRE. ) );
#2168 = VECTOR ( 'NONE', #118, 1000.000000000000114 ) ;
#2169 = PRESENTATION_LAYER_ASSIGNMENT (  '', '', ( #3710 ) ) ;
#2170 = B_SPLINE_CURVE_WITH_KNOTS ( 'NONE', 3,
 ( #1946, #5891, #5313, #1998, #6449, #4168, #3075, #6470, #1414, #311, #4240 ),
 .UNSPECIFIED., .F., .F.,
 ( 4, 1, 1, 1, 1, 1, 1, 1, 4 ),
 ( 0.000000000000000000, 0.1285151895116620202, 0.2529486363526580739, 0.3747547340060052301, 0.4959397538670500261, 0.6171806414298928178, 0.7409094692781375002, 0.8678111481862031962, 1.000000000000000000 ),
 .UNSPECIFIED. ) ;
#2171 = VERTEX_POINT ( 'NONE', #2322 ) ;
#2172 = EDGE_CURVE ( 'NONE', #6260, #560, #753, .T. ) ;
#2173 = CARTESIAN_POINT ( 'NONE',  ( -0.2252157919552101595, 0.1258512825467580365, 0.1000000000000000056 ) ) ;
#2174 = STYLED_ITEM ( 'NONE', ( #3126 ), #6134 ) ;
#2175 = LINE ( 'NONE', #6200, #2954 ) ;
#2176 =( LENGTH_UNIT ( ) NAMED_UNIT ( * ) SI_UNIT ( .MILLI., .METRE. ) );
#2177 = DIRECTION ( 'NONE',  ( 0.1313264056488087084, 0.000000000000000000, -0.9913391827116310173 ) ) ;
#2178 = CARTESIAN_POINT ( 'NONE',  ( 0.2964733079277591110, 0.07260538529240301298, 1.355252715606880543E-17 ) ) ;
#2179 =( NAMED_UNIT ( * ) SI_UNIT ( $, .STERADIAN. ) SOLID_ANGLE_UNIT ( ) );
#2180 = UNCERTAINTY_MEASURE_WITH_UNIT (LENGTH_MEASURE( 1.000000000000000082E-05 ), #3097, 'distance_accuracy_value', 'NONE');
#2181 = CARTESIAN_POINT ( 'NONE',  ( -0.1902585524277654039, 0.1411574761661241184, 0.1000000000000000056 ) ) ;
#2182 = CARTESIAN_POINT ( 'NONE',  ( -1.300000000000000266, 1.550000000000000044, 0.6151791245819073772 ) ) ;
#2183 = CARTESIAN_POINT ( 'NONE',  ( 1.589670673659924649, -0.1350000000000001477, 0.4414444057116678755 ) ) ;
#2184 = VERTEX_POINT ( 'NONE', #2205 ) ;
#2185 = DIRECTION ( 'NONE',  ( -0.000000000000000000, -0.000000000000000000, -1.000000000000000000 ) ) ;
#2186 = VECTOR ( 'NONE', #1276, 1000.000000000000000 ) ;
#2187 = DIRECTION ( 'NONE',  ( -0.000000000000000000, -0.000000000000000000, -1.000000000000000000 ) ) ;
#2188 = AXIS2_PLACEMENT_3D ( 'NONE', #4961, #4435, #5009 ) ;
#2189 = CARTESIAN_POINT ( 'NONE',  ( -0.1206629752787755500, 0.1814914939107786507, 0.1000000000000000056 ) ) ;
#2190 = CARTESIAN_POINT ( 'NONE',  ( -0.1205286323624266825, 0.002119908108458163232, 0.000000000000000000 ) ) ;
#2191 = ORIENTED_EDGE ( 'NONE', *, *, #5920, .F. ) ;
#2192 = ADVANCED_FACE ( 'NONE', ( #2603 ), #521, .T. ) ;
#2193 = CARTESIAN_POINT ( 'NONE',  ( 0.1688406296742344659, 0.1584870181495188768, 0.000000000000000000 ) ) ;
#2194 = LINE ( 'NONE', #2520, #5199 ) ;
#2195 = DIRECTION ( 'NONE',  ( 1.000000000000000000, -0.000000000000000000, 2.503950769454403338E-16 ) ) ;
#2196 = CARTESIAN_POINT ( 'NONE',  ( -0.1991468456532291265, 0.1605445353020785726, 0.000000000000000000 ) ) ;
#2197 = ORIENTED_EDGE ( 'NONE', *, *, #5938, .T. ) ;
#2198 = CARTESIAN_POINT ( 'NONE',  ( 0.1515181041064237455, -0.009794258283445555352, -0.000000000000000000 ) ) ;
#2199 = CARTESIAN_POINT ( 'NONE',  ( 1.391402837117598379, 1.550000000000000266, 0.4151791245819071996 ) ) ;
#2200 = LINE ( 'NONE', #1226, #4310 ) ;
#2201 = CARTESIAN_POINT ( 'NONE',  ( -1.391402837117598157, 1.550000000000000044, 0.4551791245819074017 ) ) ;
#2202 = CARTESIAN_POINT ( 'NONE',  ( -0.3097232780079054448, 0.04566820732333915639, 0.1000000000000000056 ) ) ;
#2203 = AXIS2_PLACEMENT_3D ( 'NONE', #6154, #5646, #6677 ) ;
#2204 = EDGE_LOOP ( 'NONE', ( #3812, #6864, #6743, #5349 ) ) ;
#2205 = CARTESIAN_POINT ( 'NONE',  ( -0.3194588549309825276, 0.06618102783615967266, 0.1000000000000000056 ) ) ;
#2206 = CARTESIAN_POINT ( 'NONE',  ( -0.1986356905913589377, 0.1326460924026069133, 8.131516293641283255E-17 ) ) ;
#2207 = CARTESIAN_POINT ( 'NONE',  ( 1.589670673659924871, 1.550000000000000266, 0.4414444057116678755 ) ) ;
#2208 = EDGE_LOOP ( 'NONE', ( #5116, #616 ) ) ;
#2209 = MECHANICAL_DESIGN_GEOMETRIC_PRESENTATION_REPRESENTATION (  '', ( #113 ), #1596 ) ;
#2210 = CARTESIAN_POINT ( 'NONE',  ( -0.7584421074882420344, 1.408911553841009523, 1.080000000000000071 ) ) ;
#2211 = CARTESIAN_POINT ( 'NONE',  ( -0.1319588549309823888, -0.01843435677922496130, 0.1000000000000000056 ) ) ;
#2212 = AXIS2_PLACEMENT_3D ( 'NONE', #6986, #6423, #5354 ) ;
#2213 = EDGE_CURVE ( 'NONE', #1348, #5786, #2252, .T. ) ;
#2214 = DIRECTION ( 'NONE',  ( 0.000000000000000000, -0.000000000000000000, -1.000000000000000000 ) ) ;
#2215 = CARTESIAN_POINT ( 'NONE',  ( 1.589670673659924649, -0.1350000000000001477, 0.4414444057116678755 ) ) ;
#2216 = EDGE_LOOP ( 'NONE', ( #838, #4108, #5718, #77, #6856, #3807, #2470, #601, #1310, #105 ) ) ;
#2217 = CARTESIAN_POINT ( 'NONE',  ( -0.1634492395463669756, 0.1554438483489801737, 0.000000000000000000 ) ) ;
#2218 = VERTEX_POINT ( 'NONE', #4452 ) ;
#2219 = CARTESIAN_POINT ( 'NONE',  ( -0.1395427587026334404, 0.1806336735113939496, 0.000000000000000000 ) ) ;
#2220 = ORIENTED_EDGE ( 'NONE', *, *, #308, .F. ) ;
#2221 = CARTESIAN_POINT ( 'NONE',  ( 0.4325844142997869457, 0.1815656432207750637, 0.000000000000000000 ) ) ;
#2222 = CARTESIAN_POINT ( 'NONE',  ( -0.1379879120058470632, 0.002750144716262590411, 0.000000000000000000 ) ) ;
#2223 = EDGE_CURVE ( 'NONE', #4790, #5379, #5089, .T. ) ;
#2224 = EDGE_CURVE ( 'NONE', #2907, #209, #6539, .T. ) ;
#2225 = VERTEX_POINT ( 'NONE', #4476 ) ;
#2226 = VERTEX_POINT ( 'NONE', #6687 ) ;
#2227 = CARTESIAN_POINT ( 'NONE',  ( -0.2142639623692610684, 0.09924275517396943802, 0.000000000000000000 ) ) ;
#2228 = ORIENTED_EDGE ( 'NONE', *, *, #388, .T. ) ;
#2229 = CARTESIAN_POINT ( 'NONE',  ( -0.03408225236687983939, 0.09951436116949299859, 0.000000000000000000 ) ) ;
#2230 = CARTESIAN_POINT ( 'NONE',  ( 0.3071027580625657616, 0.1232386721856291445, 0.000000000000000000 ) ) ;
#2231 = VERTEX_POINT ( 'NONE', #1065 ) ;
#2232 = PRESENTATION_STYLE_ASSIGNMENT (( #2140 ) ) ;
#2233 = CARTESIAN_POINT ( 'NONE',  ( 0.1319343985951956233, 0.004598587567434045398, 0.000000000000000000 ) ) ;
#2234 = ORIENTED_EDGE ( 'NONE', *, *, #4813, .F. ) ;
#2235 = CARTESIAN_POINT ( 'NONE',  ( -0.2089489844807147778, 0.04309669008378330668, 0.000000000000000000 ) ) ;
#2236 = CARTESIAN_POINT ( 'NONE',  ( 0.2588104854219183126, 0.1750995926657752944, 0.1000000000000000056 ) ) ;
#2237 =( GEOMETRIC_REPRESENTATION_CONTEXT ( 3 ) GLOBAL_UNCERTAINTY_ASSIGNED_CONTEXT ( ( #6626 ) ) GLOBAL_UNIT_ASSIGNED_CONTEXT ( ( #6399, #2527, #3030 ) ) REPRESENTATION_CONTEXT ( 'NONE', 'WORKASPACE' ) );
#2238 = SURFACE_STYLE_FILL_AREA ( #7132 ) ;
#2239 =( NAMED_UNIT ( * ) SI_UNIT ( $, .STERADIAN. ) SOLID_ANGLE_UNIT ( ) );
#2240 = ORIENTED_EDGE ( 'NONE', *, *, #2534, .T. ) ;
#2241 = AXIS2_PLACEMENT_3D ( 'NONE', #3595, #2524, #3009 ) ;
#2242 = VECTOR ( 'NONE', #4829, 1000.000000000000000 ) ;
#2243 = CARTESIAN_POINT ( 'NONE',  ( 0.2892751194279920002, 0.01141339963103145047, 0.1000000000000000056 ) ) ;
#2244 = LINE ( 'NONE', #6311, #4161 ) ;
#2245 = CARTESIAN_POINT ( 'NONE',  ( -0.1872300166338195238, 0.1684399046987757054, 0.000000000000000000 ) ) ;
#2246 = FILL_AREA_STYLE_COLOUR ( '', #1074 ) ;
#2247 = CARTESIAN_POINT ( 'NONE',  ( 0.1742838856162280126, 0.1824892985313283089, 0.000000000000000000 ) ) ;
#2248 = VECTOR ( 'NONE', #668, 1000.000000000000000 ) ;
#2249 = VERTEX_POINT ( 'NONE', #4396 ) ;
#2250 =( GEOMETRIC_REPRESENTATION_CONTEXT ( 3 ) GLOBAL_UNCERTAINTY_ASSIGNED_CONTEXT ( ( #6450 ) ) GLOBAL_UNIT_ASSIGNED_CONTEXT ( ( #5594, #2108, #7129 ) ) REPRESENTATION_CONTEXT ( 'NONE', 'WORKASPACE' ) );
#2251 = SURFACE_STYLE_FILL_AREA ( #4701 ) ;
#2252 = LINE ( 'NONE', #2793, #1123 ) ;
#2253 = DIRECTION ( 'NONE',  ( -0.1313264056488092912, 0.000000000000000000, 0.9913391827116309063 ) ) ;
#2254 = SURFACE_SIDE_STYLE ('',( #6389 ) ) ;
#2255 = EDGE_CURVE ( 'NONE', #1595, #2226, #1031, .T. ) ;
#2256 = LINE ( 'NONE', #2307, #2168 ) ;
#2257 = DIRECTION ( 'NONE',  ( -0.000000000000000000, 0.000000000000000000, -1.000000000000000000 ) ) ;
#2258 = CARTESIAN_POINT ( 'NONE',  ( -0.1680566113412387819, 0.007166604759236580753, 0.000000000000000000 ) ) ;
#2259 = CARTESIAN_POINT ( 'NONE',  ( -1.218185641514980544, 1.803181276523637022, 1.352975637680383647 ) ) ;
#2260 = VECTOR ( 'NONE', #3923, 1000.000000000000000 ) ;
#2261 = STYLED_ITEM ( 'NONE', ( #1401 ), #6794 ) ;
#2262 = EDGE_CURVE ( 'NONE', #4430, #1322, #2063, .T. ) ;
#2263 = CARTESIAN_POINT ( 'NONE',  ( 0.2394959978080777874, 0.1826790569836015121, 0.1000000000000000056 ) ) ;
#2264 = CARTESIAN_POINT ( 'NONE',  ( -0.3097232780079054448, 0.04566820732333915639, 0.1000000000000000056 ) ) ;
#2265 = ORIENTED_EDGE ( 'NONE', *, *, #1760, .F. ) ;
#2266 = SURFACE_STYLE_FILL_AREA ( #6271 ) ;
#2267 = CARTESIAN_POINT ( 'NONE',  ( -0.1019909062130336941, 0.1610528227079545405, 0.1000000000000000056 ) ) ;
#2268 = CARTESIAN_POINT ( 'NONE',  ( -0.1666061393681308178, 0.006745402197129202887, 0.000000000000000000 ) ) ;
#2269 = CARTESIAN_POINT ( 'NONE',  ( -0.1617720311822716528, 0.1559076442273411578, 0.000000000000000000 ) ) ;
#2270 = COLOUR_RGB ( '',0.7960784313725489669, 0.8235294117647058432, 0.9372549019607843146 ) ;
#2271 = CARTESIAN_POINT ( 'NONE',  ( -0.2107831300901663041, 0.1114522721779059589, 0.1000000000000000056 ) ) ;
#2272 = DIRECTION ( 'NONE',  ( 2.372359998170735057E-15, 0.000000000000000000, -1.000000000000000000 ) ) ;
#2273 = SURFACE_SIDE_STYLE ('',( #6137 ) ) ;
#2274 = CARTESIAN_POINT ( 'NONE',  ( -1.476984712635663444, 1.149999999999999911, 0.07373471887023937132 ) ) ;
#2275 =( NAMED_UNIT ( * ) PLANE_ANGLE_UNIT ( ) SI_UNIT ( $, .RADIAN. ) );
#2276 = UNCERTAINTY_MEASURE_WITH_UNIT (LENGTH_MEASURE( 1.000000000000000082E-05 ), #6278, 'distance_accuracy_value', 'NONE');
#2277 = EDGE_CURVE ( 'NONE', #563, #7007, #5167, .T. ) ;
#2278 = CARTESIAN_POINT ( 'NONE',  ( 1.300000000000000044, -1.949999999999999956, 0.4551791245819071796 ) ) ;
#2279 = SURFACE_SIDE_STYLE ('',( #3585 ) ) ;
#2280 = CARTESIAN_POINT ( 'NONE',  ( -1.300000000000000266, 1.949999999999999956, 0.4551791245819074017 ) ) ;
#2281 = VERTEX_POINT ( 'NONE', #3905 ) ;
#2282 = CARTESIAN_POINT ( 'NONE',  ( -0.1019909062130336941, 0.1610528227079545405, 0.000000000000000000 ) ) ;
#2283 =( NAMED_UNIT ( * ) PLANE_ANGLE_UNIT ( ) SI_UNIT ( $, .RADIAN. ) );
#2284 = LINE ( 'NONE', #2124, #4036 ) ;
#2285 = DIRECTION ( 'NONE',  ( 0.000000000000000000, -1.000000000000000000, 0.000000000000000000 ) ) ;
#2286 = COLOUR_RGB ( '',0.1960784313725490169, 0.1960784313725490169, 0.1960784313725490169 ) ;
#2287 = SURFACE_STYLE_USAGE ( .BOTH. , #1791 ) ;
#2288 = CARTESIAN_POINT ( 'NONE',  ( 0.06078954250491507005, 0.07900154065667248926, 0.000000000000000000 ) ) ;
#2289 = AXIS2_PLACEMENT_3D ( 'NONE', #6947, #5820, #4091 ) ;
#2290 = DIRECTION ( 'NONE',  ( -0.000000000000000000, -1.000000000000000000, -0.000000000000000000 ) ) ;
#2291 = SURFACE_SIDE_STYLE ('',( #2373 ) ) ;
#2292 = DIRECTION ( 'NONE',  ( -1.000000000000000000, -1.549790303122160425E-16, 0.000000000000000000 ) ) ;
#2293 = LINE ( 'NONE', #4477, #5373 ) ;
#2294 = STYLED_ITEM ( 'NONE', ( #81 ), #2493 ) ;
#2295 = ORIENTED_EDGE ( 'NONE', *, *, #5422, .T. ) ;
#2296 = COLOUR_RGB ( '',0.7960784313725489669, 0.8235294117647058432, 0.9372549019607843146 ) ;
#2297 = DIRECTION ( 'NONE',  ( -1.000000000000000000, -1.112002228190260952E-16, -0.000000000000000000 ) ) ;
#2298 = ORIENTED_EDGE ( 'NONE', *, *, #5577, .T. ) ;
#2299 = ORIENTED_EDGE ( 'NONE', *, *, #5709, .T. ) ;
#2300 = VERTEX_POINT ( 'NONE', #30 ) ;
#2301 = DIRECTION ( 'NONE',  ( -0.000000000000000000, -1.000000000000000000, -0.000000000000000000 ) ) ;
#2302 = APPLICATION_CONTEXT ( 'automotive_design' ) ;
#2303 = CARTESIAN_POINT ( 'NONE',  ( -0.2144144535310540944, 0.05996783450032986545, 0.000000000000000000 ) ) ;
#2304 = MECHANICAL_DESIGN_GEOMETRIC_PRESENTATION_REPRESENTATION (  '', ( #3701 ), #2677 ) ;
#2305 = CARTESIAN_POINT ( 'NONE',  ( 1.675252549177989714, -1.485000000000000320, 0.05999999999999984512 ) ) ;
#2306 = ORIENTED_EDGE ( 'NONE', *, *, #3964, .F. ) ;
#2307 = CARTESIAN_POINT ( 'NONE',  ( -1.476984712635663444, 1.550000000000000044, 0.07373471887023946847 ) ) ;
#2308 = ORIENTED_EDGE ( 'NONE', *, *, #2898, .F. ) ;
#2309 = VERTEX_POINT ( 'NONE', #3333 ) ;
#2310 = FILL_AREA_STYLE_COLOUR ( '', #4464 ) ;
#2311 = CARTESIAN_POINT ( 'NONE',  ( -0.1523864280790177550, 0.1579695370894122763, 0.1000000000000000056 ) ) ;
#2312 = EDGE_LOOP ( 'NONE', ( #3932, #731, #740, #5138 ) ) ;
#2313 = DIRECTION ( 'NONE',  ( -0.000000000000000000, 1.000000000000000000, -0.000000000000000000 ) ) ;
#2314 = DIRECTION ( 'NONE',  ( -1.000000000000000000, 0.000000000000000000, 0.000000000000000000 ) ) ;
#2315 = PLANE ( 'NONE',  #1676 ) ;
#2316 = ORIENTED_EDGE ( 'NONE', *, *, #2213, .F. ) ;
#2317 = ORIENTED_EDGE ( 'NONE', *, *, #3482, .F. ) ;
#2318 = EDGE_CURVE ( 'NONE', #7007, #3352, #2596, .T. ) ;
#2319 = SURFACE_STYLE_FILL_AREA ( #1166 ) ;
#2320 = UNCERTAINTY_MEASURE_WITH_UNIT (LENGTH_MEASURE( 1.000000000000000082E-05 ), #2508, 'distance_accuracy_value', 'NONE');
#2321 = EDGE_CURVE ( 'NONE', #4525, #2907, #4903, .T. ) ;
#2322 = CARTESIAN_POINT ( 'NONE',  ( -1.300000000000000266, 1.949999999999999956, 0.6151791245819073772 ) ) ;
#2323 =( NAMED_UNIT ( * ) SI_UNIT ( $, .STERADIAN. ) SOLID_ANGLE_UNIT ( ) );
#2324 = LINE ( 'NONE', #4606, #482 ) ;
#2325 = ORIENTED_EDGE ( 'NONE', *, *, #3811, .F. ) ;
#2326 = CARTESIAN_POINT ( 'NONE',  ( -0.1634492395463669756, 0.1554438483489801737, 0.1000000000000000056 ) ) ;
#2327 = DIRECTION ( 'NONE',  ( 0.000000000000000000, 0.000000000000000000, -1.000000000000000000 ) ) ;
#2328 = LINE ( 'NONE', #5274, #5319 ) ;
#2329 = CARTESIAN_POINT ( 'NONE',  ( -0.4299556498027773399, -0.01843435677922496130, 0.000000000000000000 ) ) ;
#2330 = ORIENTED_EDGE ( 'NONE', *, *, #752, .T. ) ;
#2331 =( LENGTH_UNIT ( ) NAMED_UNIT ( * ) SI_UNIT ( .MILLI., .METRE. ) );
#2332 = ORIENTED_EDGE ( 'NONE', *, *, #3908, .F. ) ;
#2333 = CARTESIAN_POINT ( 'NONE',  ( 0.2854964680028240220, 0.007132203775165763329, 0.1000000000000000056 ) ) ;
#2334 = FACE_OUTER_BOUND ( 'NONE', #3434, .T. ) ;
#2335 =( LENGTH_UNIT ( ) NAMED_UNIT ( * ) SI_UNIT ( .MILLI., .METRE. ) );
#2336 = AXIS2_PLACEMENT_3D ( 'NONE', #2726, #6623, #4933 ) ;
#2337 = CIRCLE ( 'NONE', #699, 0.04000000000000004940 ) ;
#2338 = PLANE ( 'NONE',  #897 ) ;
#2339 = DIRECTION ( 'NONE',  ( 0.000000000000000000, 1.000000000000000000, -0.000000000000000000 ) ) ;
#2340 = CYLINDRICAL_SURFACE ( 'NONE', #946, 0.1999999999999999833 ) ;
#2341 = VERTEX_POINT ( 'NONE', #3821 ) ;
#2342 = FACE_OUTER_BOUND ( 'NONE', #4783, .T. ) ;
#2343 = CARTESIAN_POINT ( 'NONE',  ( 2.000000000000000000, -0.6850000000000001643, 0.05999999999999998390 ) ) ;
#2344 = FACE_OUTER_BOUND ( 'NONE', #1300, .T. ) ;
#2345 = CARTESIAN_POINT ( 'NONE',  ( -0.1832143841915747084, -0.01027029744253206249, 0.1000000000000000056 ) ) ;
#2346 = CARTESIAN_POINT ( 'NONE',  ( -1.300000000000000266, -1.150000000000000133, 0.6151791245819073772 ) ) ;
#2347 = AXIS2_PLACEMENT_3D ( 'NONE', #1327, #294, #5878 ) ;
#2348 = CARTESIAN_POINT ( 'NONE',  ( -0.3545950728797003793, 0.1815656432207750637, 0.1000000000000000056 ) ) ;
#2349 = VERTEX_POINT ( 'NONE', #5606 ) ;
#2350 = STYLED_ITEM ( 'NONE', ( #3650 ), #956 ) ;
#2351 = STYLED_ITEM ( 'NONE', ( #3680 ), #6989 ) ;
#2352 = EDGE_CURVE ( 'NONE', #210, #825, #5426, .T. ) ;
#2353 = CARTESIAN_POINT ( 'NONE',  ( 1.391402837117597047, 1.550000000000000266, 0.6151791245819069331 ) ) ;
#2354 = EDGE_CURVE ( 'NONE', #3871, #4887, #7046, .T. ) ;
#2355 = DIRECTION ( 'NONE',  ( 0.000000000000000000, 0.000000000000000000, 1.000000000000000000 ) ) ;
#2356 = DIRECTION ( 'NONE',  ( 1.000000000000000000, 0.000000000000000000, -0.000000000000000000 ) ) ;
#2357 = CARTESIAN_POINT ( 'NONE',  ( 1.300000000000000266, -0.1350000000000001477, 0.6151791245819073772 ) ) ;
#2358 = VECTOR ( 'NONE', #611, 1000.000000000000000 ) ;
#2359 = B_SPLINE_SURFACE_WITH_KNOTS ( 'NONE', 3, 1, ( 
 ( #792, #6900 ),
 ( #2512, #2967 ),
 ( #4735, #5271 ),
 ( #3558, #823 ),
 ( #6433, #3060 ),
 ( #1353, #4686 ),
 ( #1287, #5295 ),
 ( #5250, #5854 ),
 ( #1325, #1863 ),
 ( #5801, #6332 ),
 ( #6953, #1904 ),
 ( #3017, #1371 ),
 ( #2484, #6972 ),
 ( #6386, #3536 ),
 ( #6407, #225 ),
 ( #3630, #6882 ),
 ( #3037, #1883 ),
 ( #4118, #4757 ),
 ( #3604, #5825 ) ),
 .UNSPECIFIED., .F., .F., .F.,
 ( 4, 1, 1, 1, 1, 1, 1, 1, 1, 1, 1, 1, 1, 1, 1, 1, 4 ),
 ( 2, 2 ),
 ( 0.000000000000000000, 0.06854753670890291473, 0.1356829456230481956, 0.2012149895263285748, 0.2656822347546964336, 0.3292668348172592130, 0.3923954278443285149, 0.4550697616521436339, 0.5171268500645062050, 0.5787900352866527376, 0.6397398633435417148, 0.7001915036663086678, 0.7598062425966702893, 0.8196283192750081215, 0.8793547910462764516, 0.9395116077646616937, 1.000000000000000000 ),
 ( 0.000000000000000000, 1.000000000000000000 ),
 .UNSPECIFIED. ) ;
#2360 = ORIENTED_EDGE ( 'NONE', *, *, #3966, .F. ) ;
#2361 = LINE ( 'NONE', #6727, #4297 ) ;
#2362 = CARTESIAN_POINT ( 'NONE',  ( 0.2426408913566373005, 0.1598809232732718855, 0.000000000000000000 ) ) ;
#2363 = VECTOR ( 'NONE', #4839, 999.9999999999998863 ) ;
#2364 = FILL_AREA_STYLE ('',( #4548 ) ) ;
#2365 = ORIENTED_EDGE ( 'NONE', *, *, #6408, .T. ) ;
#2366 = VERTEX_POINT ( 'NONE', #1041 ) ;
#2367 = EDGE_CURVE ( 'NONE', #884, #2171, #3303, .T. ) ;
#2368 = AXIS2_PLACEMENT_3D ( 'NONE', #2847, #2908, #6807 ) ;
#2369 = B_SPLINE_SURFACE_WITH_KNOTS ( 'NONE', 3, 1, ( 
 ( #6905, #2948 ),
 ( #3515, #775 ),
 ( #1869, #1334 ),
 ( #235, #1293 ),
 ( #3003, #5233 ),
 ( #1309, #4694 ),
 ( #5190, #2973 ),
 ( #4103, #755 ),
 ( #5808, #3567 ),
 ( #5280, #4720 ),
 ( #5834, #2467 ),
 ( #2119, #4796 ),
 ( #834, #1936 ),
 ( #6576, #443 ),
 ( #5907, #3220 ),
 ( #5886, #4336 ),
 ( #1034, #2496 ),
 ( #3248, #2519 ),
 ( #859, #980 ) ),
 .UNSPECIFIED., .F., .F., .F.,
 ( 4, 1, 1, 1, 1, 1, 1, 1, 1, 1, 1, 1, 1, 1, 1, 1, 4 ),
 ( 2, 2 ),
 ( 0.000000000000000000, 0.06966280089907736506, 0.1377495622582728674, 0.2039167435177827170, 0.2687798623293365941, 0.3324137064772236805, 0.3947535404471393394, 0.4561800316591684279, 0.5169956491967199197, 0.5773959379659518998, 0.6371983435092755110, 0.6969991842614546851, 0.7567561942255596197, 0.8165539052726078495, 0.8769479965978702607, 0.9381317879205951504, 0.9999999999999998890 ),
 ( 0.000000000000000000, 1.000000000000000000 ),
 .UNSPECIFIED. ) ;
#2370 = CARTESIAN_POINT ( 'NONE',  ( 0.2341212861752799412, 0.0002002587892882471527, 0.1000000000000000056 ) ) ;
#2371 = AXIS2_PLACEMENT_3D ( 'NONE', #1945, #6985, #3645 ) ;
#2372 = CARTESIAN_POINT ( 'NONE',  ( 0.1688406296742344659, 0.1584870181495188768, 0.000000000000000000 ) ) ;
#2373 = SURFACE_STYLE_FILL_AREA ( #1130 ) ;
#2374 = ORIENTED_EDGE ( 'NONE', *, *, #6722, .T. ) ;
#2375 = CARTESIAN_POINT ( 'NONE',  ( -1.300000000000000044, -1.950000000000000178, 1.100000000000000089 ) ) ;
#2376 = AXIS2_PLACEMENT_3D ( 'NONE', #2917, #1815, #6264 ) ;
#2377 = ORIENTED_EDGE ( 'NONE', *, *, #4786, .F. ) ;
#2378 = CARTESIAN_POINT ( 'NONE',  ( -1.635598981869524238, 1.149999999999999911, 0.09474694377404786760 ) ) ;
#2379 = ORIENTED_EDGE ( 'NONE', *, *, #2390, .F. ) ;
#2380 = DIRECTION ( 'NONE',  ( -0.000000000000000000, -0.000000000000000000, 1.000000000000000000 ) ) ;
#2381 = PLANE ( 'NONE',  #3159 ) ;
#2382 = FACE_OUTER_BOUND ( 'NONE', #1926, .T. ) ;
#2383 = STYLED_ITEM ( 'NONE', ( #2849 ), #2639 ) ;
#2384 = ORIENTED_EDGE ( 'NONE', *, *, #2446, .T. ) ;
#2385 = CARTESIAN_POINT ( 'NONE',  ( 1.299999999999999600, 1.949999999999999956, 1.100000000000000089 ) ) ;
#2386 = VERTEX_POINT ( 'NONE', #4623 ) ;
#2387 = PLANE ( 'NONE',  #6506 ) ;
#2388 = CARTESIAN_POINT ( 'NONE',  ( -0.1406471422287778605, -0.01836196308519843709, 0.1000000000000000056 ) ) ;
#2389 = PRESENTATION_LAYER_ASSIGNMENT (  '', '', ( #4120 ) ) ;
#2390 = EDGE_CURVE ( 'NONE', #3438, #3498, #6876, .T. ) ;
#2391 = ORIENTED_EDGE ( 'NONE', *, *, #2777, .F. ) ;
#2392 = VERTEX_POINT ( 'NONE', #5172 ) ;
#2393 = CARTESIAN_POINT ( 'NONE',  ( 1.675252549177989714, -0.6850000000000002753, 0.05999999999999984512 ) ) ;
#2394 = ORIENTED_EDGE ( 'NONE', *, *, #656, .T. ) ;
#2395 = CARTESIAN_POINT ( 'NONE',  ( 0.1768205067188268198, 0.1616153698645026449, 0.000000000000000000 ) ) ;
#2396 = ORIENTED_EDGE ( 'NONE', *, *, #6523, .F. ) ;
#2397 = ORIENTED_EDGE ( 'NONE', *, *, #5200, .F. ) ;
#2398 = ORIENTED_EDGE ( 'NONE', *, *, #4418, .T. ) ;
#2399 = DIRECTION ( 'NONE',  ( -0.000000000000000000, -1.000000000000000000, -0.000000000000000000 ) ) ;
#2400 = UNCERTAINTY_MEASURE_WITH_UNIT (LENGTH_MEASURE( 1.000000000000000082E-05 ), #2702, 'distance_accuracy_value', 'NONE');
#2401 = CARTESIAN_POINT ( 'NONE',  ( 1.300000000000000044, -1.949999999999999956, 0.4551791245819074017 ) ) ;
#2402 = CARTESIAN_POINT ( 'NONE',  ( 0.2341212861752799412, 0.0002002587892882471527, 0.1000000000000000056 ) ) ;
#2403 = CARTESIAN_POINT ( 'NONE',  ( -0.3909332139053413591, 0.06618102783615967266, 0.000000000000000000 ) ) ;
#2404 = LINE ( 'NONE', #3758, #6356 ) ;
#2405 = EDGE_CURVE ( 'NONE', #1853, #3139, #588, .T. ) ;
#2406 = ORIENTED_EDGE ( 'NONE', *, *, #4089, .F. ) ;
#2407 = DIRECTION ( 'NONE',  ( -0.4285842068721733567, 0.9035018415143104553, 0.000000000000000000 ) ) ;
#2408 = ADVANCED_FACE ( 'NONE', ( #3112 ), #6282, .T. ) ;
#2409 = AXIS2_PLACEMENT_3D ( 'NONE', #4069, #709, #3981 ) ;
#2410 = FACE_OUTER_BOUND ( 'NONE', #568, .T. ) ;
#2411 = CARTESIAN_POINT ( 'NONE',  ( 0.2966182056540222489, 0.08722770374623713130, 0.000000000000000000 ) ) ;
#2412 = DIRECTION ( 'NONE',  ( -0.000000000000000000, -1.000000000000000000, -0.000000000000000000 ) ) ;
#2413 = CARTESIAN_POINT ( 'NONE',  ( -0.03408225236687983939, 0.09951436116949299859, 0.1000000000000000056 ) ) ;
#2414 = ADVANCED_FACE ( 'NONE', ( #2934 ), #6184, .F. ) ;
#2415 = LINE ( 'NONE', #6616, #6451 ) ;
#2416 = VECTOR ( 'NONE', #6058, 1000.000000000000000 ) ;
#2417 = ADVANCED_FACE ( 'NONE', ( #2685 ), #639, .F. ) ;
#2418 = DIRECTION ( 'NONE',  ( 1.000000000000000000, 0.000000000000000000, 0.000000000000000000 ) ) ;
#2419 = FACE_OUTER_BOUND ( 'NONE', #4138, .T. ) ;
#2420 = CARTESIAN_POINT ( 'NONE',  ( -0.08792840621303361914, 0.002078463733595553239, 0.000000000000000000 ) ) ;
#2421 = CARTESIAN_POINT ( 'NONE',  ( -2.000000000000000000, -1.150000000000000133, -0.1000000000000000056 ) ) ;
#2422 = MECHANICAL_DESIGN_GEOMETRIC_PRESENTATION_REPRESENTATION (  '', ( #4026 ), #3939 ) ;
#2423 = PRESENTATION_STYLE_ASSIGNMENT (( #3095 ) ) ;
#2424 = DIRECTION ( 'NONE',  ( -1.000000000000000000, 0.000000000000000000, -0.000000000000000000 ) ) ;
#2425 = CARTESIAN_POINT ( 'NONE',  ( -1.589670673659924871, 1.550000000000000044, 0.4414444057116679865 ) ) ;
#2426 = COLOUR_RGB ( '',0.1960784313725490169, 0.1960784313725490169, 0.1960784313725490169 ) ;
#2427 = STYLED_ITEM ( 'NONE', ( #4461 ), #2114 ) ;
#2428 = SURFACE_SIDE_STYLE ('',( #3444 ) ) ;
#2429 = ORIENTED_EDGE ( 'NONE', *, *, #32, .T. ) ;
#2430 = B_SPLINE_SURFACE_WITH_KNOTS ( 'NONE', 3, 1, ( 
 ( #4397, #6661 ),
 ( #3258, #2715 ),
 ( #1066, #5001 ),
 ( #3872, #1623 ),
 ( #428, #5560 ),
 ( #7172, #470 ),
 ( #1592, #2673 ),
 ( #6083, #4346 ),
 ( #6638, #7145 ),
 ( #4979, #5586 ),
 ( #3822, #2206 ),
 ( #451, #4927 ),
 ( #2181, #3843 ),
 ( #7223, #3314 ),
 ( #4454, #6039 ),
 ( #2156, #2099 ),
 ( #3288, #5513 ),
 ( #524, #1545 ),
 ( #4371, #6107 ) ),
 .UNSPECIFIED., .F., .F., .F.,
 ( 4, 1, 1, 1, 1, 1, 1, 1, 1, 1, 1, 1, 1, 1, 1, 1, 4 ),
 ( 2, 2 ),
 ( 0.000000000000000000, 0.07015117599727851982, 0.1378126061901916999, 0.2032262471813942317, 0.2671740552944735780, 0.3300240034081790008, 0.3917942717866856328, 0.4530843989971408137, 0.5143339076458770531, 0.5749999928182688569, 0.6348654826222127623, 0.6941163151896418970, 0.7534416217804383864, 0.8131258003036114790, 0.8740796856370746104, 0.9360070132744072735, 1.000000000000000000 ),
 ( 0.000000000000000000, 1.000000000000000000 ),
 .UNSPECIFIED. ) ;
#2431 = FACE_OUTER_BOUND ( 'NONE', #3322, .T. ) ;
#2432 = CARTESIAN_POINT ( 'NONE',  ( 0.2200637554735007939, 0.1655057556315125689, 0.1000000000000000056 ) ) ;
#2433 = DIRECTION ( 'NONE',  ( 0.000000000000000000, -1.000000000000000000, 0.000000000000000000 ) ) ;
#2434 =( LENGTH_UNIT ( ) NAMED_UNIT ( * ) SI_UNIT ( .MILLI., .METRE. ) );
#2435 = VECTOR ( 'NONE', #3670, 1000.000000000000000 ) ;
#2436 = AXIS2_PLACEMENT_3D ( 'NONE', #1637, #6725, #3893 ) ;
#2437 = VECTOR ( 'NONE', #2163, 1000.000000000000000 ) ;
#2438 = CARTESIAN_POINT ( 'NONE',  ( 0.000000000000000000, 0.000000000000000000, 0.000000000000000000 ) ) ;
#2439 = VERTEX_POINT ( 'NONE', #5149 ) ;
#2440 = LINE ( 'NONE', #3343, #5016 ) ;
#2441 = PRESENTATION_LAYER_ASSIGNMENT (  '', '', ( #1457 ) ) ;
#2442 = DIRECTION ( 'NONE',  ( -0.000000000000000000, -1.000000000000000000, -0.000000000000000000 ) ) ;
#2443 = DIRECTION ( 'NONE',  ( 0.000000000000000000, -0.000000000000000000, -1.000000000000000000 ) ) ;
#2444 = ADVANCED_FACE ( 'NONE', ( #6957 ), #2369, .T. ) ;
#2445 = LINE ( 'NONE', #4918, #3327 ) ;
#2446 = EDGE_CURVE ( 'NONE', #7004, #1258, #2857, .T. ) ;
#2447 = CARTESIAN_POINT ( 'NONE',  ( 0.2200637554735007939, 0.1655057556315125689, 0.1000000000000000056 ) ) ;
#2448 = ORIENTED_EDGE ( 'NONE', *, *, #157, .F. ) ;
#2449 = ADVANCED_FACE ( 'NONE', ( #5849 ), #1403, .F. ) ;
#2450 = CARTESIAN_POINT ( 'NONE',  ( 0.3377126194279920224, 0.002078463733595553239, 0.1000000000000000056 ) ) ;
#2451 = DIRECTION ( 'NONE',  ( -0.000000000000000000, -0.000000000000000000, -1.000000000000000000 ) ) ;
#2452 = EDGE_CURVE ( 'NONE', #1952, #884, #6622, .T. ) ;
#2453 = DIRECTION ( 'NONE',  ( -0.000000000000000000, -1.000000000000000000, -0.000000000000000000 ) ) ;
#2454 = ADVANCED_FACE ( 'NONE', ( #6199 ), #7041, .T. ) ;
#2455 = SURFACE_SIDE_STYLE ('',( #7207 ) ) ;
#2456 = COLOUR_RGB ( '',0.7960784313725489669, 0.8235294117647058432, 0.9372549019607843146 ) ;
#2457 = ORIENTED_EDGE ( 'NONE', *, *, #5763, .T. ) ;
#2458 = CARTESIAN_POINT ( 'NONE',  ( -1.300000000000000266, -1.950000000000000178, 0.6151791245819074883 ) ) ;
#2459 =( NAMED_UNIT ( * ) SI_UNIT ( $, .STERADIAN. ) SOLID_ANGLE_UNIT ( ) );
#2460 = CARTESIAN_POINT ( 'NONE',  ( 0.06078954250491507005, 0.002078463733595553239, 0.1000000000000000056 ) ) ;
#2461 = VECTOR ( 'NONE', #5329, 1000.000000000000000 ) ;
#2462 = UNCERTAINTY_MEASURE_WITH_UNIT (LENGTH_MEASURE( 1.000000000000000082E-05 ), #4107, 'distance_accuracy_value', 'NONE');
#2463 = CARTESIAN_POINT ( 'NONE',  ( -0.2160247056693180567, 0.07251180564993413291, 0.000000000000000000 ) ) ;
#2464 = STYLED_ITEM ( 'NONE', ( #6444 ), #4099 ) ;
#2465 = SURFACE_STYLE_USAGE ( .BOTH. , #5230 ) ;
#2466 = B_SPLINE_SURFACE_WITH_KNOTS ( 'NONE', 3, 1, ( 
 ( #427, #1520 ),
 ( #4908, #3125 ),
 ( #4270, #1544 ),
 ( #2000, #7038 ),
 ( #2053, #920 ),
 ( #5962, #381 ),
 ( #4854, #2077 ),
 ( #3145, #6585 ),
 ( #1569, #4344 ),
 ( #7143, #4950 ),
 ( #2573, #4926 ),
 ( #2647, #7062 ),
 ( #1473, #6513 ),
 ( #989, #3728 ),
 ( #6544, #4296 ),
 ( #450, #5941 ),
 ( #4885, #2098 ),
 ( #1497, #3767 ),
 ( #5990, #3172 ) ),
 .UNSPECIFIED., .F., .F., .F.,
 ( 4, 1, 1, 1, 1, 1, 1, 1, 1, 1, 1, 1, 1, 1, 1, 1, 4 ),
 ( 2, 2 ),
 ( 0.000000000000000000, 0.06455784592971902658, 0.1270135315497587514, 0.1879548102020905109, 0.2480139127896341389, 0.3077476818488373289, 0.3682345146974852490, 0.4294698439426694603, 0.4927434367465848286, 0.5562577687060831222, 0.6182167855431436321, 0.6796554755875549025, 0.7412455456206292759, 0.8034152647056966856, 0.8668154615439920274, 0.9323283119492650206, 0.9999999999999998890 ),
 ( 0.000000000000000000, 1.000000000000000000 ),
 .UNSPECIFIED. ) ;
#2467 = CARTESIAN_POINT ( 'NONE',  ( 0.2586352537241270455, -0.01256553228834741270, 4.065758146820641628E-17 ) ) ;
#2468 = PRESENTATION_LAYER_ASSIGNMENT (  '', '', ( #6865 ) ) ;
#2469 = CARTESIAN_POINT ( 'NONE',  ( 0.2892751194279920002, 0.01141339963103145047, 0.1000000000000000056 ) ) ;
#2470 = ORIENTED_EDGE ( 'NONE', *, *, #3815, .T. ) ;
#2471 = CARTESIAN_POINT ( 'NONE',  ( -0.08792840621303361914, 0.002078463733595553239, 0.1000000000000000056 ) ) ;
#2472 = EDGE_LOOP ( 'NONE', ( #822, #5195, #6141, #6412 ) ) ;
#2473 = ORIENTED_EDGE ( 'NONE', *, *, #1158, .F. ) ;
#2474 = CARTESIAN_POINT ( 'NONE',  ( 0.2754937842237124013, 0.1376714341455691770, -1.355252715606880543E-17 ) ) ;
#2475 = PLANE ( 'NONE',  #5764 ) ;
#2476 = ORIENTED_EDGE ( 'NONE', *, *, #1318, .F. ) ;
#2477 = DIRECTION ( 'NONE',  ( -1.000000000000000000, -0.000000000000000000, -0.000000000000000000 ) ) ;
#2478 = ORIENTED_EDGE ( 'NONE', *, *, #6813, .T. ) ;
#2479 = VERTEX_POINT ( 'NONE', #4940 ) ;
#2480 =( GEOMETRIC_REPRESENTATION_CONTEXT ( 3 ) GLOBAL_UNCERTAINTY_ASSIGNED_CONTEXT ( ( #5875 ) ) GLOBAL_UNIT_ASSIGNED_CONTEXT ( ( #1523, #3729, #3824 ) ) REPRESENTATION_CONTEXT ( 'NONE', 'WORKASPACE' ) );
#2481 = DIRECTION ( 'NONE',  ( -1.000000000000000000, -1.112002228190260952E-16, 0.000000000000000000 ) ) ;
#2482 = CARTESIAN_POINT ( 'NONE',  ( 0.2081453117356843185, 0.1661810278361596782, 0.1000000000000000056 ) ) ;
#2483 = ORIENTED_EDGE ( 'NONE', *, *, #1827, .T. ) ;
#2484 = CARTESIAN_POINT ( 'NONE',  ( 0.1409076820002939101, 0.1662428147583187021, 0.1000000000000000056 ) ) ;
#2485 = ORIENTED_EDGE ( 'NONE', *, *, #386, .F. ) ;
#2486 = PLANE ( 'NONE',  #5831 ) ;
#2487 = AXIS2_PLACEMENT_3D ( 'NONE', #268, #3014, #251 ) ;
#2488 = ORIENTED_EDGE ( 'NONE', *, *, #1283, .F. ) ;
#2489 = SURFACE_SIDE_STYLE ('',( #3628 ) ) ;
#2490 = COLOUR_RGB ( '',0.7960784313725489669, 0.8235294117647058432, 0.9372549019607843146 ) ;
#2491 = PRESENTATION_LAYER_ASSIGNMENT (  '', '', ( #2009 ) ) ;
#2492 = EDGE_CURVE ( 'NONE', #5477, #1428, #5507, .T. ) ;
#2493 = ADVANCED_FACE ( 'NONE', ( #1026 ), #6155, .F. ) ;
#2494 = FILL_AREA_STYLE ('',( #3068 ) ) ;
#2495 = ORIENTED_EDGE ( 'NONE', *, *, #7082, .T. ) ;
#2496 = CARTESIAN_POINT ( 'NONE',  ( 0.2854964680028240220, 0.007132203775165763329, 4.065758146820641628E-17 ) ) ;
#2497 = EDGE_CURVE ( 'NONE', #4642, #2171, #5325, .T. ) ;
#2498 = DIRECTION ( 'NONE',  ( -0.000000000000000000, -0.000000000000000000, -1.000000000000000000 ) ) ;
#2499 = DIRECTION ( 'NONE',  ( 0.000000000000000000, -1.000000000000000000, 0.000000000000000000 ) ) ;
#2500 = VECTOR ( 'NONE', #815, 1000.000000000000000 ) ;
#2501 = CARTESIAN_POINT ( 'NONE',  ( 0.2101500716979935179, 0.1661579442641687998, -1.355252715606880543E-17 ) ) ;
#2502 = VERTEX_POINT ( 'NONE', #3466 ) ;
#2503 = DIRECTION ( 'NONE',  ( -0.000000000000000000, -1.000000000000000000, -0.000000000000000000 ) ) ;
#2504 = CARTESIAN_POINT ( 'NONE',  ( 0.2081453117356843185, 0.1661810278361596782, 0.000000000000000000 ) ) ;
#2505 = SURFACE_STYLE_USAGE ( .BOTH. , #4678 ) ;
#2506 = DIRECTION ( 'NONE',  ( -0.000000000000000000, -1.000000000000000000, -0.000000000000000000 ) ) ;
#2507 = SURFACE_SIDE_STYLE ('',( #706 ) ) ;
#2508 =( LENGTH_UNIT ( ) NAMED_UNIT ( * ) SI_UNIT ( .MILLI., .METRE. ) );
#2509 = FILL_AREA_STYLE_COLOUR ( '', #6203 ) ;
#2510 = FACE_OUTER_BOUND ( 'NONE', #7159, .T. ) ;
#2511 = CARTESIAN_POINT ( 'NONE',  ( 0.2754937842237124013, 0.1376714341455691770, 0.1000000000000000056 ) ) ;
#2512 = CARTESIAN_POINT ( 'NONE',  ( 0.2047255470383804454, 0.1866662975952163295, 0.1000000000000000056 ) ) ;
#2513 = SURFACE_STYLE_FILL_AREA ( #3427 ) ;
#2514 = EDGE_CURVE ( 'NONE', #1305, #2249, #4172, .T. ) ;
#2515 = CARTESIAN_POINT ( 'NONE',  ( -2.000000000000000000, 1.550000000000000044, -0.1000000000000000056 ) ) ;
#2516 = SURFACE_SIDE_STYLE ('',( #4849 ) ) ;
#2517 = ORIENTED_EDGE ( 'NONE', *, *, #2997, .T. ) ;
#2518 = CARTESIAN_POINT ( 'NONE',  ( 0.1197639014792740431, 0.1448669252720571066, 0.1000000000000000056 ) ) ;
#2519 = CARTESIAN_POINT ( 'NONE',  ( 0.2880109071452101044, 0.009981052537586623460, 4.065758146820641628E-17 ) ) ;
#2520 = CARTESIAN_POINT ( 'NONE',  ( 0.4325844142997869457, 0.1815656432207750637, 0.1000000000000000056 ) ) ;
#2521 = CARTESIAN_POINT ( 'NONE',  ( -1.589670673659924871, -1.150000000000000133, 0.4414444057116680975 ) ) ;
#2522 = MECHANICAL_DESIGN_GEOMETRIC_PRESENTATION_REPRESENTATION (  '', ( #6784 ), #3988 ) ;
#2523 = ORIENTED_EDGE ( 'NONE', *, *, #2223, .F. ) ;
#2524 = DIRECTION ( 'NONE',  ( -0.000000000000000000, 0.000000000000000000, 1.000000000000000000 ) ) ;
#2525 = SURFACE_STYLE_USAGE ( .BOTH. , #4137 ) ;
#2526 = CARTESIAN_POINT ( 'NONE',  ( -0.2333395249691748441, 0.06451858058535347995, 0.1000000000000000056 ) ) ;
#2527 =( NAMED_UNIT ( * ) PLANE_ANGLE_UNIT ( ) SI_UNIT ( $, .RADIAN. ) );
#2528 = FACE_OUTER_BOUND ( 'NONE', #7024, .T. ) ;
#2529 = ADVANCED_FACE ( 'NONE', ( #4626 ), #130, .F. ) ;
#2530 =( NAMED_UNIT ( * ) SI_UNIT ( $, .STERADIAN. ) SOLID_ANGLE_UNIT ( ) );
#2531 = PRESENTATION_LAYER_ASSIGNMENT (  '', '', ( #1740 ) ) ;
#2532 = FACE_OUTER_BOUND ( 'NONE', #7015, .T. ) ;
#2533 = FILL_AREA_STYLE ('',( #3731 ) ) ;
#2534 = EDGE_CURVE ( 'NONE', #6179, #7196, #3285, .T. ) ;
#2535 = CARTESIAN_POINT ( 'NONE',  ( 0.2939015970083577178, 0.1040486885114065979, 0.1000000000000000056 ) ) ;
#2536 = DIRECTION ( 'NONE',  ( 0.000000000000000000, 0.000000000000000000, -1.000000000000000000 ) ) ;
#2537 = PRESENTATION_STYLE_ASSIGNMENT (( #5014 ) ) ;
#2538 = CARTESIAN_POINT ( 'NONE',  ( 1.675252549177989714, -0.1350000000000001477, 0.05999999999999984512 ) ) ;
#2539 = CARTESIAN_POINT ( 'NONE',  ( 1.635598981869524238, 0.9500000000000000666, 0.09474694377404781209 ) ) ;
#2540 = CARTESIAN_POINT ( 'NONE',  ( 0.1316731071710016687, 0.1585250013466016350, 0.1000000000000000056 ) ) ;
#2542 = VERTEX_POINT ( 'NONE', #6245 ) ;
#2541 = PRESENTATION_LAYER_ASSIGNMENT (  '', '', ( #1821 ) ) ;
#2543 = CARTESIAN_POINT ( 'NONE',  ( -0.1103643036489311419, 0.1815656432207750637, 0.000000000000000000 ) ) ;
#2544 = ORIENTED_EDGE ( 'NONE', *, *, #6257, .T. ) ;
#2545 = DIRECTION ( 'NONE',  ( -0.000000000000000000, -0.000000000000000000, 1.000000000000000000 ) ) ;
#2546 = EDGE_CURVE ( 'NONE', #3691, #1258, #3808, .T. ) ;
#2547 = CARTESIAN_POINT ( 'NONE',  ( 0.2853617697170834355, 0.1243840099933015003, -1.355252715606880543E-17 ) ) ;
#2548 = CARTESIAN_POINT ( 'NONE',  ( 1.476984712635663444, -0.1350000000000001477, 0.07373471887023939908 ) ) ;
#2549 = CARTESIAN_POINT ( 'NONE',  ( -0.03408225236687983939, 0.1815656432207750637, 0.1000000000000000056 ) ) ;
#2550 = ORIENTED_EDGE ( 'NONE', *, *, #4190, .F. ) ;
#2551 = STYLED_ITEM ( 'NONE', ( #3577 ), #5851 ) ;
#2552 = FILL_AREA_STYLE_COLOUR ( '', #2296 ) ;
#2553 = VERTEX_POINT ( 'NONE', #4572 ) ;
#2554 = SURFACE_SIDE_STYLE ('',( #7146 ) ) ;
#2555 = CARTESIAN_POINT ( 'NONE',  ( 0.1768205067188268198, 0.1616153698645026449, 0.000000000000000000 ) ) ;
#2556 = ORIENTED_EDGE ( 'NONE', *, *, #4176, .T. ) ;
#2557 = CARTESIAN_POINT ( 'NONE',  ( 1.300000000000000266, -1.949999999999999956, 0.6151791245819073772 ) ) ;
#2558 = CARTESIAN_POINT ( 'NONE',  ( 0.06078954250491507005, 0.1610528227079545405, 0.1000000000000000056 ) ) ;
#2559 = ORIENTED_EDGE ( 'NONE', *, *, #2994, .T. ) ;
#2560 = DIRECTION ( 'NONE',  ( 0.000000000000000000, 1.000000000000000000, 0.000000000000000000 ) ) ;
#2561 = ORIENTED_EDGE ( 'NONE', *, *, #873, .T. ) ;
#2562 = ADVANCED_FACE ( 'NONE', ( #6869 ), #2588, .T. ) ;
#2563 = AXIS2_PLACEMENT_3D ( 'NONE', #5385, #3106, #4139 ) ;
#2564 = VERTEX_POINT ( 'NONE', #5735 ) ;
#2565 =( LENGTH_UNIT ( ) NAMED_UNIT ( * ) SI_UNIT ( .MILLI., .METRE. ) );
#2566 = ORIENTED_EDGE ( 'NONE', *, *, #4591, .F. ) ;
#2567 = VERTEX_POINT ( 'NONE', #5647 ) ;
#2568 = EDGE_LOOP ( 'NONE', ( #5396, #982, #6482, #4333 ) ) ;
#2569 = CARTESIAN_POINT ( 'NONE',  ( 0.2966182056540222489, 0.08722770374623713130, 0.1000000000000000056 ) ) ;
#2570 = CARTESIAN_POINT ( 'NONE',  ( -0.3097232780079054448, 0.04566820732333915639, 0.1000000000000000056 ) ) ;
#2571 = CARTESIAN_POINT ( 'NONE',  ( -0.1103643036489311419, 0.1815656432207750637, 0.1000000000000000056 ) ) ;
#2572 = DIRECTION ( 'NONE',  ( -0.000000000000000000, -1.000000000000000000, -0.000000000000000000 ) ) ;
#2573 = CARTESIAN_POINT ( 'NONE',  ( 0.2761876717568694239, 0.1638125229659231075, 0.1000000000000000056 ) ) ;
#2574 =( LENGTH_UNIT ( ) NAMED_UNIT ( * ) SI_UNIT ( .MILLI., .METRE. ) );
#2575 = ORIENTED_EDGE ( 'NONE', *, *, #3753, .T. ) ;
#2576 = ORIENTED_EDGE ( 'NONE', *, *, #6040, .F. ) ;
#2577 = CARTESIAN_POINT ( 'NONE',  ( 0.1210277934724808407, 0.01675378479585310290, 0.1000000000000000056 ) ) ;
#2578 = PRESENTATION_LAYER_ASSIGNMENT (  '', '', ( #1447 ) ) ;
#2579 = SURFACE_STYLE_USAGE ( .BOTH. , #5389 ) ;
#2580 = CARTESIAN_POINT ( 'NONE',  ( -0.1738258421104695306, 0.1743541047592366000, 0.1000000000000000056 ) ) ;
#2581 = DIRECTION ( 'NONE',  ( 0.000000000000000000, 1.000000000000000000, -0.000000000000000000 ) ) ;
#2582 = SURFACE_STYLE_USAGE ( .BOTH. , #6024 ) ;
#2583 = CARTESIAN_POINT ( 'NONE',  ( 0.1354690296844022757, 0.1328476945028263523, 0.1000000000000000056 ) ) ;
#2584 = VERTEX_POINT ( 'NONE', #6226 ) ;
#2585 = AXIS2_PLACEMENT_3D ( 'NONE', #355, #4267, #4883 ) ;
#2586 = EDGE_CURVE ( 'NONE', #2226, #6324, #4345, .T. ) ;
#2587 = LINE ( 'NONE', #4317, #5502 ) ;
#2588 = CYLINDRICAL_SURFACE ( 'NONE', #1219, 0.2000000000000000944 ) ;
#2589 = CARTESIAN_POINT ( 'NONE',  ( 0.1234318182168985811, 0.1497060630534014225, 0.1000000000000000056 ) ) ;
#2590 = B_SPLINE_CURVE_WITH_KNOTS ( 'NONE', 3,
 ( #2874, #5157, #5066, #6219, #3940, #5638, #2271, #5244, #6261, #2912, #3526, #4631, #6300, #6827, #3551, #3483, #4027, #1319, #4679 ),
 .UNSPECIFIED., .F., .F.,
 ( 4, 1, 1, 1, 1, 1, 1, 1, 1, 1, 1, 1, 1, 1, 1, 1, 4 ),
 ( 0.000000000000000000, 0.07015117599727851982, 0.1378126061901916999, 0.2032262471813942317, 0.2671740552944735780, 0.3300240034081790008, 0.3917942717866856328, 0.4530843989971408137, 0.5143339076458770531, 0.5749999928182688569, 0.6348654826222127623, 0.6941163151896418970, 0.7534416217804383864, 0.8131258003036114790, 0.8740796856370746104, 0.9360070132744072735, 1.000000000000000000 ),
 .UNSPECIFIED. ) ;
#2591 = COLOUR_RGB ( '',0.7960784313725489669, 0.8235294117647058432, 0.9372549019607843146 ) ;
#2592 = EDGE_CURVE ( 'NONE', #2043, #5484, #5156, .T. ) ;
#2593 = DIRECTION ( 'NONE',  ( -0.000000000000000000, -1.000000000000000000, -0.000000000000000000 ) ) ;
#2594 = PRESENTATION_STYLE_ASSIGNMENT (( #6569 ) ) ;
#2595 = EDGE_CURVE ( 'NONE', #3497, #5786, #3664, .T. ) ;
#2596 = LINE ( 'NONE', #6710, #2158 ) ;
#2597 = CARTESIAN_POINT ( 'NONE',  ( 0.2960188644429189719, 0.09297819972322263204, 0.1000000000000000056 ) ) ;
#2598 = PLANE ( 'NONE',  #1035 ) ;
#2599 = DIRECTION ( 'NONE',  ( 0.000000000000000000, 1.000000000000000000, 0.000000000000000000 ) ) ;
#2600 = ADVANCED_FACE ( 'NONE', ( #2410 ), #2968, .T. ) ;
#2601 = CARTESIAN_POINT ( 'NONE',  ( 0.2712836152879922746, 0.02100093670058315182, 0.000000000000000000 ) ) ;
#2602 =( LENGTH_UNIT ( ) NAMED_UNIT ( * ) SI_UNIT ( .MILLI., .METRE. ) );
#2603 = FACE_OUTER_BOUND ( 'NONE', #1170, .T. ) ;
#2604 = CARTESIAN_POINT ( 'NONE',  ( 0.1354690296844022757, 0.1328476945028263523, 0.000000000000000000 ) ) ;
#2605 = DIRECTION ( 'NONE',  ( -0.000000000000000000, -0.000000000000000000, -1.000000000000000000 ) ) ;
#2606 = FACE_OUTER_BOUND ( 'NONE', #4067, .T. ) ;
#2607 = DIRECTION ( 'NONE',  ( 0.4285960263555439465, -0.9034962347415942396, 0.000000000000000000 ) ) ;
#2608 = FILL_AREA_STYLE ('',( #7045 ) ) ;
#2609 = AXIS2_PLACEMENT_3D ( 'NONE', #3229, #6017, #7116 ) ;
#2610 = ORIENTED_EDGE ( 'NONE', *, *, #2106, .F. ) ;
#2611 =( LENGTH_UNIT ( ) NAMED_UNIT ( * ) SI_UNIT ( .MILLI., .METRE. ) );
#2612 = AXIS2_PLACEMENT_3D ( 'NONE', #5815, #2503, #5286 ) ;
#2613 = COLOUR_RGB ( '',0.7960784313725489669, 0.8235294117647058432, 0.9372549019607843146 ) ;
#2614 = SURFACE_SIDE_STYLE ('',( #1070 ) ) ;
#2615 =( NAMED_UNIT ( * ) PLANE_ANGLE_UNIT ( ) SI_UNIT ( $, .RADIAN. ) );
#2616 = STYLED_ITEM ( 'NONE', ( #359 ), #5841 ) ;
#2617 = CARTESIAN_POINT ( 'NONE',  ( 0.2966639300483497332, 0.08333002873969869162, -1.355252715606880543E-17 ) ) ;
#2618 = ORIENTED_EDGE ( 'NONE', *, *, #2649, .F. ) ;
#2619 = CARTESIAN_POINT ( 'NONE',  ( 0.06078954250491507005, 0.09951436116949299859, 0.1000000000000000056 ) ) ;
#2620 = COLOUR_RGB ( '',0.7960784313725489669, 0.8235294117647058432, 0.9372549019607843146 ) ;
#2621 = CARTESIAN_POINT ( 'NONE',  ( -2.000000000000000000, 0.2500000000000001110, -0.1000000000000000056 ) ) ;
#2622 = CARTESIAN_POINT ( 'NONE',  ( 1.476984712635663444, -0.1350000000000001477, 0.07373471887023939908 ) ) ;
#2623 = AXIS2_PLACEMENT_3D ( 'NONE', #1356, #1908, #4122 ) ;
#2624 = DIRECTION ( 'NONE',  ( 0.000000000000000000, -0.000000000000000000, 1.000000000000000000 ) ) ;
#2625 = CARTESIAN_POINT ( 'NONE',  ( -1.391402837117598379, -1.550000000000000266, 0.4551791245819074572 ) ) ;
#2626 =( NAMED_UNIT ( * ) SI_UNIT ( $, .STERADIAN. ) SOLID_ANGLE_UNIT ( ) );
#2627 = EDGE_CURVE ( 'NONE', #1329, #1668, #2328, .T. ) ;
#2628 = CARTESIAN_POINT ( 'NONE',  ( -0.03408225236687983939, 0.07900154065667248926, 0.1000000000000000056 ) ) ;
#2629 = ORIENTED_EDGE ( 'NONE', *, *, #2746, .T. ) ;
#2630 =( GEOMETRIC_REPRESENTATION_CONTEXT ( 3 ) GLOBAL_UNCERTAINTY_ASSIGNED_CONTEXT ( ( #1477 ) ) GLOBAL_UNIT_ASSIGNED_CONTEXT ( ( #1726, #3371, #5097 ) ) REPRESENTATION_CONTEXT ( 'NONE', 'WORKASPACE' ) );
#2631 = EDGE_CURVE ( 'NONE', #2341, #2900, #6443, .T. ) ;
#2632 = UNCERTAINTY_MEASURE_WITH_UNIT (LENGTH_MEASURE( 1.000000000000000082E-05 ), #3242, 'distance_accuracy_value', 'NONE');
#2633 = DIRECTION ( 'NONE',  ( -0.000000000000000000, -1.000000000000000000, -0.000000000000000000 ) ) ;
#2634 = DIRECTION ( 'NONE',  ( 0.9913391827116311283, 0.000000000000000000, -0.1313264056488086529 ) ) ;
#2635 = CARTESIAN_POINT ( 'NONE',  ( -0.1103643036489311557, 0.1815656432207750914, 0.1000000000000000056 ) ) ;
#2636 = FACE_OUTER_BOUND ( 'NONE', #2926, .T. ) ;
#2637 = CARTESIAN_POINT ( 'NONE',  ( -2.000000000000000000, 0.6500000000000001332, -0.1000000000000000056 ) ) ;
#2638 = ORIENTED_EDGE ( 'NONE', *, *, #6348, .T. ) ;
#2639 = ADVANCED_FACE ( 'NONE', ( #655 ), #750, .F. ) ;
#2640 = VECTOR ( 'NONE', #6316, 1000.000000000000000 ) ;
#2641 = CARTESIAN_POINT ( 'NONE',  ( 0.2000292879179935424, -0.02348611192562014699, 0.1000000000000000056 ) ) ;
#2642 = PLANE ( 'NONE',  #3115 ) ;
#2643 = FACE_OUTER_BOUND ( 'NONE', #6763, .T. ) ;
#2644 = CARTESIAN_POINT ( 'NONE',  ( -2.000000000000000000, 0.6500000000000001332, -0.1000000000000000056 ) ) ;
#2645 = CARTESIAN_POINT ( 'NONE',  ( -0.1832143841915747084, -0.01027029744253206249, 0.1000000000000000056 ) ) ;
#2646 = ORIENTED_EDGE ( 'NONE', *, *, #91, .T. ) ;
#2647 = CARTESIAN_POINT ( 'NONE',  ( 0.2677694538203544417, 0.1699728774658274821, 0.1000000000000000056 ) ) ;
#2648 = EDGE_LOOP ( 'NONE', ( #4698, #5071, #3175, #4974 ) ) ;
#2649 = EDGE_CURVE ( 'NONE', #6689, #4525, #2244, .T. ) ;
#2650 = CARTESIAN_POINT ( 'NONE',  ( 0.1626091379181525687, -0.01525392522839267608, 0.1000000000000000056 ) ) ;
#2651 = DIRECTION ( 'NONE',  ( -0.000000000000000000, -1.000000000000000000, -0.000000000000000000 ) ) ;
#2652 = DIRECTION ( 'NONE',  ( 0.000000000000000000, 0.1951694393799638383, 0.9807695396636819662 ) ) ;
#2653 = ORIENTED_EDGE ( 'NONE', *, *, #1825, .F. ) ;
#2654 = CARTESIAN_POINT ( 'NONE',  ( -0.2340822523668798227, 0.07904160475923659168, 0.1000000000000000056 ) ) ;
#2655 = ORIENTED_EDGE ( 'NONE', *, *, #1053, .F. ) ;
#2656 = CARTESIAN_POINT ( 'NONE',  ( -0.1304694008472044864, 0.1811817001312868991, 0.000000000000000000 ) ) ;
#2657 = SURFACE_SIDE_STYLE ('',( #2238 ) ) ;
#2658 = VERTEX_POINT ( 'NONE', #1328 ) ;
#2659 = ORIENTED_EDGE ( 'NONE', *, *, #2631, .F. ) ;
#2660 = ORIENTED_EDGE ( 'NONE', *, *, #1827, .F. ) ;
#2661 = PRESENTATION_STYLE_ASSIGNMENT (( #4426 ) ) ;
#2662 = CARTESIAN_POINT ( 'NONE',  ( 2.000000000000000444, -1.949999999999999956, 0.4551791245819071796 ) ) ;
#2663 = AXIS2_PLACEMENT_3D ( 'NONE', #5279, #4692, #1820 ) ;
#2664 = FACE_OUTER_BOUND ( 'NONE', #6434, .T. ) ;
#2665 = DIRECTION ( 'NONE',  ( 0.000000000000000000, 0.000000000000000000, -1.000000000000000000 ) ) ;
#2666 = ORIENTED_EDGE ( 'NONE', *, *, #5374, .F. ) ;
#2667 = SURFACE_STYLE_USAGE ( .BOTH. , #1470 ) ;
#2668 =( LENGTH_UNIT ( ) NAMED_UNIT ( * ) SI_UNIT ( .MILLI., .METRE. ) );
#2669 = CARTESIAN_POINT ( 'NONE',  ( -0.2027477689515817250, 0.002251761639257783120, 0.1000000000000000056 ) ) ;
#2670 = FACE_OUTER_BOUND ( 'NONE', #2963, .T. ) ;
#2671 = CARTESIAN_POINT ( 'NONE',  ( 0.1627405305516382572, 0.1554891332286076622, 0.000000000000000000 ) ) ;
#2672 = ADVANCED_FACE ( 'NONE', ( #1015 ), #6097, .T. ) ;
#2673 = CARTESIAN_POINT ( 'NONE',  ( -0.2107831300901663041, 0.1114522721779059589, 8.131516293641283255E-17 ) ) ;
#2674 = CARTESIAN_POINT ( 'NONE',  ( 1.391402837117596825, -0.9350000000000001643, -0.1000000000000000472 ) ) ;
#2675 = VECTOR ( 'NONE', #5729, 1000.000000000000000 ) ;
#2676 = CARTESIAN_POINT ( 'NONE',  ( 0.1744282813722093095, -0.01934413421836657723, 0.1000000000000000056 ) ) ;
#2677 =( GEOMETRIC_REPRESENTATION_CONTEXT ( 3 ) GLOBAL_UNCERTAINTY_ASSIGNED_CONTEXT ( ( #4671 ) ) GLOBAL_UNIT_ASSIGNED_CONTEXT ( ( #3061, #6954, #3606 ) ) REPRESENTATION_CONTEXT ( 'NONE', 'WORKASPACE' ) );
#2678 = ORIENTED_EDGE ( 'NONE', *, *, #894, .T. ) ;
#2679 =( NAMED_UNIT ( * ) PLANE_ANGLE_UNIT ( ) SI_UNIT ( $, .RADIAN. ) );
#2680 = SURFACE_SIDE_STYLE ('',( #1993 ) ) ;
#2681 = CARTESIAN_POINT ( 'NONE',  ( 0.4146356963510689497, 0.002078463733595553239, 0.1000000000000000056 ) ) ;
#2682 = DIRECTION ( 'NONE',  ( 1.000000000000000000, 0.000000000000000000, 0.000000000000000000 ) ) ;
#2683 = SURFACE_STYLE_USAGE ( .BOTH. , #2657 ) ;
#2684 = VECTOR ( 'NONE', #288, 1000.000000000000000 ) ;
#2685 = FACE_OUTER_BOUND ( 'NONE', #5476, .T. ) ;
#2686 = B_SPLINE_CURVE_WITH_KNOTS ( 'NONE', 3,
 ( #69, #1135, #6770, #176, #1757, #2879, #653, #4635, #723, #5695, #2941, #5163, #6834, #6817, #3488, #5715, #1264, #1816, #2345, #4658, #5761, #696, #4031, #1289, #2388, #6310, #4570 ),
 .UNSPECIFIED., .F., .F.,
 ( 4, 1, 1, 1, 1, 1, 1, 1, 1, 1, 1, 1, 1, 1, 1, 1, 1, 1, 1, 1, 1, 1, 1, 1, 4 ),
 ( 0.000000000000000000, 0.04608068338724800178, 0.09080679960761624259, 0.1342952705290696991, 0.1770243856662441773, 0.2188227336826556457, 0.2602441163273735980, 0.3010798671134451432, 0.3416138942851569826, 0.3815834185517459898, 0.4201195913296165152, 0.4580746185423134609, 0.4947384876076563742, 0.5311946228937135528, 0.5669336984503784427, 0.6027126507379957365, 0.6383266061284351700, 0.6748532488548240060, 0.7134673707840597512, 0.7544418038483806654, 0.7978153607124988111, 0.8439894562081102780, 0.8930715698796480861, 0.9449633461781439259, 1.000000000000000000 ),
 .UNSPECIFIED. ) ;
#2687 = EDGE_CURVE ( 'NONE', #1077, #4362, #6018, .T. ) ;
#2688 = UNCERTAINTY_MEASURE_WITH_UNIT (LENGTH_MEASURE( 1.000000000000000082E-05 ), #476, 'distance_accuracy_value', 'NONE');
#2689 = CARTESIAN_POINT ( 'NONE',  ( 0.3146356963510689164, 0.08272750219513402836, 0.000000000000000000 ) ) ;
#2690 = EDGE_CURVE ( 'NONE', #2249, #6567, #5668, .T. ) ;
#2691 = ORIENTED_EDGE ( 'NONE', *, *, #5013, .F. ) ;
#2692 = LINE ( 'NONE', #4405, #5248 ) ;
#2693 = FACE_OUTER_BOUND ( 'NONE', #788, .T. ) ;
#2694 = CARTESIAN_POINT ( 'NONE',  ( -1.675252549177991046, 0.6500000000000001332, -0.1000000000000000056 ) ) ;
#2695 = CARTESIAN_POINT ( 'NONE',  ( -0.1406471422287778605, -0.01836196308519843709, 0.1000000000000000056 ) ) ;
#2696 = CARTESIAN_POINT ( 'NONE',  ( 0.2482907942674005275, -0.01693245624732514151, 0.1000000000000000056 ) ) ;
#2697 = ORIENTED_EDGE ( 'NONE', *, *, #5977, .F. ) ;
#2698 = LINE ( 'NONE', #3838, #3040 ) ;
#2699 = SURFACE_STYLE_USAGE ( .BOTH. , #505 ) ;
#2700 = DIRECTION ( 'NONE',  ( -1.000000000000000000, -1.112002228190260952E-16, -0.000000000000000000 ) ) ;
#2701 = CIRCLE ( 'NONE', #4400, 0.04000000000000002165 ) ;
#2702 =( LENGTH_UNIT ( ) NAMED_UNIT ( * ) SI_UNIT ( .MILLI., .METRE. ) );
#2703 = ADVANCED_FACE ( 'NONE', ( #735 ), #6565, .F. ) ;
#2704 = B_SPLINE_SURFACE_WITH_KNOTS ( 'NONE', 3, 1, ( 
 ( #3179, #6519 ),
 ( #2577, #1446 ),
 ( #1501, #7092 ),
 ( #4322, #3677 ),
 ( #4834, #5494 ),
 ( #1476, #3129 ),
 ( #1527, #3771 ),
 ( #430, #5469 ),
 ( #2081, #5388 ),
 ( #3700, #5968 ),
 ( #2650, #4349 ),
 ( #2031, #995 ),
 ( #2676, #1547 ),
 ( #2103, #6041 ),
 ( #7040, #3109 ),
 ( #7017, #333 ),
 ( #2005, #5419 ),
 ( #6493, #360 ),
 ( #927, #4857 ) ),
 .UNSPECIFIED., .F., .F., .F.,
 ( 4, 1, 1, 1, 1, 1, 1, 1, 1, 1, 1, 1, 1, 1, 1, 1, 4 ),
 ( 2, 2 ),
 ( 0.000000000000000000, 0.06167423887742603389, 0.1230530616348058798, 0.1834750007317021148, 0.2437265005106117599, 0.3042789165122536943, 0.3648629209606826795, 0.4259462039686196522, 0.4873912299654080127, 0.5492203840754762423, 0.6111435886926029903, 0.6735285303101521404, 0.7369614566573042813, 0.8007852828728402317, 0.8660125956416149240, 0.9321007477905784988, 1.000000000000000000 ),
 ( 0.000000000000000000, 1.000000000000000000 ),
 .UNSPECIFIED. ) ;
#2705 = VECTOR ( 'NONE', #1479, 1000.000000000000000 ) ;
#2706 = CARTESIAN_POINT ( 'NONE',  ( -0.2140281854784732429, 0.1450925481979941645, 0.1000000000000000056 ) ) ;
#2707 = LINE ( 'NONE', #1062, #531 ) ;
#2708 = FILL_AREA_STYLE_COLOUR ( '', #174 ) ;
#2709 = DIRECTION ( 'NONE',  ( -0.1313264056488086806, -0.000000000000000000, -0.9913391827116310173 ) ) ;
#2710 = SURFACE_SIDE_STYLE ('',( #4625 ) ) ;
#2711 = VERTEX_POINT ( 'NONE', #3204 ) ;
#2712 = STYLED_ITEM ( 'NONE', ( #4915 ), #3301 ) ;
#2713 = EDGE_LOOP ( 'NONE', ( #705, #4603, #4340, #3090 ) ) ;
#2714 = UNCERTAINTY_MEASURE_WITH_UNIT (LENGTH_MEASURE( 1.000000000000000082E-05 ), #3155, 'distance_accuracy_value', 'NONE');
#2715 = CARTESIAN_POINT ( 'NONE',  ( -0.2161042037116477077, 0.08142072487880305798, 8.131516293641283255E-17 ) ) ;
#2716 = CARTESIAN_POINT ( 'NONE',  ( -0.03408225236687983939, 0.1815656432207750637, 0.1000000000000000056 ) ) ;
#2717 = FACE_BOUND ( 'NONE', #5844, .T. ) ;
#2718 = COLOUR_RGB ( '',0.7960784313725489669, 0.8235294117647058432, 0.9372549019607843146 ) ;
#2719 = CARTESIAN_POINT ( 'NONE',  ( -0.1455377125426004781, 0.003297292019614240632, 0.1000000000000000056 ) ) ;
#2720 = STYLED_ITEM ( 'NONE', ( #1910 ), #7144 ) ;
#2721 = EDGE_CURVE ( 'NONE', #6825, #1853, #5497, .T. ) ;
#2722 = DIRECTION ( 'NONE',  ( 0.000000000000000000, 0.000000000000000000, -1.000000000000000000 ) ) ;
#2723 = ORIENTED_EDGE ( 'NONE', *, *, #5011, .T. ) ;
#2724 = PLANE ( 'NONE',  #4640 ) ;
#2725 = DIRECTION ( 'NONE',  ( -0.000000000000000000, 0.000000000000000000, -1.000000000000000000 ) ) ;
#2726 = CARTESIAN_POINT ( 'NONE',  ( 2.000000000000000000, -0.1350000000000001477, -0.09999999999999995004 ) ) ;
#2727 =( NAMED_UNIT ( * ) PLANE_ANGLE_UNIT ( ) SI_UNIT ( $, .RADIAN. ) );
#2728 = EDGE_CURVE ( 'NONE', #4687, #4224, #1267, .T. ) ;
#2729 = ORIENTED_EDGE ( 'NONE', *, *, #2777, .T. ) ;
#2730 = ORIENTED_EDGE ( 'NONE', *, *, #6430, .T. ) ;
#2731 = EDGE_CURVE ( 'NONE', #5144, #1510, #3182, .T. ) ;
#2732 = B_SPLINE_CURVE_WITH_KNOTS ( 'NONE', 3,
 ( #5326, #5348, #4794, #5371, #6960, #2016, #3588, #1966, #6413, #1934, #5906, #4261, #5400, #4229, #4819 ),
 .UNSPECIFIED., .F., .F.,
 ( 4, 1, 1, 1, 1, 1, 1, 1, 1, 1, 1, 1, 4 ),
 ( 0.000000000000000000, 0.06316325936347014225, 0.1254749410306405799, 0.1871212198160327467, 0.2482943461142985420, 0.3092948562551207092, 0.3698500660670926976, 0.4309733755473816874, 0.4924559896728166741, 0.6161479662918547540, 0.7408436984673625325, 0.8681826486700426893, 1.000000000000000000 ),
 .UNSPECIFIED. ) ;
#2733 = ORIENTED_EDGE ( 'NONE', *, *, #6291, .T. ) ;
#2734 = B_SPLINE_SURFACE_WITH_KNOTS ( 'NONE', 3, 1, ( 
 ( #3869, #3281 ),
 ( #6684, #466 ),
 ( #4419, #2178 ),
 ( #3311, #4997 ),
 ( #4976, #1619 ),
 ( #6104, #7218 ),
 ( #5584, #5020 ),
 ( #1244, #3448 ),
 ( #5677, #139 ),
 ( #1714, #3384 ),
 ( #4017, #5189 ),
 ( #3995, #5651 ),
 ( #681, #1805 ),
 ( #3950, #3470 ),
 ( #2370, #5171 ),
 ( #4621, #595 ),
 ( #1742, #4531 ),
 ( #638, #6294 ),
 ( #6273, #5742 ) ),
 .UNSPECIFIED., .F., .F., .F.,
 ( 4, 1, 1, 1, 1, 1, 1, 1, 1, 1, 1, 1, 1, 1, 1, 1, 4 ),
 ( 2, 2 ),
 ( 0.000000000000000000, 0.06432321657984212127, 0.1262901037035559781, 0.1867264692161329231, 0.2461464323353447503, 0.3055756426461387343, 0.3654293856180519384, 0.4263263089482600132, 0.4888399064006415107, 0.5517249718140474490, 0.6139185964661594275, 0.6754837657683966379, 0.7373338970992860952, 0.8002290443945266896, 0.8645022981233231318, 0.9310407391556975165, 1.000000000000000000 ),
 ( 0.000000000000000000, 1.000000000000000000 ),
 .UNSPECIFIED. ) ;
#2735 = CARTESIAN_POINT ( 'NONE',  ( -0.4299556498027773399, -0.01843435677922496130, 0.1000000000000000056 ) ) ;
#2736 = CARTESIAN_POINT ( 'NONE',  ( -0.1761398272137496279, 0.1734723501510153643, 0.000000000000000000 ) ) ;
#2737 = ORIENTED_EDGE ( 'NONE', *, *, #2354, .F. ) ;
#2738 = CARTESIAN_POINT ( 'NONE',  ( 0.1744282813722093095, -0.01934413421836657723, 0.1000000000000000056 ) ) ;
#2739 =( NAMED_UNIT ( * ) SI_UNIT ( $, .STERADIAN. ) SOLID_ANGLE_UNIT ( ) );
#2740 = FILL_AREA_STYLE_COLOUR ( '', #5357 ) ;
#2741 = CARTESIAN_POINT ( 'NONE',  ( -0.1885673058600708385, -0.007674848555774059326, 0.1000000000000000056 ) ) ;
#2742 = ADVANCED_FACE ( 'NONE', ( #5924 ), #3176, .F. ) ;
#2743 = CARTESIAN_POINT ( 'NONE',  ( -1.431056404426063855, 0.6500000000000001332, 0.4204321808078594902 ) ) ;
#2744 = ORIENTED_EDGE ( 'NONE', *, *, #3195, .T. ) ;
#2745 = PRESENTATION_STYLE_ASSIGNMENT (( #5289 ) ) ;
#2746 = EDGE_CURVE ( 'NONE', #6853, #2392, #1795, .T. ) ;
#2747 = AXIS2_PLACEMENT_3D ( 'NONE', #6646, #1576, #3827 ) ;
#2748 = ORIENTED_EDGE ( 'NONE', *, *, #256, .F. ) ;
#2749 = EDGE_LOOP ( 'NONE', ( #1986, #661, #6749, #4320 ) ) ;
#2750 = AXIS2_PLACEMENT_3D ( 'NONE', #4602, #3479, #4070 ) ;
#2751 = CARTESIAN_POINT ( 'NONE',  ( 0.2067831322485048362, -0.02356256190743008863, 0.000000000000000000 ) ) ;
#2752 = SURFACE_SIDE_STYLE ('',( #6392 ) ) ;
#2753 = CARTESIAN_POINT ( 'NONE',  ( -0.2094787726897268387, 0.1507261676388193805, 0.1000000000000000056 ) ) ;
#2754 = ORIENTED_EDGE ( 'NONE', *, *, #6445, .F. ) ;
#2755 = CARTESIAN_POINT ( 'NONE',  ( 1.675252549177989714, -1.485000000000000320, 0.05999999999999984512 ) ) ;
#2756 = EDGE_LOOP ( 'NONE', ( #5038, #3360, #6902, #6773 ) ) ;
#2757 = ORIENTED_EDGE ( 'NONE', *, *, #3113, .T. ) ;
#2758 = AXIS2_PLACEMENT_3D ( 'NONE', #3687, #4899, #7030 ) ;
#2759 =( NAMED_UNIT ( * ) SI_UNIT ( $, .STERADIAN. ) SOLID_ANGLE_UNIT ( ) );
#2760 = EDGE_LOOP ( 'NONE', ( #4596, #4846, #6337, #5376 ) ) ;
#2761 = CARTESIAN_POINT ( 'NONE',  ( -1.675252549177989936, 1.550000000000000044, 0.05999999999999997002 ) ) ;
#2762 = PRESENTATION_LAYER_ASSIGNMENT (  '', '', ( #4524 ) ) ;
#2763 = CARTESIAN_POINT ( 'NONE',  ( 0.1626091379181525687, -0.01525392522839267608, -0.000000000000000000 ) ) ;
#2764 = PLANE ( 'NONE',  #3980 ) ;
#2765 = EDGE_CURVE ( 'NONE', #209, #4651, #1866, .T. ) ;
#2766 =( LENGTH_UNIT ( ) NAMED_UNIT ( * ) SI_UNIT ( .MILLI., .METRE. ) );
#2767 = AXIS2_PLACEMENT_3D ( 'NONE', #4645, #1768, #84 ) ;
#2768 = EDGE_CURVE ( 'NONE', #1668, #4054, #399, .T. ) ;
#2769 =( LENGTH_UNIT ( ) NAMED_UNIT ( * ) SI_UNIT ( .MILLI., .METRE. ) );
#2770 = VECTOR ( 'NONE', #6383, 1000.000000000000000 ) ;
#2771 = SURFACE_SIDE_STYLE ('',( #1246 ) ) ;
#2772 = CARTESIAN_POINT ( 'NONE',  ( 0.3145627823628214803, 0.07930480824537830542, 0.1000000000000000056 ) ) ;
#2773 = CARTESIAN_POINT ( 'NONE',  ( -0.1304690960996597038, 0.1602981005011881177, 0.1000000000000000056 ) ) ;
#2774 = LINE ( 'NONE', #901, #5521 ) ;
#2775 =( NAMED_UNIT ( * ) PLANE_ANGLE_UNIT ( ) SI_UNIT ( $, .RADIAN. ) );
#2776 = LINE ( 'NONE', #577, #1712 ) ;
#2777 = EDGE_CURVE ( 'NONE', #5909, #6344, #3906, .T. ) ;
#2778 = SURFACE_STYLE_FILL_AREA ( #3429 ) ;
#2779 = UNCERTAINTY_MEASURE_WITH_UNIT (LENGTH_MEASURE( 1.000000000000000082E-05 ), #4599, 'distance_accuracy_value', 'NONE');
#2780 = SURFACE_STYLE_FILL_AREA ( #7081 ) ;
#2781 = FILL_AREA_STYLE ('',( #3861 ) ) ;
#2782 = LINE ( 'NONE', #2881, #3832 ) ;
#2783 = EDGE_CURVE ( 'NONE', #2225, #6916, #4873, .T. ) ;
#2784 = CARTESIAN_POINT ( 'NONE',  ( 0.1354690296844022757, 0.03028359193872376398, 0.1000000000000000056 ) ) ;
#2785 = SURFACE_STYLE_USAGE ( .BOTH. , #1082 ) ;
#2786 = AXIS2_PLACEMENT_3D ( 'NONE', #4973, #5485, #2665 ) ;
#2787 = PRESENTATION_STYLE_ASSIGNMENT (( #5552 ) ) ;
#2788 = B_SPLINE_SURFACE_WITH_KNOTS ( 'NONE', 3, 1, ( 
 ( #4220, #6429 ),
 ( #1478, #4835 ),
 ( #6496, #7067 ),
 ( #336, #4781 ),
 ( #2008, #870 ),
 ( #6521, #4199 ),
 ( #5944, #6473 ),
 ( #4811, #2032 ),
 ( #3702, #7018 ),
 ( #3679, #4249 ),
 ( #3110, #3130 ) ),
 .UNSPECIFIED., .F., .F., .F.,
 ( 4, 1, 1, 1, 1, 1, 1, 1, 4 ),
 ( 2, 2 ),
 ( 0.000000000000000000, 0.1285151895116620202, 0.2529486363526580739, 0.3747547340060052301, 0.4959397538670500261, 0.6171806414298928178, 0.7409094692781375002, 0.8678111481862031962, 1.000000000000000000 ),
 ( 0.000000000000000000, 1.000000000000000000 ),
 .UNSPECIFIED. ) ;
#2789 = CARTESIAN_POINT ( 'NONE',  ( 0.2772235536268231604, -0.0005137759536909594898, 0.000000000000000000 ) ) ;
#2790 = CIRCLE ( 'NONE', #2612, 0.04000000000000002165 ) ;
#2791 = CARTESIAN_POINT ( 'NONE',  ( -0.06997968826431572031, -0.01843435677922496130, 0.1000000000000000056 ) ) ;
#2792 = CARTESIAN_POINT ( 'NONE',  ( -0.3556768036489311169, 0.1425832714259032685, 0.1000000000000000056 ) ) ;
#2793 = CARTESIAN_POINT ( 'NONE',  ( -0.2161335344181619378, 0.07908166886180068023, 0.1000000000000000056 ) ) ;
#2794 = CARTESIAN_POINT ( 'NONE',  ( -0.08792840621303361914, 0.1610528227079545405, 0.1000000000000000056 ) ) ;
#2795 = CARTESIAN_POINT ( 'NONE',  ( -2.000000000000000000, 1.550000000000000044, -0.1000000000000000056 ) ) ;
#2796 = ORIENTED_EDGE ( 'NONE', *, *, #347, .F. ) ;
#2797 = CARTESIAN_POINT ( 'NONE',  ( -0.1634673144000179656, 0.005833918802008623145, 0.000000000000000000 ) ) ;
#2798 = CYLINDRICAL_SURFACE ( 'NONE', #1792, 0.1999999999999999833 ) ;
#2799 = CARTESIAN_POINT ( 'NONE',  ( -1.391402837117598157, -1.150000000000000133, 0.4551791245819074017 ) ) ;
#2800 = DIRECTION ( 'NONE',  ( -0.9913391827116311283, 0.000000000000000000, -0.1313264056488086806 ) ) ;
#2801 = CARTESIAN_POINT ( 'NONE',  ( -0.1582058260233322744, 0.1568938015167473665, 0.1000000000000000056 ) ) ;
#2802 = PRESENTATION_LAYER_ASSIGNMENT (  '', '', ( #3414 ) ) ;
#2803 = CARTESIAN_POINT ( 'NONE',  ( -0.2340822523668798227, 0.07904160475923659168, 0.000000000000000000 ) ) ;
#2804 = VECTOR ( 'NONE', #6994, 999.9999999999998863 ) ;
#2805 = CARTESIAN_POINT ( 'NONE',  ( 1.391402837117596825, -0.6850000000000002753, -0.1000000000000000472 ) ) ;
#2806 = CARTESIAN_POINT ( 'NONE',  ( 0.1361368906610620211, 0.1625477761634819274, 0.000000000000000000 ) ) ;
#2807 = ORIENTED_EDGE ( 'NONE', *, *, #3141, .F. ) ;
#2808 = FACE_BOUND ( 'NONE', #3492, .T. ) ;
#2809 = CARTESIAN_POINT ( 'NONE',  ( -0.2161335344181619378, 0.07908166886180068023, 0.000000000000000000 ) ) ;
#2810 = CYLINDRICAL_SURFACE ( 'NONE', #2758, 0.04000000000000003553 ) ;
#2811 =( NAMED_UNIT ( * ) PLANE_ANGLE_UNIT ( ) SI_UNIT ( $, .RADIAN. ) );
#2812 = ORIENTED_EDGE ( 'NONE', *, *, #636, .F. ) ;
#2813 = MANIFOLD_SOLID_BREP ( 'ÇÐ³ý-À­Éì6', #4870 ) ;
#2814 = CARTESIAN_POINT ( 'NONE',  ( 2.000000000000000000, -0.1350000000000001477, -0.09999999999999995004 ) ) ;
#2815 = VECTOR ( 'NONE', #5307, 1000.000000000000000 ) ;
#2816 = FILL_AREA_STYLE ('',( #2740 ) ) ;
#2817 = CARTESIAN_POINT ( 'NONE',  ( -0.1923512839606858482, 0.02065997266943309790, 0.000000000000000000 ) ) ;
#2818 = PRESENTATION_LAYER_ASSIGNMENT (  '', '', ( #2712 ) ) ;
#2819 = FILL_AREA_STYLE ('',( #5653 ) ) ;
#2820 = VERTEX_POINT ( 'NONE', #7224 ) ;
#2821 = CARTESIAN_POINT ( 'NONE',  ( 0.1378880139459572607, 0.02762811105656021865, 0.1000000000000000056 ) ) ;
#2822 =( LENGTH_UNIT ( ) NAMED_UNIT ( * ) SI_UNIT ( .MILLI., .METRE. ) );
#2823 = AXIS2_PLACEMENT_3D ( 'NONE', #572, #1116, #4501 ) ;
#2824 = FACE_OUTER_BOUND ( 'NONE', #2216, .T. ) ;
#2825 = ORIENTED_EDGE ( 'NONE', *, *, #4399, .F. ) ;
#2826 = DIRECTION ( 'NONE',  ( -1.000000000000000000, -0.000000000000000000, -5.930899995426697620E-16 ) ) ;
#2827 = EDGE_LOOP ( 'NONE', ( #3156, #127, #4935, #3102 ) ) ;
#2828 = ORIENTED_EDGE ( 'NONE', *, *, #5378, .T. ) ;
#2829 =( NAMED_UNIT ( * ) PLANE_ANGLE_UNIT ( ) SI_UNIT ( $, .RADIAN. ) );
#2830 = EDGE_CURVE ( 'NONE', #5345, #5223, #1705, .T. ) ;
#2831 = EDGE_CURVE ( 'NONE', #4651, #2386, #1622, .T. ) ;
#2832 = ORIENTED_EDGE ( 'NONE', *, *, #4335, .T. ) ;
#2833 = VERTEX_POINT ( 'NONE', #2207 ) ;
#2834 = CARTESIAN_POINT ( 'NONE',  ( -0.2022594387833965557, 0.1277836290237849837, 0.000000000000000000 ) ) ;
#2835 = CARTESIAN_POINT ( 'NONE',  ( -0.4003883421104696416, 0.04566820732333915639, 0.1000000000000000056 ) ) ;
#2836 = ORIENTED_EDGE ( 'NONE', *, *, #1269, .F. ) ;
#2837 = COLOUR_RGB ( '',0.7960784313725489669, 0.8235294117647058432, 0.9372549019607843146 ) ;
#2838 = ORIENTED_EDGE ( 'NONE', *, *, #4878, .F. ) ;
#2839 =( NAMED_UNIT ( * ) SI_UNIT ( $, .STERADIAN. ) SOLID_ANGLE_UNIT ( ) );
#2840 = CARTESIAN_POINT ( 'NONE',  ( -0.1923512839606858482, 0.02065997266943309790, 0.1000000000000000056 ) ) ;
#2841 =( LENGTH_UNIT ( ) NAMED_UNIT ( * ) SI_UNIT ( .MILLI., .METRE. ) );
#2842 = CARTESIAN_POINT ( 'NONE',  ( 0.3145468281478077111, 0.08632495668320712412, 0.1000000000000000056 ) ) ;
#2843 = DIRECTION ( 'NONE',  ( 1.000000000000000000, -0.000000000000000000, -0.000000000000000000 ) ) ;
#2844 = MECHANICAL_DESIGN_GEOMETRIC_PRESENTATION_REPRESENTATION (  '', ( #6822 ), #1720 ) ;
#2845 = EDGE_LOOP ( 'NONE', ( #6586, #5806, #123, #7194 ) ) ;
#2846 =( GEOMETRIC_REPRESENTATION_CONTEXT ( 3 ) GLOBAL_UNCERTAINTY_ASSIGNED_CONTEXT ( ( #1408 ) ) GLOBAL_UNIT_ASSIGNED_CONTEXT ( ( #6421, #4746, #1365 ) ) REPRESENTATION_CONTEXT ( 'NONE', 'WORKASPACE' ) );
#2847 = CARTESIAN_POINT ( 'NONE',  ( 1.391402837117598157, -0.6850000000000002753, 0.4151791245819071996 ) ) ;
#2848 = DIRECTION ( 'NONE',  ( -0.000000000000000000, -0.000000000000000000, 1.000000000000000000 ) ) ;
#2849 = PRESENTATION_STYLE_ASSIGNMENT (( #6335 ) ) ;
#2850 = DIRECTION ( 'NONE',  ( 0.4283511191562784926, -0.9036123719369736351, 0.000000000000000000 ) ) ;
#2851 = CARTESIAN_POINT ( 'NONE',  ( -0.1141839010245510183, 0.002092640669256565309, -0.000000000000000000 ) ) ;
#2852 = CIRCLE ( 'NONE', #2188, 0.2000000000000000944 ) ;
#2853 = ORIENTED_EDGE ( 'NONE', *, *, #5925, .T. ) ;
#2854 = PRODUCT_DEFINITION_SHAPE ( 'NONE', 'NONE',  #6843 ) ;
#2855 = ORIENTED_EDGE ( 'NONE', *, *, #915, .T. ) ;
#2856 = UNCERTAINTY_MEASURE_WITH_UNIT (LENGTH_MEASURE( 1.000000000000000082E-05 ), #447, 'distance_accuracy_value', 'NONE');
#2857 = LINE ( 'NONE', #5306, #7233 ) ;
#2858 = DIRECTION ( 'NONE',  ( 0.1313264056488086806, 0.000000000000000000, 0.9913391827116310173 ) ) ;
#2859 = SURFACE_STYLE_USAGE ( .BOTH. , #3403 ) ;
#2860 = AXIS2_PLACEMENT_3D ( 'NONE', #4888, #5443, #2055 ) ;
#2861 = DIRECTION ( 'NONE',  ( -0.9913391827116310173, 0.000000000000000000, 0.1313264056488086806 ) ) ;
#2862 = AXIS2_PLACEMENT_3D ( 'NONE', #1367, #246, #6943 ) ;
#2863 = CARTESIAN_POINT ( 'NONE',  ( -0.2161335344181619378, 0.07908166886180068023, 0.1000000000000000056 ) ) ;
#2864 = DIRECTION ( 'NONE',  ( 0.000000000000000000, 0.000000000000000000, 1.000000000000000000 ) ) ;
#2865 =( GEOMETRIC_REPRESENTATION_CONTEXT ( 3 ) GLOBAL_UNCERTAINTY_ASSIGNED_CONTEXT ( ( #2462 ) ) GLOBAL_UNIT_ASSIGNED_CONTEXT ( ( #4107, #6965, #6373 ) ) REPRESENTATION_CONTEXT ( 'NONE', 'WORKASPACE' ) );
#2866 = EDGE_CURVE ( 'NONE', #719, #5909, #6777, .T. ) ;
#2867 = CARTESIAN_POINT ( 'NONE',  ( 0.2586352537241270455, -0.01256553228834741270, 0.1000000000000000056 ) ) ;
#2868 = CARTESIAN_POINT ( 'NONE',  ( 1.476984712635663444, 1.550000000000000266, 0.07373471887023937132 ) ) ;
#2869 = COLOUR_RGB ( '',0.1960784313725490169, 0.1960784313725490169, 0.1960784313725490169 ) ;
#2870 =( NAMED_UNIT ( * ) SI_UNIT ( $, .STERADIAN. ) SOLID_ANGLE_UNIT ( ) );
#2871 = EDGE_CURVE ( 'NONE', #827, #623, #6602, .T. ) ;
#2872 = CARTESIAN_POINT ( 'NONE',  ( 0.4325844142997869457, 0.1815656432207750637, 0.000000000000000000 ) ) ;
#2873 = DIRECTION ( 'NONE',  ( -0.000000000000000000, -0.000000000000000000, -1.000000000000000000 ) ) ;
#2874 = CARTESIAN_POINT ( 'NONE',  ( -0.2161335344181619378, 0.07908166886180068023, 0.1000000000000000056 ) ) ;
#2875 = FACE_OUTER_BOUND ( 'NONE', #1927, .T. ) ;
#2876 = VECTOR ( 'NONE', #2253, 1000.000000000000114 ) ;
#2877 = CARTESIAN_POINT ( 'NONE',  ( 1.675252549177989714, 1.550000000000000266, 0.05999999999999986594 ) ) ;
#2878 = CARTESIAN_POINT ( 'NONE',  ( 0.2903184904454056414, 0.1145204178748221446, 0.000000000000000000 ) ) ;
#2879 = CARTESIAN_POINT ( 'NONE',  ( -0.2309840668044007839, 0.05083176507751323292, 0.1000000000000000056 ) ) ;
#2880 = EDGE_CURVE ( 'NONE', #2281, #3378, #2955, .T. ) ;
#2881 = CARTESIAN_POINT ( 'NONE',  ( -1.300000000000000044, 1.550000000000000044, 0.4551791245819074017 ) ) ;
#2882 = EDGE_LOOP ( 'NONE', ( #5579, #3847, #4676, #2028 ) ) ;
#2883 =( NAMED_UNIT ( * ) PLANE_ANGLE_UNIT ( ) SI_UNIT ( $, .RADIAN. ) );
#2884 =( GEOMETRIC_REPRESENTATION_CONTEXT ( 3 ) GLOBAL_UNCERTAINTY_ASSIGNED_CONTEXT ( ( #131 ) ) GLOBAL_UNIT_ASSIGNED_CONTEXT ( ( #1739, #614, #1221 ) ) REPRESENTATION_CONTEXT ( 'NONE', 'WORKASPACE' ) );
#2885 = VECTOR ( 'NONE', #1375, 1000.000000000000000 ) ;
#2886 = CARTESIAN_POINT ( 'NONE',  ( -0.06997968826431572031, 0.1815656432207750637, 0.000000000000000000 ) ) ;
#2887 = VERTEX_POINT ( 'NONE', #3335 ) ;
#2888 = AXIS2_PLACEMENT_3D ( 'NONE', #4051, #1812, #1834 ) ;
#2889 = DIRECTION ( 'NONE',  ( 0.000000000000000000, 0.000000000000000000, -1.000000000000000000 ) ) ;
#2890 = FACE_OUTER_BOUND ( 'NONE', #372, .T. ) ;
#2891 = CARTESIAN_POINT ( 'NONE',  ( -1.300000000000000266, -1.150000000000000133, 0.6151791245819073772 ) ) ;
#2892 = PRESENTATION_LAYER_ASSIGNMENT (  '', '', ( #6323 ) ) ;
#2893 = CARTESIAN_POINT ( 'NONE',  ( 0.2966869784023509760, 0.08136532270795453214, 0.000000000000000000 ) ) ;
#2894 = LINE ( 'NONE', #2805, #5985 ) ;
#2895 =( GEOMETRIC_REPRESENTATION_CONTEXT ( 3 ) GLOBAL_UNCERTAINTY_ASSIGNED_CONTEXT ( ( #4250 ) ) GLOBAL_UNIT_ASSIGNED_CONTEXT ( ( #3206, #5997, #3754 ) ) REPRESENTATION_CONTEXT ( 'NONE', 'WORKASPACE' ) );
#2896 = COLOUR_RGB ( '',0.7960784313725489669, 0.8235294117647058432, 0.9372549019607843146 ) ;
#2897 = ORIENTED_EDGE ( 'NONE', *, *, #4277, .T. ) ;
#2898 = EDGE_CURVE ( 'NONE', #188, #1181, #2776, .T. ) ;
#2899 = ORIENTED_EDGE ( 'NONE', *, *, #4226, .F. ) ;
#2900 = VERTEX_POINT ( 'NONE', #3844 ) ;
#2901 = SURFACE_STYLE_USAGE ( .BOTH. , #594 ) ;
#2902 = APPLICATION_PROTOCOL_DEFINITION ( 'draft international standard', 'automotive_design', 1998, #2302 ) ;
#2903 = DIRECTION ( 'NONE',  ( -0.1081201162549495498, 0.1940253244615266215, -0.9750201094996017170 ) ) ;
#2904 = VECTOR ( 'NONE', #6446, 1000.000000000000000 ) ;
#2905 = EDGE_LOOP ( 'NONE', ( #6701, #512, #5132, #4407 ) ) ;
#2906 = CARTESIAN_POINT ( 'NONE',  ( 0.07873826045363301052, -0.01843435677922496130, 0.1000000000000000056 ) ) ;
#2907 = VERTEX_POINT ( 'NONE', #6662 ) ;
#2908 = DIRECTION ( 'NONE',  ( -1.549790303122160425E-16, 1.000000000000000000, 0.000000000000000000 ) ) ;
#2909 = MECHANICAL_DESIGN_GEOMETRIC_PRESENTATION_REPRESENTATION (  '', ( #3710 ), #6070 ) ;
#2910 =( NAMED_UNIT ( * ) SI_UNIT ( $, .STERADIAN. ) SOLID_ANGLE_UNIT ( ) );
#2911 = ORIENTED_EDGE ( 'NONE', *, *, #3612, .T. ) ;
#2912 = CARTESIAN_POINT ( 'NONE',  ( -0.2022594387833965557, 0.1277836290237849837, 0.1000000000000000056 ) ) ;
#2913 = EDGE_LOOP ( 'NONE', ( #5659, #2899, #5872, #1247 ) ) ;
#2914 = ORIENTED_EDGE ( 'NONE', *, *, #92, .F. ) ;
#2915 = EDGE_CURVE ( 'NONE', #628, #5574, #6702, .T. ) ;
#2916 = MECHANICAL_DESIGN_GEOMETRIC_PRESENTATION_REPRESENTATION (  '', ( #2174 ), #4448 ) ;
#2917 = CARTESIAN_POINT ( 'NONE',  ( -0.06997968826431572031, 0.1815656432207750637, 0.1000000000000000056 ) ) ;
#2918 = ORIENTED_EDGE ( 'NONE', *, *, #4550, .T. ) ;
#2919 = ORIENTED_EDGE ( 'NONE', *, *, #5239, .T. ) ;
#2920 = CARTESIAN_POINT ( 'NONE',  ( -0.1458369909687660670, 0.1589183656046608828, 0.1000000000000000056 ) ) ;
#2921 = ORIENTED_EDGE ( 'NONE', *, *, #2514, .T. ) ;
#2922 = LINE ( 'NONE', #1, #836 ) ;
#2923 = SURFACE_STYLE_FILL_AREA ( #4980 ) ;
#2924 = CARTESIAN_POINT ( 'NONE',  ( 1.391402837117598157, -0.1350000000000001477, 0.4151791245819071996 ) ) ;
#2925 = DIRECTION ( 'NONE',  ( -0.000000000000000000, -1.000000000000000000, -0.000000000000000000 ) ) ;
#2926 = EDGE_LOOP ( 'NONE', ( #4683, #5999, #1084, #2556 ) ) ;
#2927 = CARTESIAN_POINT ( 'NONE',  ( 0.1423954604104042398, 0.1405598333616457918, 0.000000000000000000 ) ) ;
#2928 = LINE ( 'NONE', #6987, #6867 ) ;
#2929 = AXIS2_PLACEMENT_3D ( 'NONE', #1027, #6047, #435 ) ;
#2930 = CARTESIAN_POINT ( 'NONE',  ( -0.03408225236687983939, 0.002078463733595553239, 0.000000000000000000 ) ) ;
#2931 = CARTESIAN_POINT ( 'NONE',  ( -0.2161335344181619378, 0.07908166886180068023, 0.1000000000000000056 ) ) ;
#2932 = UNCERTAINTY_MEASURE_WITH_UNIT (LENGTH_MEASURE( 1.000000000000000082E-05 ), #3583, 'distance_accuracy_value', 'NONE');
#2933 = DIRECTION ( 'NONE',  ( -0.1313264056488087084, -0.000000000000000000, 0.9913391827116310173 ) ) ;
#2934 = FACE_OUTER_BOUND ( 'NONE', #507, .T. ) ;
#2935 = DIRECTION ( 'NONE',  ( -0.000000000000000000, -1.000000000000000000, -0.000000000000000000 ) ) ;
#2936 = VECTOR ( 'NONE', #4724, 1000.000000000000000 ) ;
#2937 = DIRECTION ( 'NONE',  ( 0.000000000000000000, 0.000000000000000000, 1.000000000000000000 ) ) ;
#2938 = COLOUR_RGB ( '',0.7960784313725489669, 0.8235294117647058432, 0.9372549019607843146 ) ;
#2939 = FILL_AREA_STYLE_COLOUR ( '', #6309 ) ;
#2940 = LINE ( 'NONE', #7086, #1461 ) ;
#2941 = CARTESIAN_POINT ( 'NONE',  ( -0.2182301568346429188, 0.02066004394562526505, 0.1000000000000000056 ) ) ;
#2942 = LINE ( 'NONE', #5703, #677 ) ;
#2943 = DIRECTION ( 'NONE',  ( -0.1313264056488086529, 0.000000000000000000, -0.9913391827116311283 ) ) ;
#2944 =( GEOMETRIC_REPRESENTATION_CONTEXT ( 3 ) GLOBAL_UNCERTAINTY_ASSIGNED_CONTEXT ( ( #575 ) ) GLOBAL_UNIT_ASSIGNED_CONTEXT ( ( #3441, #631, #107 ) ) REPRESENTATION_CONTEXT ( 'NONE', 'WORKASPACE' ) );
#2945 = LINE ( 'NONE', #2413, #5435 ) ;
#2946 = SURFACE_STYLE_FILL_AREA ( #6940 ) ;
#2947 = SURFACE_STYLE_USAGE ( .BOTH. , #6841 ) ;
#2948 = CARTESIAN_POINT ( 'NONE',  ( 0.2067831322485048640, -0.02356256190743009210, 4.065758146820641628E-17 ) ) ;
#2949 = MECHANICAL_DESIGN_GEOMETRIC_PRESENTATION_REPRESENTATION (  '', ( #2720 ), #5882 ) ;
#2950 = EDGE_CURVE ( 'NONE', #3178, #3210, #5432, .T. ) ;
#2951 = CARTESIAN_POINT ( 'NONE',  ( 1.675252549177991046, 1.550000000000000266, -0.09999999999999995004 ) ) ;
#2952 = CARTESIAN_POINT ( 'NONE',  ( -1.675252549177991046, 1.550000000000000044, -0.1000000000000000056 ) ) ;
#2953 = ADVANCED_FACE ( 'NONE', ( #1342 ), #5126, .F. ) ;
#2954 = VECTOR ( 'NONE', #6125, 1000.000000000000000 ) ;
#2955 = LINE ( 'NONE', #7195, #6127 ) ;
#2956 = EDGE_CURVE ( 'NONE', #6179, #2341, #3560, .T. ) ;
#2957 = CARTESIAN_POINT ( 'NONE',  ( 0.2479672113450433202, 0.1575177895669895578, -1.355252715606880543E-17 ) ) ;
#2958 = CARTESIAN_POINT ( 'NONE',  ( 0.06078954250491507005, 0.07900154065667248926, 0.1000000000000000056 ) ) ;
#2959 = CARTESIAN_POINT ( 'NONE',  ( 0.3377126194279920224, -0.01843435677922496130, 0.1000000000000000056 ) ) ;
#2960 = EDGE_CURVE ( 'NONE', #1083, #814, #1643, .T. ) ;
#2961 = CARTESIAN_POINT ( 'NONE',  ( -1.476984712635663444, 0.2500000000000001110, 0.07373471887023946847 ) ) ;
#2962 = CARTESIAN_POINT ( 'NONE',  ( 1.391402837117596825, -0.1350000000000001477, 0.6151791245819071552 ) ) ;
#2963 = EDGE_LOOP ( 'NONE', ( #6475, #2660, #1581, #3969 ) ) ;
#2964 = VECTOR ( 'NONE', #1298, 999.9999999999998863 ) ;
#2965 = DIRECTION ( 'NONE',  ( 0.1081201162549495637, 0.1940253244615268435, 0.9750201094996017170 ) ) ;
#2966 = DIRECTION ( 'NONE',  ( 0.000000000000000000, 0.000000000000000000, 1.000000000000000000 ) ) ;
#2967 = CARTESIAN_POINT ( 'NONE',  ( 0.2047255470383804454, 0.1866662975952163295, -1.355252715606880543E-17 ) ) ;
#2968 = PLANE ( 'NONE',  #2623 ) ;
#2969 = ORIENTED_EDGE ( 'NONE', *, *, #6164, .T. ) ;
#2970 = COLOUR_RGB ( '',0.1960784313725490169, 0.1960784313725490169, 0.1960784313725490169 ) ;
#2971 = AXIS2_PLACEMENT_3D ( 'NONE', #6046, #508, #2682 ) ;
#2972 = VECTOR ( 'NONE', #4185, 1000.000000000000114 ) ;
#2973 = CARTESIAN_POINT ( 'NONE',  ( 0.2372898917045837275, -0.02023648043140311228, 4.065758146820641628E-17 ) ) ;
#2974 = STYLED_ITEM ( 'NONE', ( #346 ), #1533 ) ;
#2975 = CARTESIAN_POINT ( 'NONE',  ( -0.2292467803222747458, 0.04429872405548152675, 0.000000000000000000 ) ) ;
#2976 = ORIENTED_EDGE ( 'NONE', *, *, #3348, .F. ) ;
#2977 = COLOUR_RGB ( '',0.1960784313725490169, 0.1960784313725490169, 0.1960784313725490169 ) ;
#2978 = CARTESIAN_POINT ( 'NONE',  ( 0.2371498969528869905, 0.1617909469260545297, -1.355252715606880543E-17 ) ) ;
#2979 = CARTESIAN_POINT ( 'NONE',  ( -1.675252549177989714, -1.550000000000000266, 0.1000000000000000056 ) ) ;
#2980 = STYLED_ITEM ( 'NONE', ( #3047 ), #5805 ) ;
#2981 = ORIENTED_EDGE ( 'NONE', *, *, #2452, .T. ) ;
#2982 = CARTESIAN_POINT ( 'NONE',  ( -0.3571591754438029342, 0.1815656432207750637, 0.1000000000000000056 ) ) ;
#2983 = CARTESIAN_POINT ( 'NONE',  ( -0.1738258421104695306, 0.1743541047592366000, 0.000000000000000000 ) ) ;
#2984 = PLANE ( 'NONE',  #3318 ) ;
#2985 = VECTOR ( 'NONE', #5128, 1000.000000000000114 ) ;
#2986 = VECTOR ( 'NONE', #1445, 1000.000000000000000 ) ;
#2987 = AXIS2_PLACEMENT_3D ( 'NONE', #3569, #3046, #1872 ) ;
#2988 = ORIENTED_EDGE ( 'NONE', *, *, #2728, .F. ) ;
#2989 = CARTESIAN_POINT ( 'NONE',  ( 2.000000000000000000, -0.1350000000000001477, 0.05999999999999998390 ) ) ;
#2990 = ORIENTED_EDGE ( 'NONE', *, *, #1798, .F. ) ;
#2991 = CARTESIAN_POINT ( 'NONE',  ( 2.000000000000000000, -0.1350000000000001477, 0.05999999999999998390 ) ) ;
#2992 = ORIENTED_EDGE ( 'NONE', *, *, #4728, .T. ) ;
#2993 = SURFACE_STYLE_USAGE ( .BOTH. , #1885 ) ;
#2994 = EDGE_CURVE ( 'NONE', #2300, #1733, #5943, .T. ) ;
#2995 = CARTESIAN_POINT ( 'NONE',  ( -0.1698822320313572720, 0.007809550944535721510, -0.000000000000000000 ) ) ;
#2996 = MECHANICAL_DESIGN_GEOMETRIC_PRESENTATION_REPRESENTATION (  '', ( #31 ), #2865 ) ;
#2997 = EDGE_CURVE ( 'NONE', #3278, #6857, #1728, .T. ) ;
#2998 = ORIENTED_EDGE ( 'NONE', *, *, #6660, .F. ) ;
#2999 = ADVANCED_FACE ( 'NONE', ( #4637 ), #6759, .F. ) ;
#3000 = VERTEX_POINT ( 'NONE', #6847 ) ;
#3001 = DIRECTION ( 'NONE',  ( 0.000000000000000000, -0.000000000000000000, 1.000000000000000000 ) ) ;
#3002 = ORIENTED_EDGE ( 'NONE', *, *, #271, .F. ) ;
#3003 = CARTESIAN_POINT ( 'NONE',  ( 0.2255812859381173263, -0.02238416449528067564, 0.1000000000000000056 ) ) ;
#3004 = DIRECTION ( 'NONE',  ( -1.000000000000000000, 0.000000000000000000, 0.000000000000000000 ) ) ;
#3005 =( LENGTH_UNIT ( ) NAMED_UNIT ( * ) SI_UNIT ( .MILLI., .METRE. ) );
#3006 = ORIENTED_EDGE ( 'NONE', *, *, #5333, .T. ) ;
#3007 = EDGE_LOOP ( 'NONE', ( #4964, #3355, #5679, #1940 ) ) ;
#3008 = CARTESIAN_POINT ( 'NONE',  ( 0.2081453117356843185, 0.1661810278361596782, 0.1000000000000000056 ) ) ;
#3009 = DIRECTION ( 'NONE',  ( 1.000000000000000000, 0.000000000000000000, 0.000000000000000000 ) ) ;
#3010 = DIRECTION ( 'NONE',  ( 0.000000000000000000, -0.000000000000000000, 1.000000000000000000 ) ) ;
#3011 = DIRECTION ( 'NONE',  ( -1.000000000000000000, 0.000000000000000000, 1.251975384727201669E-16 ) ) ;
#3012 = LINE ( 'NONE', #968, #5757 ) ;
#3013 = ORIENTED_EDGE ( 'NONE', *, *, #4482, .T. ) ;
#3014 = DIRECTION ( 'NONE',  ( -0.000000000000000000, -1.000000000000000000, -0.000000000000000000 ) ) ;
#3015 = COLOUR_RGB ( '',0.7960784313725489669, 0.8235294117647058432, 0.9372549019607843146 ) ;
#3016 = CARTESIAN_POINT ( 'NONE',  ( -0.1680566113412387819, 0.007166604759236580753, 0.1000000000000000056 ) ) ;
#3017 = CARTESIAN_POINT ( 'NONE',  ( 0.1459056739264459057, 0.1696882893585719698, 0.1000000000000000056 ) ) ;
#3018 = EDGE_CURVE ( 'NONE', #999, #5636, #2256, .T. ) ;
#3019 = CARTESIAN_POINT ( 'NONE',  ( -0.1963183763211054089, 0.02446402917251683240, 0.000000000000000000 ) ) ;
#3020 = ORIENTED_EDGE ( 'NONE', *, *, #3753, .F. ) ;
#3021 = ORIENTED_EDGE ( 'NONE', *, *, #5437, .F. ) ;
#3022 = FILL_AREA_STYLE_COLOUR ( '', #5855 ) ;
#3023 = CARTESIAN_POINT ( 'NONE',  ( -0.1216527710719216421, 0.1607307470501804780, 0.000000000000000000 ) ) ;
#3024 = UNCERTAINTY_MEASURE_WITH_UNIT (LENGTH_MEASURE( 1.000000000000000082E-05 ), #804, 'distance_accuracy_value', 'NONE');
#3025 = COLOUR_RGB ( '',0.7960784313725489669, 0.8235294117647058432, 0.9372549019607843146 ) ;
#3026 = CARTESIAN_POINT ( 'NONE',  ( 0.2790816305554387755, 0.1334791860547645814, -1.355252715606880543E-17 ) ) ;
#3027 = SURFACE_SIDE_STYLE ('',( #4472 ) ) ;
#3028 = DIRECTION ( 'NONE',  ( 0.9913391827116311283, -0.000000000000000000, 0.1313264056488087639 ) ) ;
#3029 = PRESENTATION_LAYER_ASSIGNMENT (  '', '', ( #6791 ) ) ;
#3030 =( NAMED_UNIT ( * ) SI_UNIT ( $, .STERADIAN. ) SOLID_ANGLE_UNIT ( ) );
#3031 = CARTESIAN_POINT ( 'NONE',  ( 1.635598981869524238, -0.1350000000000001477, 0.09474694377404781209 ) ) ;
#3032 = ADVANCED_FACE ( 'NONE', ( #6028, #1548 ), #3976, .T. ) ;
#3033 = ORIENTED_EDGE ( 'NONE', *, *, #4253, .F. ) ;
#3034 = CYLINDRICAL_SURFACE ( 'NONE', #3164, 0.04000000000000004940 ) ;
#3035 = CARTESIAN_POINT ( 'NONE',  ( 0.2070235168638894507, 0.1866938483489801737, 0.1000000000000000056 ) ) ;
#3036 = CIRCLE ( 'NONE', #2368, 0.2000000000000000944 ) ;
#3037 = CARTESIAN_POINT ( 'NONE',  ( 0.1234318182168985811, 0.1497060630534014225, 0.1000000000000000056 ) ) ;
#3038 = DIRECTION ( 'NONE',  ( -0.000000000000000000, -1.000000000000000000, -0.000000000000000000 ) ) ;
#3039 = VERTEX_POINT ( 'NONE', #2868 ) ;
#3040 = VECTOR ( 'NONE', #1641, 1000.000000000000000 ) ;
#3041 = DIRECTION ( 'NONE',  ( -0.000000000000000000, -1.000000000000000000, -0.000000000000000000 ) ) ;
#3042 = AXIS2_PLACEMENT_3D ( 'NONE', #4119, #3681, #4865 ) ;
#3043 = CARTESIAN_POINT ( 'NONE',  ( 0.1197639014792740431, 0.1448669252720571066, 0.1000000000000000056 ) ) ;
#3044 = LINE ( 'NONE', #12, #879 ) ;
#3045 = CARTESIAN_POINT ( 'NONE',  ( -0.2214953788350352004, 0.02615052236484502815, 0.000000000000000000 ) ) ;
#3046 = DIRECTION ( 'NONE',  ( 0.000000000000000000, -0.000000000000000000, 1.000000000000000000 ) ) ;
#3047 = PRESENTATION_STYLE_ASSIGNMENT (( #3882 ) ) ;
#3048 = EDGE_CURVE ( 'NONE', #566, #4651, #2942, .T. ) ;
#3049 = SURFACE_SIDE_STYLE ('',( #2946 ) ) ;
#3050 = ORIENTED_EDGE ( 'NONE', *, *, #962, .F. ) ;
#3051 = SURFACE_STYLE_USAGE ( .BOTH. , #213 ) ;
#3052 =( NAMED_UNIT ( * ) PLANE_ANGLE_UNIT ( ) SI_UNIT ( $, .RADIAN. ) );
#3053 = CARTESIAN_POINT ( 'NONE',  ( -0.03408225236687983939, 0.002078463733595553239, 0.1000000000000000056 ) ) ;
#3054 = EDGE_CURVE ( 'NONE', #3789, #1323, #3205, .T. ) ;
#3055 = PLANE ( 'NONE',  #644 ) ;
#3056 = ORIENTED_EDGE ( 'NONE', *, *, #5055, .F. ) ;
#3057 = VERTEX_POINT ( 'NONE', #6416 ) ;
#3058 = CARTESIAN_POINT ( 'NONE',  ( 0.2880596401944972573, 0.1195532790427365072, 0.1000000000000000056 ) ) ;
#3059 = LINE ( 'NONE', #63, #6492 ) ;
#3060 = CARTESIAN_POINT ( 'NONE',  ( 0.1868972340869284043, 0.1851934923189104687, -1.355252715606880543E-17 ) ) ;
#3061 =( LENGTH_UNIT ( ) NAMED_UNIT ( * ) SI_UNIT ( .MILLI., .METRE. ) );
#3062 = VERTEX_POINT ( 'NONE', #5282 ) ;
#3063 =( NAMED_UNIT ( * ) PLANE_ANGLE_UNIT ( ) SI_UNIT ( $, .RADIAN. ) );
#3064 = UNCERTAINTY_MEASURE_WITH_UNIT (LENGTH_MEASURE( 1.000000000000000082E-05 ), #2769, 'distance_accuracy_value', 'NONE');
#3065 = EDGE_LOOP ( 'NONE', ( #876, #4556, #6419, #3160 ) ) ;
#3066 = ADVANCED_FACE ( 'NONE', ( #1886 ), #663, .F. ) ;
#3067 = MECHANICAL_DESIGN_GEOMETRIC_PRESENTATION_REPRESENTATION (  '', ( #1330 ), #2087 ) ;
#3068 = FILL_AREA_STYLE_COLOUR ( '', #3398 ) ;
#3069 = LINE ( 'NONE', #3416, #1237 ) ;
#3070 = VERTEX_POINT ( 'NONE', #4537 ) ;
#3071 = ORIENTED_EDGE ( 'NONE', *, *, #4630, .T. ) ;
#3072 = VERTEX_POINT ( 'NONE', #6318 ) ;
#3073 = CARTESIAN_POINT ( 'NONE',  ( 1.675252549177989714, 1.550000000000000266, 0.09999999999999995004 ) ) ;
#3074 = FILL_AREA_STYLE ('',( #5177 ) ) ;
#3075 = CARTESIAN_POINT ( 'NONE',  ( 0.1588337004059202640, 0.009852720289405068194, 0.000000000000000000 ) ) ;
#3076 = CARTESIAN_POINT ( 'NONE',  ( -0.1478532077930365951, 0.1798354148751302173, 0.1000000000000000056 ) ) ;
#3077 = VERTEX_POINT ( 'NONE', #6963 ) ;
#3078 = CARTESIAN_POINT ( 'NONE',  ( -1.675252549177989936, 0.6500000000000001332, 0.05999999999999997002 ) ) ;
#3079 = ORIENTED_EDGE ( 'NONE', *, *, #3770, .T. ) ;
#3080 = UNCERTAINTY_MEASURE_WITH_UNIT (LENGTH_MEASURE( 1.000000000000000082E-05 ), #6761, 'distance_accuracy_value', 'NONE');
#3081 = AXIS2_PLACEMENT_3D ( 'NONE', #1838, #5734, #5778 ) ;
#3082 = SURFACE_STYLE_USAGE ( .BOTH. , #2554 ) ;
#3083 = CARTESIAN_POINT ( 'NONE',  ( -0.3571591754438029342, 0.1815656432207750637, 0.000000000000000000 ) ) ;
#3084 = ORIENTED_EDGE ( 'NONE', *, *, #6640, .T. ) ;
#3085 = DIRECTION ( 'NONE',  ( -0.4283511191562785481, 0.9036123719369736351, 0.000000000000000000 ) ) ;
#3086 = VECTOR ( 'NONE', #1281, 1000.000000000000000 ) ;
#3087 = ORIENTED_EDGE ( 'NONE', *, *, #1704, .T. ) ;
#3088 = DIRECTION ( 'NONE',  ( 1.000000000000000000, 1.112002228190260952E-16, -0.000000000000000000 ) ) ;
#3089 = AXIS2_PLACEMENT_3D ( 'NONE', #871, #1957, #3085 ) ;
#3090 = ORIENTED_EDGE ( 'NONE', *, *, #1269, .T. ) ;
#3091 = DIRECTION ( 'NONE',  ( 0.000000000000000000, 0.000000000000000000, -1.000000000000000000 ) ) ;
#3092 = MECHANICAL_DESIGN_GEOMETRIC_PRESENTATION_REPRESENTATION (  '', ( #1457 ), #4330 ) ;
#3093 = EDGE_CURVE ( 'NONE', #4890, #1535, #761, .T. ) ;
#3094 = ORIENTED_EDGE ( 'NONE', *, *, #6625, .F. ) ;
#3095 = SURFACE_STYLE_USAGE ( .BOTH. , #4843 ) ;
#3096 = ORIENTED_EDGE ( 'NONE', *, *, #4000, .T. ) ;
#3097 =( LENGTH_UNIT ( ) NAMED_UNIT ( * ) SI_UNIT ( .MILLI., .METRE. ) );
#3098 = EDGE_CURVE ( 'NONE', #5827, #2218, #4996, .T. ) ;
#3099 = CARTESIAN_POINT ( 'NONE',  ( -0.1832143841915747084, -0.01027029744253206249, 0.000000000000000000 ) ) ;
#3100 = VECTOR ( 'NONE', #4532, 1000.000000000000000 ) ;
#3101 = EDGE_CURVE ( 'NONE', #7210, #1862, #5857, .T. ) ;
#3102 = ORIENTED_EDGE ( 'NONE', *, *, #3631, .F. ) ;
#3103 = CARTESIAN_POINT ( 'NONE',  ( 1.675252549177989714, -0.1350000000000001477, 0.09999999999999990841 ) ) ;
#3104 = FILL_AREA_STYLE ('',( #4828 ) ) ;
#3105 = DIRECTION ( 'NONE',  ( 0.000000000000000000, 0.000000000000000000, -1.000000000000000000 ) ) ;
#3106 = DIRECTION ( 'NONE',  ( -0.000000000000000000, -1.000000000000000000, -0.000000000000000000 ) ) ;
#3107 = ADVANCED_FACE ( 'NONE', ( #417 ), #3519, .T. ) ;
#3108 = CARTESIAN_POINT ( 'NONE',  ( -1.300000000000000044, -1.150000000000000133, 0.4551791245819074017 ) ) ;
#3109 = CARTESIAN_POINT ( 'NONE',  ( 0.1869069822430086958, -0.02211687825250028411, 0.000000000000000000 ) ) ;
#3110 = CARTESIAN_POINT ( 'NONE',  ( 0.1354690296844022757, 0.03028359193872376398, 0.1000000000000000056 ) ) ;
#3111 = DIRECTION ( 'NONE',  ( 0.000000000000000000, -1.000000000000000000, 0.000000000000000000 ) ) ;
#3112 = FACE_OUTER_BOUND ( 'NONE', #5504, .T. ) ;
#3113 = EDGE_CURVE ( 'NONE', #2502, #3691, #2160, .T. ) ;
#3114 = MECHANICAL_DESIGN_GEOMETRIC_PRESENTATION_REPRESENTATION (  '', ( #2616 ), #5578 ) ;
#3115 = AXIS2_PLACEMENT_3D ( 'NONE', #6559, #424, #3198 ) ;
#3116 = FILL_AREA_STYLE_COLOUR ( '', #2718 ) ;
#3117 = FACE_OUTER_BOUND ( 'NONE', #6955, .T. ) ;
#3118 =( GEOMETRIC_REPRESENTATION_CONTEXT ( 3 ) GLOBAL_UNCERTAINTY_ASSIGNED_CONTEXT ( ( #1315 ) ) GLOBAL_UNIT_ASSIGNED_CONTEXT ( ( #269, #4709, #1928 ) ) REPRESENTATION_CONTEXT ( 'NONE', 'WORKASPACE' ) );
#3119 = ORIENTED_EDGE ( 'NONE', *, *, #2492, .F. ) ;
#3120 = FACE_OUTER_BOUND ( 'NONE', #3705, .T. ) ;
#3121 = CARTESIAN_POINT ( 'NONE',  ( 0.2823493682848887687, 0.1290304904252070894, -1.355252715606880543E-17 ) ) ;
#3122 = CARTESIAN_POINT ( 'NONE',  ( 0.3377126194279920224, -0.01843435677922496130, 0.1000000000000000056 ) ) ;
#3123 =( NAMED_UNIT ( * ) SI_UNIT ( $, .STERADIAN. ) SOLID_ANGLE_UNIT ( ) );
#3124 = CARTESIAN_POINT ( 'NONE',  ( -0.2597232780079054559, -0.01843435677922496130, 0.1000000000000000056 ) ) ;
#3125 = CARTESIAN_POINT ( 'NONE',  ( 0.3145468281478077111, 0.08632495668320712412, -1.355252715606880543E-17 ) ) ;
#3126 = PRESENTATION_STYLE_ASSIGNMENT (( #1630 ) ) ;
#3127 = CARTESIAN_POINT ( 'NONE',  ( 0.2952134031231617439, 0.06410420754718919312, 0.000000000000000000 ) ) ;
#3128 =( GEOMETRIC_REPRESENTATION_CONTEXT ( 3 ) GLOBAL_UNCERTAINTY_ASSIGNED_CONTEXT ( ( #6717 ) ) GLOBAL_UNIT_ASSIGNED_CONTEXT ( ( #197, #4145, #6899 ) ) REPRESENTATION_CONTEXT ( 'NONE', 'WORKASPACE' ) );
#3129 = CARTESIAN_POINT ( 'NONE',  ( 0.1364861534527319065, 0.0005912949258635862319, 0.000000000000000000 ) ) ;
#3130 = CARTESIAN_POINT ( 'NONE',  ( 0.1354690296844022757, 0.03028359193872376398, 0.000000000000000000 ) ) ;
#3131 = AXIS2_PLACEMENT_3D ( 'NONE', #2057, #4301, #408 ) ;
#3132 = EDGE_CURVE ( 'NONE', #243, #4880, #1055, .T. ) ;
#3133 = DIRECTION ( 'NONE',  ( -1.000000000000000000, -0.000000000000000000, -0.000000000000000000 ) ) ;
#3134 = CARTESIAN_POINT ( 'NONE',  ( -1.391402837117598379, -1.150000000000000133, 0.4551791245819074572 ) ) ;
#3135 = EDGE_LOOP ( 'NONE', ( #4662, #7080, #224, #3071 ) ) ;
#3136 = LINE ( 'NONE', #6298, #2186 ) ;
#3137 = ADVANCED_FACE ( 'NONE', ( #4264 ), #1311, .F. ) ;
#3138 = B_SPLINE_CURVE_WITH_KNOTS ( 'NONE', 3,
 ( #4564, #1211, #6741, #607, #4542, #1174, #5112, #5664, #690, #716, #2983 ),
 .UNSPECIFIED., .F., .F.,
 ( 4, 1, 1, 1, 1, 1, 1, 1, 4 ),
 ( 0.000000000000000000, 0.1642892164747606909, 0.3174059112304910002, 0.4588436116410199439, 0.5893665423053090491, 0.7078313187781720695, 0.8157700306990054440, 0.9128799029021265055, 1.000000000000000000 ),
 .UNSPECIFIED. ) ;
#3139 = VERTEX_POINT ( 'NONE', #5789 ) ;
#3140 = EDGE_LOOP ( 'NONE', ( #4066, #2308, #911, #4215 ) ) ;
#3141 = EDGE_CURVE ( 'NONE', #1263, #6151, #6284, .T. ) ;
#3142 = CARTESIAN_POINT ( 'NONE',  ( 0.2903184904454056414, 0.1145204178748221446, 0.1000000000000000056 ) ) ;
#3143 = DIRECTION ( 'NONE',  ( -1.000000000000000000, 0.000000000000000000, 0.000000000000000000 ) ) ;
#3144 = ORIENTED_EDGE ( 'NONE', *, *, #713, .F. ) ;
#3145 = CARTESIAN_POINT ( 'NONE',  ( 0.2974837886257143404, 0.1409513284758471541, 0.1000000000000000056 ) ) ;
#3146 = PRESENTATION_LAYER_ASSIGNMENT (  '', '', ( #6499 ) ) ;
#3147 = CARTESIAN_POINT ( 'NONE',  ( 0.2254118688944873605, -0.001660548268040787454, -0.000000000000000000 ) ) ;
#3148 = SURFACE_SIDE_STYLE ('',( #4441 ) ) ;
#3149 = CARTESIAN_POINT ( 'NONE',  ( 0.1365893661618995947, 0.1341828927788909775, 0.1000000000000000056 ) ) ;
#3150 = VECTOR ( 'NONE', #5106, 1000.000000000000000 ) ;
#3151 = EDGE_LOOP ( 'NONE', ( #3530, #4520, #3364, #6933 ) ) ;
#3152 = DIRECTION ( 'NONE',  ( 0.000000000000000000, -0.000000000000000000, -1.000000000000000000 ) ) ;
#3153 =( NAMED_UNIT ( * ) SI_UNIT ( $, .STERADIAN. ) SOLID_ANGLE_UNIT ( ) );
#3154 = UNCERTAINTY_MEASURE_WITH_UNIT (LENGTH_MEASURE( 1.000000000000000082E-05 ), #2335, 'distance_accuracy_value', 'NONE');
#3155 =( LENGTH_UNIT ( ) NAMED_UNIT ( * ) SI_UNIT ( .MILLI., .METRE. ) );
#3156 = ORIENTED_EDGE ( 'NONE', *, *, #4659, .T. ) ;
#3157 = SURFACE_STYLE_USAGE ( .BOTH. , #828 ) ;
#3158 = EDGE_LOOP ( 'NONE', ( #4045, #7078, #5175, #4395 ) ) ;
#3159 = AXIS2_PLACEMENT_3D ( 'NONE', #691, #149, #4073 ) ;
#3160 = ORIENTED_EDGE ( 'NONE', *, *, #2586, .T. ) ;
#3161 = EDGE_LOOP ( 'NONE', ( #5978, #5217, #5147, #1271, #257, #6188, #4872, #971, #6925, #1842, #6937, #6087 ) ) ;
#3162 =( NAMED_UNIT ( * ) SI_UNIT ( $, .STERADIAN. ) SOLID_ANGLE_UNIT ( ) );
#3163 = DIRECTION ( 'NONE',  ( -1.000000000000000000, 0.000000000000000000, 0.000000000000000000 ) ) ;
#3164 = AXIS2_PLACEMENT_3D ( 'NONE', #4528, #2301, #6339 ) ;
#3165 = EDGE_LOOP ( 'NONE', ( #3272, #3913, #4132, #1057 ) ) ;
#3166 = ORIENTED_EDGE ( 'NONE', *, *, #5754, .F. ) ;
#3167 = ORIENTED_EDGE ( 'NONE', *, *, #6889, .T. ) ;
#3168 = CARTESIAN_POINT ( 'NONE',  ( 0.2853617697170834355, 0.1243840099933015003, 0.1000000000000000056 ) ) ;
#3169 =( NAMED_UNIT ( * ) PLANE_ANGLE_UNIT ( ) SI_UNIT ( $, .RADIAN. ) );
#3170 = DIRECTION ( 'NONE',  ( -1.000000000000000000, 0.000000000000000000, 0.000000000000000000 ) ) ;
#3171 = CARTESIAN_POINT ( 'NONE',  ( -2.000000000000000000, 0.6500000000000001332, -0.1000000000000000056 ) ) ;
#3172 = CARTESIAN_POINT ( 'NONE',  ( 0.2070235168638894507, 0.1866938483489801737, -1.355252715606880543E-17 ) ) ;
#3173 = ADVANCED_FACE ( 'NONE', ( #671 ), #2340, .T. ) ;
#3174 = CARTESIAN_POINT ( 'NONE',  ( 0.2868911334783142419, 0.04080084331009222604, 0.000000000000000000 ) ) ;
#3175 = ORIENTED_EDGE ( 'NONE', *, *, #6452, .F. ) ;
#3176 = PLANE ( 'NONE',  #5412 ) ;
#3177 = COLOUR_RGB ( '',0.1960784313725490169, 0.1960784313725490169, 0.1960784313725490169 ) ;
#3178 = VERTEX_POINT ( 'NONE', #936 ) ;
#3179 = CARTESIAN_POINT ( 'NONE',  ( 0.1197639014792740569, 0.01838455347718529961, 0.1000000000000000056 ) ) ;
#3180 = VERTEX_POINT ( 'NONE', #3641 ) ;
#3181 = MECHANICAL_DESIGN_GEOMETRIC_PRESENTATION_REPRESENTATION (  '', ( #7066 ), #3467 ) ;
#3182 = LINE ( 'NONE', #1017, #5228 ) ;
#3183 = CARTESIAN_POINT ( 'NONE',  ( -0.1835263307768456864, 0.01414292832657393882, 0.1000000000000000056 ) ) ;
#3184 =( NAMED_UNIT ( * ) SI_UNIT ( $, .STERADIAN. ) SOLID_ANGLE_UNIT ( ) );
#3185 = CARTESIAN_POINT ( 'NONE',  ( -0.1138768172607219076, 0.1815403535067198482, 0.1000000000000000056 ) ) ;
#3186 = VECTOR ( 'NONE', #1417, 1000.000000000000000 ) ;
#3187 = FILL_AREA_STYLE ('',( #3806 ) ) ;
#3188 = ORIENTED_EDGE ( 'NONE', *, *, #813, .F. ) ;
#3189 = VECTOR ( 'NONE', #5355, 1000.000000000000000 ) ;
#3190 = FACE_OUTER_BOUND ( 'NONE', #5377, .T. ) ;
#3191 = EDGE_CURVE ( 'NONE', #2226, #6932, #5428, .T. ) ;
#3192 = VECTOR ( 'NONE', #5270, 1000.000000000000000 ) ;
#3193 = CARTESIAN_POINT ( 'NONE',  ( 0.2913000133422662397, 0.01390146756915284186, 0.1000000000000000056 ) ) ;
#3194 = CYLINDRICAL_SURFACE ( 'NONE', #2102, 0.04000000000000004940 ) ;
#3195 = EDGE_CURVE ( 'NONE', #6949, #209, #1636, .T. ) ;
#3196 = LINE ( 'NONE', #1111, #4276 ) ;
#3197 = CARTESIAN_POINT ( 'NONE',  ( -1.476984712635663444, 0.2500000000000001110, 0.07373471887023937132 ) ) ;
#3198 = DIRECTION ( 'NONE',  ( 1.000000000000000000, 0.000000000000000000, -0.000000000000000000 ) ) ;
#3199 = FACE_OUTER_BOUND ( 'NONE', #1586, .T. ) ;
#3200 =( NAMED_UNIT ( * ) SI_UNIT ( $, .STERADIAN. ) SOLID_ANGLE_UNIT ( ) );
#3201 = SURFACE_STYLE_USAGE ( .BOTH. , #2710 ) ;
#3202 =( NAMED_UNIT ( * ) SI_UNIT ( $, .STERADIAN. ) SOLID_ANGLE_UNIT ( ) );
#3203 = SURFACE_STYLE_FILL_AREA ( #4175 ) ;
#3204 = CARTESIAN_POINT ( 'NONE',  ( 1.675252549177989714, -0.9350000000000001643, 0.05999999999999984512 ) ) ;
#3205 = LINE ( 'NONE', #6821, #1980 ) ;
#3206 =( LENGTH_UNIT ( ) NAMED_UNIT ( * ) SI_UNIT ( .MILLI., .METRE. ) );
#3207 = CIRCLE ( 'NONE', #4713, 0.04000000000000004940 ) ;
#3208 = CARTESIAN_POINT ( 'NONE',  ( 0.06078954250491507005, 0.002078463733595553239, 0.1000000000000000056 ) ) ;
#3209 = SURFACE_STYLE_USAGE ( .BOTH. , #3266 ) ;
#3210 = VERTEX_POINT ( 'NONE', #6537 ) ;
#3211 = AXIS2_PLACEMENT_3D ( 'NONE', #1922, #843, #3010 ) ;
#3212 = FILL_AREA_STYLE_COLOUR ( '', #4547 ) ;
#3213 = ORIENTED_EDGE ( 'NONE', *, *, #157, .T. ) ;
#3214 = CIRCLE ( 'NONE', #5600, 0.1999999999999999833 ) ;
#3215 = SURFACE_SIDE_STYLE ('',( #1436 ) ) ;
#3216 = SURFACE_STYLE_FILL_AREA ( #643 ) ;
#3217 = ADVANCED_FACE ( 'NONE', ( #2419 ), #1407, .F. ) ;
#3218 = VECTOR ( 'NONE', #1061, 1000.000000000000000 ) ;
#3219 = UNCERTAINTY_MEASURE_WITH_UNIT (LENGTH_MEASURE( 1.000000000000000082E-05 ), #7085, 'distance_accuracy_value', 'NONE');
#3220 = CARTESIAN_POINT ( 'NONE',  ( 0.2772235536268231604, -0.0005137759536909594898, 4.065758146820641628E-17 ) ) ;
#3221 =( GEOMETRIC_REPRESENTATION_CONTEXT ( 3 ) GLOBAL_UNCERTAINTY_ASSIGNED_CONTEXT ( ( #4389 ) ) GLOBAL_UNIT_ASSIGNED_CONTEXT ( ( #6481, #5433, #910 ) ) REPRESENTATION_CONTEXT ( 'NONE', 'WORKASPACE' ) );
#3222 = VECTOR ( 'NONE', #6153, 1000.000000000000000 ) ;
#3223 = EDGE_LOOP ( 'NONE', ( #993, #6489, #1783, #3422, #5303, #2618, #1659, #6666, #2476, #4050, #798, #6530 ) ) ;
#3224 =( NAMED_UNIT ( * ) SI_UNIT ( $, .STERADIAN. ) SOLID_ANGLE_UNIT ( ) );
#3225 = DIRECTION ( 'NONE',  ( 1.000000000000000000, 0.000000000000000000, 0.000000000000000000 ) ) ;
#3226 = DIRECTION ( 'NONE',  ( 1.000000000000000000, 0.000000000000000000, -0.000000000000000000 ) ) ;
#3227 = CARTESIAN_POINT ( 'NONE',  ( -0.1568541282581289720, -0.01700885879199662970, 0.1000000000000000056 ) ) ;
#3228 = PRESENTATION_LAYER_ASSIGNMENT (  '', '', ( #890 ) ) ;
#3229 = CARTESIAN_POINT ( 'NONE',  ( -1.391402837117598379, -1.550000000000000266, 0.4151791245819074216 ) ) ;
#3230 = CARTESIAN_POINT ( 'NONE',  ( 0.2315112645590717000, -0.02139901414876799191, 0.1000000000000000056 ) ) ;
#3231 = VECTOR ( 'NONE', #2633, 1000.000000000000000 ) ;
#3232 = AXIS2_PLACEMENT_3D ( 'NONE', #6995, #851, #1396 ) ;
#3233 = DIRECTION ( 'NONE',  ( 0.1313264056488087639, 0.000000000000000000, -0.9913391827116311283 ) ) ;
#3234 = EDGE_LOOP ( 'NONE', ( #6698, #4165, #805, #5003 ) ) ;
#3235 = DIRECTION ( 'NONE',  ( 0.000000000000000000, 0.000000000000000000, -1.000000000000000000 ) ) ;
#3236 = AXIS2_PLACEMENT_3D ( 'NONE', #3411, #3363, #36 ) ;
#3237 = EDGE_CURVE ( 'NONE', #5574, #2171, #6540, .T. ) ;
#3238 = PLANE ( 'NONE',  #5202 ) ;
#3239 = VECTOR ( 'NONE', #6229, 1000.000000000000000 ) ;
#3240 =( NAMED_UNIT ( * ) SI_UNIT ( $, .STERADIAN. ) SOLID_ANGLE_UNIT ( ) );
#3241 = CARTESIAN_POINT ( 'NONE',  ( -0.1720567165697217960, 0.1749390115268092405, 0.000000000000000000 ) ) ;
#3242 =( LENGTH_UNIT ( ) NAMED_UNIT ( * ) SI_UNIT ( .MILLI., .METRE. ) );
#3243 = EDGE_CURVE ( 'NONE', #4601, #3611, #1032, .T. ) ;
#3244 = ORIENTED_EDGE ( 'NONE', *, *, #5524, .T. ) ;
#3245 = COLOUR_RGB ( '',0.7960784313725489669, 0.8235294117647058432, 0.9372549019607843146 ) ;
#3246 = B_SPLINE_CURVE_WITH_KNOTS ( 'NONE', 3,
 ( #7088, #5466, #6562, #114, #7002, #2230, #97, #6779, #4072, #5915, #4354, #7100, #4988, #6595, #1580, #4934, #1605, #6069, #7179 ),
 .UNSPECIFIED., .F., .F.,
 ( 4, 1, 1, 1, 1, 1, 1, 1, 1, 1, 1, 1, 1, 1, 1, 1, 4 ),
 ( 0.000000000000000000, 0.06455784592971902658, 0.1270135315497587514, 0.1879548102020905109, 0.2480139127896341389, 0.3077476818488373289, 0.3682345146974852490, 0.4294698439426694603, 0.4927434367465848286, 0.5562577687060831222, 0.6182167855431436321, 0.6796554755875549025, 0.7412455456206292759, 0.8034152647056966856, 0.8668154615439920274, 0.9323283119492650206, 0.9999999999999998890 ),
 .UNSPECIFIED. ) ;
#3247 = CARTESIAN_POINT ( 'NONE',  ( 0.2953253548752818314, 0.01884756530675891356, 0.1000000000000000056 ) ) ;
#3248 = CARTESIAN_POINT ( 'NONE',  ( 0.2880109071452101044, 0.009981052537586623460, 0.1000000000000000056 ) ) ;
#3249 = ORIENTED_EDGE ( 'NONE', *, *, #3474, .T. ) ;
#3250 = LINE ( 'NONE', #6829, #1678 ) ;
#3251 = DIRECTION ( 'NONE',  ( -0.000000000000000000, -1.000000000000000000, -0.000000000000000000 ) ) ;
#3252 =( NAMED_UNIT ( * ) SI_UNIT ( $, .STERADIAN. ) SOLID_ANGLE_UNIT ( ) );
#3253 =( LENGTH_UNIT ( ) NAMED_UNIT ( * ) SI_UNIT ( .MILLI., .METRE. ) );
#3254 = ORIENTED_EDGE ( 'NONE', *, *, #479, .F. ) ;
#3255 = CARTESIAN_POINT ( 'NONE',  ( -0.03408225236687983939, 0.1610528227079545405, 0.1000000000000000056 ) ) ;
#3256 = ADVANCED_FACE ( 'NONE', ( #7149 ), #7076, .T. ) ;
#3257 = UNCERTAINTY_MEASURE_WITH_UNIT (LENGTH_MEASURE( 1.000000000000000082E-05 ), #3582, 'distance_accuracy_value', 'NONE');
#3258 = CARTESIAN_POINT ( 'NONE',  ( -0.2161042037116477077, 0.08142072487880305798, 0.1000000000000000056 ) ) ;
#3259 = FILL_AREA_STYLE_COLOUR ( '', #2490 ) ;
#3260 = ORIENTED_EDGE ( 'NONE', *, *, #6408, .F. ) ;
#3261 = EDGE_CURVE ( 'NONE', #5748, #1591, #1971, .T. ) ;
#3262 = CARTESIAN_POINT ( 'NONE',  ( 0.07873826045363301052, 0.1815656432207750637, 0.000000000000000000 ) ) ;
#3263 = AXIS2_PLACEMENT_3D ( 'NONE', #5103, #4598, #1761 ) ;
#3264 =( NAMED_UNIT ( * ) SI_UNIT ( $, .STERADIAN. ) SOLID_ANGLE_UNIT ( ) );
#3265 = ORIENTED_EDGE ( 'NONE', *, *, #4035, .F. ) ;
#3266 = SURFACE_SIDE_STYLE ('',( #5095 ) ) ;
#3267 = CARTESIAN_POINT ( 'NONE',  ( -0.1304694008472044864, 0.1811817001312868991, 0.1000000000000000056 ) ) ;
#3268 = AXIS2_PLACEMENT_3D ( 'NONE', #5852, #1320, #6969 ) ;
#3269 = ORIENTED_EDGE ( 'NONE', *, *, #1228, .T. ) ;
#3270 = VECTOR ( 'NONE', #3503, 1000.000000000000000 ) ;
#3271 = ORIENTED_EDGE ( 'NONE', *, *, #540, .T. ) ;
#3272 = ORIENTED_EDGE ( 'NONE', *, *, #1195, .F. ) ;
#3273 = CARTESIAN_POINT ( 'NONE',  ( 0.2913000133422662397, 0.01390146756915284186, 0.000000000000000000 ) ) ;
#3274 = CARTESIAN_POINT ( 'NONE',  ( -0.2319525735250818066, 0.1037490691831604722, 0.000000000000000000 ) ) ;
#3275 = STYLED_ITEM ( 'NONE', ( #4558 ), #1965 ) ;
#3276 = SURFACE_STYLE_FILL_AREA ( #3187 ) ;
#3277 = CARTESIAN_POINT ( 'NONE',  ( 0.1626091379181525687, -0.01525392522839267608, 0.1000000000000000056 ) ) ;
#3278 = VERTEX_POINT ( 'NONE', #7161 ) ;
#3279 = DIRECTION ( 'NONE',  ( -0.000000000000000000, -0.000000000000000000, -1.000000000000000000 ) ) ;
#3280 = EDGE_CURVE ( 'NONE', #1146, #2231, #5771, .T. ) ;
#3281 = CARTESIAN_POINT ( 'NONE',  ( 0.2966869784023509760, 0.08136532270795453214, 1.355252715606880543E-17 ) ) ;
#3282 = CARTESIAN_POINT ( 'NONE',  ( -0.2324151638236609807, 0.05755209079424068730, 5.421010862427522170E-17 ) ) ;
#3283 = FACE_OUTER_BOUND ( 'NONE', #3140, .T. ) ;
#3284 = DIRECTION ( 'NONE',  ( 0.000000000000000000, 1.000000000000000000, 0.000000000000000000 ) ) ;
#3285 = LINE ( 'NONE', #1157, #2143 ) ;
#3286 = MECHANICAL_DESIGN_GEOMETRIC_PRESENTATION_REPRESENTATION (  '', ( #6888 ), #997 ) ;
#3287 = EDGE_CURVE ( 'NONE', #3077, #6396, #598, .T. ) ;
#3288 = CARTESIAN_POINT ( 'NONE',  ( -0.1694659061034080871, 0.1534720796501449214, 0.1000000000000000056 ) ) ;
#3289 = FACE_OUTER_BOUND ( 'NONE', #290, .T. ) ;
#3290 = LINE ( 'NONE', #5218, #3192 ) ;
#3291 = CARTESIAN_POINT ( 'NONE',  ( -0.1108851369822644178, 0.002078463733595553239, 0.000000000000000000 ) ) ;
#3292 = CARTESIAN_POINT ( 'NONE',  ( 0.1973522745792741784, 0.1659081931207602723, 0.1000000000000000056 ) ) ;
#3293 = CARTESIAN_POINT ( 'NONE',  ( 0.1933852950483345157, -0.02292943110077198463, 0.000000000000000000 ) ) ;
#3294 = CIRCLE ( 'NONE', #2862, 0.04000000000000010492 ) ;
#3295 = CARTESIAN_POINT ( 'NONE',  ( 0.2067831322485048362, -0.02356256190743008863, 0.1000000000000000056 ) ) ;
#3296 = VECTOR ( 'NONE', #3894, 1000.000000000000000 ) ;
#3297 = CARTESIAN_POINT ( 'NONE',  ( 0.06078954250491507005, 0.07900154065667248926, 0.1000000000000000056 ) ) ;
#3298 = CARTESIAN_POINT ( 'NONE',  ( 1.675252549177989714, 1.550000000000000266, 0.09999999999999995004 ) ) ;
#3299 = COLOUR_RGB ( '',0.7960784313725489669, 0.8235294117647058432, 0.9372549019607843146 ) ;
#3300 = MECHANICAL_DESIGN_GEOMETRIC_PRESENTATION_REPRESENTATION (  '', ( #302 ), #6842 ) ;
#3301 = ADVANCED_FACE ( 'NONE', ( #6629, #3117 ), #5549, .T. ) ;
#3302 = COLOUR_RGB ( '',0.1960784313725490169, 0.1960784313725490169, 0.1960784313725490169 ) ;
#3303 = LINE ( 'NONE', #2259, #3643 ) ;
#3304 = B_SPLINE_CURVE_WITH_KNOTS ( 'NONE', 3,
 ( #2482, #4146, #5321, #2432, #5249, #1903, #4734, #6952, #5823, #4177, #821, #4756, #5876, #5898, #2511, #4093, #6431, #3629, #3058, #6971, #4782, #2535, #6881, #3534, #198, #1861, #745 ),
 .UNSPECIFIED., .F., .F.,
 ( 4, 1, 1, 1, 1, 1, 1, 1, 1, 1, 1, 1, 1, 1, 1, 1, 1, 1, 1, 1, 1, 1, 1, 1, 4 ),
 ( 0.000000000000000000, 0.04395490890619430102, 0.08750187479760462850, 0.1304626267314902832, 0.1727520205665172559, 0.2154030673796033246, 0.2576498297432394669, 0.3001527489572936025, 0.3431214895020865407, 0.3859251632064336635, 0.4276857274028017519, 0.4688179504865898073, 0.5094918001549956221, 0.5498830310733489046, 0.5899800229668863416, 0.6304052300068399006, 0.6708686260826384196, 0.7113839438381759361, 0.7516272580635843248, 0.7917755768651916215, 0.8324589188037425647, 0.8733190450172881869, 0.9145429556263491300, 0.9569235582098846171, 1.000000000000000000 ),
 .UNSPECIFIED. ) ;
#3305 = EDGE_CURVE ( 'NONE', #2171, #781, #5099, .T. ) ;
#3306 = CARTESIAN_POINT ( 'NONE',  ( 2.000000000000000000, 1.550000000000000266, 0.05999999999999998390 ) ) ;
#3307 = SURFACE_STYLE_FILL_AREA ( #1930 ) ;
#3308 = CARTESIAN_POINT ( 'NONE',  ( -0.1872300166338195238, 0.1684399046987757054, 0.1000000000000000056 ) ) ;
#3309 = CARTESIAN_POINT ( 'NONE',  ( 0.1319343985951956233, 0.004598587567434045398, 0.1000000000000000056 ) ) ;
#3310 = CARTESIAN_POINT ( 'NONE',  ( -0.4494668677514952471, -0.01843435677922496130, 0.1000000000000000056 ) ) ;
#3311 = CARTESIAN_POINT ( 'NONE',  ( 0.2952134031231617439, 0.06410420754718919312, 0.1000000000000000056 ) ) ;
#3312 = CARTESIAN_POINT ( 'NONE',  ( -0.2309840668044007839, 0.05083176507751323292, 5.421010862427522170E-17 ) ) ;
#3313 = CARTESIAN_POINT ( 'NONE',  ( -1.589670673659924871, -1.550000000000000266, 0.4414444057116679865 ) ) ;
#3314 = CARTESIAN_POINT ( 'NONE',  ( -0.1856165610303621705, 0.1448797226038804065, 8.131516293641283255E-17 ) ) ;
#3315 = DIRECTION ( 'NONE',  ( -1.000000000000000000, -0.000000000000000000, -0.000000000000000000 ) ) ;
#3316 =( NAMED_UNIT ( * ) SI_UNIT ( $, .STERADIAN. ) SOLID_ANGLE_UNIT ( ) );
#3317 = LINE ( 'NONE', #6116, #6815 ) ;
#3318 = AXIS2_PLACEMENT_3D ( 'NONE', #3078, #6897, #3011 ) ;
#3319 = DIRECTION ( 'NONE',  ( 0.000000000000000000, 0.000000000000000000, -1.000000000000000000 ) ) ;
#3320 = CARTESIAN_POINT ( 'NONE',  ( -0.1319588549309823888, -0.01843435677922496130, 0.1000000000000000056 ) ) ;
#3321 = LINE ( 'NONE', #1109, #3222 ) ;
#3322 = EDGE_LOOP ( 'NONE', ( #283, #5657, #2023, #1076, #4133, #3688, #2473, #913, #6242, #6790, #6517, #2360 ) ) ;
#3323 = DIRECTION ( 'NONE',  ( 0.000000000000000000, 0.000000000000000000, 1.000000000000000000 ) ) ;
#3324 = VECTOR ( 'NONE', #4005, 1000.000000000000000 ) ;
#3325 = CARTESIAN_POINT ( 'NONE',  ( -0.2340415434042318332, 0.08188806808683374294, 0.000000000000000000 ) ) ;
#3326 = LINE ( 'NONE', #3406, #6400 ) ;
#3327 = VECTOR ( 'NONE', #5998, 1000.000000000000000 ) ;
#3328 = CARTESIAN_POINT ( 'NONE',  ( 0.1197639014792740431, 0.01838455347718529614, 0.000000000000000000 ) ) ;
#3329 = CARTESIAN_POINT ( 'NONE',  ( -0.1999973363988268860, 0.02862601631947683800, 0.1000000000000000056 ) ) ;
#3330 = ORIENTED_EDGE ( 'NONE', *, *, #3531, .F. ) ;
#3331 = PRESENTATION_LAYER_ASSIGNMENT (  '', '', ( #573 ) ) ;
#3332 = ORIENTED_EDGE ( 'NONE', *, *, #2831, .T. ) ;
#3333 = CARTESIAN_POINT ( 'NONE',  ( 0.1197639014792740431, 0.01838455347718529614, 0.000000000000000000 ) ) ;
#3334 = CARTESIAN_POINT ( 'NONE',  ( 0.2290912338580530783, 0.1849849533657699774, 0.1000000000000000056 ) ) ;
#3335 = CARTESIAN_POINT ( 'NONE',  ( 1.476984712635663444, -0.1350000000000001477, 0.07373471887023939908 ) ) ;
#3336 = AXIS2_PLACEMENT_3D ( 'NONE', #6081, #5123, #615 ) ;
#3337 = FACE_OUTER_BOUND ( 'NONE', #5528, .T. ) ;
#3338 =( GEOMETRIC_REPRESENTATION_CONTEXT ( 3 ) GLOBAL_UNCERTAINTY_ASSIGNED_CONTEXT ( ( #494 ) ) GLOBAL_UNIT_ASSIGNED_CONTEXT ( ( #2095, #4947, #6582 ) ) REPRESENTATION_CONTEXT ( 'NONE', 'WORKASPACE' ) );
#3339 = EDGE_CURVE ( 'NONE', #1326, #1329, #413, .T. ) ;
#3340 = CARTESIAN_POINT ( 'NONE',  ( 0.1354690296844022757, 0.03028359193872376398, 0.1000000000000000056 ) ) ;
#3341 = EDGE_LOOP ( 'NONE', ( #4075, #3520, #3865, #4411 ) ) ;
#3342 = DIRECTION ( 'NONE',  ( -1.000000000000000000, 0.000000000000000000, 0.000000000000000000 ) ) ;
#3343 = CARTESIAN_POINT ( 'NONE',  ( -0.1019909062130336941, 0.1610528227079545405, 0.1000000000000000056 ) ) ;
#3344 = CARTESIAN_POINT ( 'NONE',  ( -1.589670673659924871, 1.149999999999999911, 0.4414444057116679865 ) ) ;
#3345 = EDGE_CURVE ( 'NONE', #4061, #818, #419, .T. ) ;
#3346 = ORIENTED_EDGE ( 'NONE', *, *, #1598, .F. ) ;
#3347 = EDGE_LOOP ( 'NONE', ( #144, #1612, #1555, #1686, #2678, #2832, #1172, #1165, #6846, #6007, #1496, #7227 ) ) ;
#3348 = EDGE_CURVE ( 'NONE', #215, #3378, #1291, .T. ) ;
#3349 = CARTESIAN_POINT ( 'NONE',  ( 0.1688406296742344659, 0.1584870181495188768, 0.1000000000000000056 ) ) ;
#3350 = PRESENTATION_STYLE_ASSIGNMENT (( #869 ) ) ;
#3351 = CARTESIAN_POINT ( 'NONE',  ( -0.2094787726897268387, 0.1507261676388193805, 0.000000000000000000 ) ) ;
#3352 = VERTEX_POINT ( 'NONE', #4497 ) ;
#3353 = UNCERTAINTY_MEASURE_WITH_UNIT (LENGTH_MEASURE( 1.000000000000000082E-05 ), #7001, 'distance_accuracy_value', 'NONE');
#3354 = ORIENTED_EDGE ( 'NONE', *, *, #4786, .T. ) ;
#3355 = ORIENTED_EDGE ( 'NONE', *, *, #1921, .F. ) ;
#3356 =( NAMED_UNIT ( * ) SI_UNIT ( $, .STERADIAN. ) SOLID_ANGLE_UNIT ( ) );
#3357 =( NAMED_UNIT ( * ) PLANE_ANGLE_UNIT ( ) SI_UNIT ( $, .RADIAN. ) );
#3358 = CARTESIAN_POINT ( 'NONE',  ( -2.000000000000000000, 0.6500000000000001332, 0.06000000000000001166 ) ) ;
#3359 = SURFACE_STYLE_USAGE ( .BOTH. , #6233 ) ;
#3360 = ORIENTED_EDGE ( 'NONE', *, *, #4444, .F. ) ;
#3361 = AXIS2_PLACEMENT_3D ( 'NONE', #1443, #284, #6917 ) ;
#3362 = ORIENTED_EDGE ( 'NONE', *, *, #3048, .F. ) ;
#3363 = DIRECTION ( 'NONE',  ( -1.000000000000000000, -1.112002228190260952E-16, 0.000000000000000000 ) ) ;
#3364 = ORIENTED_EDGE ( 'NONE', *, *, #1963, .F. ) ;
#3365 = MECHANICAL_DESIGN_GEOMETRIC_PRESENTATION_REPRESENTATION (  '', ( #2974 ), #2846 ) ;
#3366 =( LENGTH_UNIT ( ) NAMED_UNIT ( * ) SI_UNIT ( .MILLI., .METRE. ) );
#3367 = CARTESIAN_POINT ( 'NONE',  ( 0.3084481639917725504, 0.04400037210176452329, 0.1000000000000000056 ) ) ;
#3368 = CARTESIAN_POINT ( 'NONE',  ( -0.1054366488764533205, 0.1610424807464979902, 0.000000000000000000 ) ) ;
#3369 = ORIENTED_EDGE ( 'NONE', *, *, #4378, .T. ) ;
#3370 = PLANE ( 'NONE',  #1481 ) ;
#3371 =( NAMED_UNIT ( * ) PLANE_ANGLE_UNIT ( ) SI_UNIT ( $, .RADIAN. ) );
#3372 = CARTESIAN_POINT ( 'NONE',  ( 1.675252549177989714, -1.485000000000000320, 0.09999999999999995004 ) ) ;
#3373 = ORIENTED_EDGE ( 'NONE', *, *, #6575, .F. ) ;
#3374 = ORIENTED_EDGE ( 'NONE', *, *, #1504, .T. ) ;
#3375 = AXIS2_PLACEMENT_3D ( 'NONE', #6524, #7068, #1655 ) ;
#3376 = SURFACE_SIDE_STYLE ('',( #4739 ) ) ;
#3377 = COLOUR_RGB ( '',0.7960784313725489669, 0.8235294117647058432, 0.9372549019607843146 ) ;
#3378 = VERTEX_POINT ( 'NONE', #5672 ) ;
#3379 = CARTESIAN_POINT ( 'NONE',  ( 1.300000000000000266, -0.1350000000000001477, 0.6151791245819069331 ) ) ;
#3380 = CARTESIAN_POINT ( 'NONE',  ( -0.2094787726897268387, 0.1507261676388193805, 0.1000000000000000056 ) ) ;
#3381 = VECTOR ( 'NONE', #6488, 1000.000000000000000 ) ;
#3382 = DIRECTION ( 'NONE',  ( -0.000000000000000000, -0.000000000000000000, -1.000000000000000000 ) ) ;
#3383 = MECHANICAL_DESIGN_GEOMETRIC_PRESENTATION_REPRESENTATION (  '', ( #4120 ), #3128 ) ;
#3384 = CARTESIAN_POINT ( 'NONE',  ( 0.2712836152879922746, 0.02100093670058315182, 1.355252715606880543E-17 ) ) ;
#3385 = CARTESIAN_POINT ( 'NONE',  ( -0.2130135630068628050, 0.05407474544798827887, 0.1000000000000000056 ) ) ;
#3386 =( NAMED_UNIT ( * ) SI_UNIT ( $, .STERADIAN. ) SOLID_ANGLE_UNIT ( ) );
#3387 = STYLED_ITEM ( 'NONE', ( #4672 ), #6912 ) ;
#3388 = EDGE_CURVE ( 'NONE', #6898, #2820, #7054, .T. ) ;
#3389 = DIRECTION ( 'NONE',  ( -0.9858007149796098600, 0.000000000000000000, 0.1679194757783926129 ) ) ;
#3390 = CIRCLE ( 'NONE', #5779, 0.04000000000000004940 ) ;
#3391 = DIRECTION ( 'NONE',  ( 0.4285960263555439465, -0.9034962347415942396, 0.000000000000000000 ) ) ;
#3392 = PLANE ( 'NONE',  #4422 ) ;
#3393 = CARTESIAN_POINT ( 'NONE',  ( 2.000000000000000000, 0.9500000000000000666, -0.09999999999999995004 ) ) ;
#3394 = VECTOR ( 'NONE', #6527, 1000.000000000000000 ) ;
#3395 = DIRECTION ( 'NONE',  ( -0.4190581774617470057, -0.9079593845004517716, 0.000000000000000000 ) ) ;
#3396 = CARTESIAN_POINT ( 'NONE',  ( 1.300000000000000044, 1.550000000000000266, 0.4551791245819071796 ) ) ;
#3397 = DIRECTION ( 'NONE',  ( 0.000000000000000000, -0.000000000000000000, 1.000000000000000000 ) ) ;
#3398 = COLOUR_RGB ( '',0.7960784313725489669, 0.8235294117647058432, 0.9372549019607843146 ) ;
#3399 = SURFACE_STYLE_USAGE ( .BOTH. , #2291 ) ;
#3400 = DIRECTION ( 'NONE',  ( 0.1313264056488086529, -0.000000000000000000, 0.9913391827116310173 ) ) ;
#3401 = UNCERTAINTY_MEASURE_WITH_UNIT (LENGTH_MEASURE( 1.000000000000000082E-05 ), #1657, 'distance_accuracy_value', 'NONE');
#3402 = EDGE_LOOP ( 'NONE', ( #1152, #3711, #3617, #3625 ) ) ;
#3403 = SURFACE_SIDE_STYLE ('',( #4808 ) ) ;
#3404 = EDGE_CURVE ( 'NONE', #6396, #293, #5859, .T. ) ;
#3405 = VECTOR ( 'NONE', #7216, 1000.000000000000000 ) ;
#3406 = CARTESIAN_POINT ( 'NONE',  ( -2.000000000000000000, -1.150000000000000133, 0.06000000000000001166 ) ) ;
#3407 = CARTESIAN_POINT ( 'NONE',  ( -0.2154067214144711473, 0.06611390382956523759, 0.000000000000000000 ) ) ;
#3408 =( NAMED_UNIT ( * ) PLANE_ANGLE_UNIT ( ) SI_UNIT ( $, .RADIAN. ) );
#3409 = CARTESIAN_POINT ( 'NONE',  ( 0.2912170947844905378, 0.1491522884562202222, 0.1000000000000000056 ) ) ;
#3410 = PRESENTATION_STYLE_ASSIGNMENT (( #4958 ) ) ;
#3411 = CARTESIAN_POINT ( 'NONE',  ( 1.299999999999999600, 1.949999999999999956, 1.100000000000000089 ) ) ;
#3412 =( NAMED_UNIT ( * ) PLANE_ANGLE_UNIT ( ) SI_UNIT ( $, .RADIAN. ) );
#3413 = CARTESIAN_POINT ( 'NONE',  ( 2.000000000000000000, -1.485000000000000320, 0.05999999999999998390 ) ) ;
#3414 = STYLED_ITEM ( 'NONE', ( #2745 ), #4708 ) ;
#3415 = COLOUR_RGB ( '',0.1960784313725490169, 0.1960784313725490169, 0.1960784313725490169 ) ;
#3416 = CARTESIAN_POINT ( 'NONE',  ( 1.300000000000000266, -1.485000000000000320, 0.6151791245819069331 ) ) ;
#3417 = CARTESIAN_POINT ( 'NONE',  ( -0.1680566113412387819, 0.007166604759236580753, 0.000000000000000000 ) ) ;
#3418 = AXIS2_PLACEMENT_3D ( 'NONE', #5932, #4155, #6438 ) ;
#3419 = FACE_OUTER_BOUND ( 'NONE', #3158, .T. ) ;
#3420 = FILL_AREA_STYLE_COLOUR ( '', #6031 ) ;
#3421 = CARTESIAN_POINT ( 'NONE',  ( -0.06997968826431572031, 0.1815656432207750637, 0.1000000000000000056 ) ) ;
#3422 = ORIENTED_EDGE ( 'NONE', *, *, #2224, .F. ) ;
#3423 = EDGE_CURVE ( 'NONE', #4954, #2024, #5253, .T. ) ;
#3424 = CARTESIAN_POINT ( 'NONE',  ( 2.000000000000000000, 1.874603525433344187, 0.000000000000000000 ) ) ;
#3425 =( NAMED_UNIT ( * ) PLANE_ANGLE_UNIT ( ) SI_UNIT ( $, .RADIAN. ) );
#3426 = CARTESIAN_POINT ( 'NONE',  ( -0.2144144535310540944, 0.05996783450032986545, 0.1000000000000000056 ) ) ;
#3427 = FILL_AREA_STYLE ('',( #660 ) ) ;
#3428 = EDGE_LOOP ( 'NONE', ( #1593, #5576, #2969, #4324 ) ) ;
#3429 = FILL_AREA_STYLE ('',( #6211 ) ) ;
#3430 = LINE ( 'NONE', #2628, #3778 ) ;
#3431 = ORIENTED_EDGE ( 'NONE', *, *, #6772, .F. ) ;
#3432 = ORIENTED_EDGE ( 'NONE', *, *, #134, .F. ) ;
#3433 = CARTESIAN_POINT ( 'NONE',  ( -0.2219506972203794670, 0.1326132887578431174, 0.000000000000000000 ) ) ;
#3434 = EDGE_LOOP ( 'NONE', ( #6781, #57, #218, #4610 ) ) ;
#3435 = DIRECTION ( 'NONE',  ( -1.000000000000000000, 0.000000000000000000, 0.000000000000000000 ) ) ;
#3436 = EDGE_CURVE ( 'NONE', #2386, #1591, #4463, .T. ) ;
#3437 = EDGE_CURVE ( 'NONE', #5484, #1326, #3196, .T. ) ;
#3438 = VERTEX_POINT ( 'NONE', #2229 ) ;
#3439 = DIRECTION ( 'NONE',  ( 0.000000000000000000, 0.000000000000000000, -1.000000000000000000 ) ) ;
#3440 = VERTEX_POINT ( 'NONE', #46 ) ;
#3441 =( LENGTH_UNIT ( ) NAMED_UNIT ( * ) SI_UNIT ( .MILLI., .METRE. ) );
#3442 = DIRECTION ( 'NONE',  ( -0.000000000000000000, -1.000000000000000000, -0.000000000000000000 ) ) ;
#3443 = VERTEX_POINT ( 'NONE', #2274 ) ;
#3444 = SURFACE_STYLE_FILL_AREA ( #5895 ) ;
#3445 = ORIENTED_EDGE ( 'NONE', *, *, #5519, .T. ) ;
#3446 = CARTESIAN_POINT ( 'NONE',  ( -1.476984712635663444, 1.550000000000000044, 0.07373471887023946847 ) ) ;
#3447 = ORIENTED_EDGE ( 'NONE', *, *, #4194, .F. ) ;
#3448 = CARTESIAN_POINT ( 'NONE',  ( 0.2824202413922963228, 0.03381576597258217909, 1.355252715606880543E-17 ) ) ;
#3449 = CARTESIAN_POINT ( 'NONE',  ( 0.1365893661618995947, 0.1341828927788909775, -0.000000000000000000 ) ) ;
#3450 =( NAMED_UNIT ( * ) PLANE_ANGLE_UNIT ( ) SI_UNIT ( $, .RADIAN. ) );
#3451 = VECTOR ( 'NONE', #1754, 1000.000000000000000 ) ;
#3452 = ADVANCED_FACE ( 'NONE', ( #2606 ), #590, .T. ) ;
#3453 = VERTEX_POINT ( 'NONE', #6705 ) ;
#3454 = PLANE ( 'NONE',  #2409 ) ;
#3455 = CARTESIAN_POINT ( 'NONE',  ( -0.1108851369822644178, 0.002078463733595553239, 0.1000000000000000056 ) ) ;
#3456 = COLOUR_RGB ( '',0.7960784313725489669, 0.8235294117647058432, 0.9372549019607843146 ) ;
#3457 = CARTESIAN_POINT ( 'NONE',  ( 1.675252549177989714, -0.1350000000000001477, 0.05999999999999984512 ) ) ;
#3458 = CARTESIAN_POINT ( 'NONE',  ( 1.589670673659924649, -0.9350000000000001643, 0.4414444057116678755 ) ) ;
#3459 = CARTESIAN_POINT ( 'NONE',  ( -1.675252549177989936, -1.550000000000000266, 0.05999999999999992839 ) ) ;
#3460 = PRESENTATION_STYLE_ASSIGNMENT (( #6147 ) ) ;
#3461 = LINE ( 'NONE', #2458, #4404 ) ;
#3462 = EDGE_LOOP ( 'NONE', ( #1511, #4690, #7206, #6681 ) ) ;
#3463 = LINE ( 'NONE', #2401, #490 ) ;
#3464 = CARTESIAN_POINT ( 'NONE',  ( -0.1304690960996597038, 0.1602981005011881177, 0.1000000000000000056 ) ) ;
#3465 = VECTOR ( 'NONE', #2064, 1000.000000000000000 ) ;
#3466 = CARTESIAN_POINT ( 'NONE',  ( -2.000000000000000000, 0.2500000000000001110, 0.06000000000000001166 ) ) ;
#3467 =( GEOMETRIC_REPRESENTATION_CONTEXT ( 3 ) GLOBAL_UNCERTAINTY_ASSIGNED_CONTEXT ( ( #1650 ) ) GLOBAL_UNIT_ASSIGNED_CONTEXT ( ( #3632, #826, #6435 ) ) REPRESENTATION_CONTEXT ( 'NONE', 'WORKASPACE' ) );
#3468 = CARTESIAN_POINT ( 'NONE',  ( 0.2047255470383804454, 0.1866662975952163295, 0.1000000000000000056 ) ) ;
#3469 =( GEOMETRIC_REPRESENTATION_CONTEXT ( 3 ) GLOBAL_UNCERTAINTY_ASSIGNED_CONTEXT ( ( #1738 ) ) GLOBAL_UNIT_ASSIGNED_CONTEXT ( ( #5425, #2035, #5973 ) ) REPRESENTATION_CONTEXT ( 'NONE', 'WORKASPACE' ) );
#3470 = CARTESIAN_POINT ( 'NONE',  ( 0.2424084926849147115, 0.002843500369605509066, 1.355252715606880543E-17 ) ) ;
#3471 = DIRECTION ( 'NONE',  ( 0.000000000000000000, 1.000000000000000000, 0.000000000000000000 ) ) ;
#3472 = VECTOR ( 'NONE', #3038, 1000.000000000000000 ) ;
#3473 = STYLED_ITEM ( 'NONE', ( #5796 ), #7063 ) ;
#3474 = EDGE_CURVE ( 'NONE', #5833, #2349, #3207, .T. ) ;
#3475 = DIRECTION ( 'NONE',  ( -0.000000000000000000, -1.000000000000000000, -0.000000000000000000 ) ) ;
#3476 = CIRCLE ( 'NONE', #5366, 0.1999999999999999833 ) ;
#3477 = COLOUR_RGB ( '',0.7960784313725489669, 0.8235294117647058432, 0.9372549019607843146 ) ;
#3478 = EDGE_CURVE ( 'NONE', #6916, #648, #1879, .T. ) ;
#3479 = DIRECTION ( 'NONE',  ( -0.9939078161906819142, 0.000000000000000000, -0.1102145766905164165 ) ) ;
#3480 = VECTOR ( 'NONE', #4043, 1000.000000000000000 ) ;
#3481 = UNCERTAINTY_MEASURE_WITH_UNIT (LENGTH_MEASURE( 1.000000000000000082E-05 ), #6280, 'distance_accuracy_value', 'NONE');
#3482 = EDGE_CURVE ( 'NONE', #5949, #6577, #2116, .T. ) ;
#3483 = CARTESIAN_POINT ( 'NONE',  ( -0.1751999444567714503, 0.1510140287165008255, 0.1000000000000000056 ) ) ;
#3484 = CARTESIAN_POINT ( 'NONE',  ( 1.476984712635663444, 0.9500000000000000666, 0.07373471887023937132 ) ) ;
#3485 = ORIENTED_EDGE ( 'NONE', *, *, #4148, .F. ) ;
#3486 = SURFACE_STYLE_FILL_AREA ( #6131 ) ;
#3487 = CARTESIAN_POINT ( 'NONE',  ( 0.2960188644429189719, 0.09297819972322263204, 0.000000000000000000 ) ) ;
#3488 = CARTESIAN_POINT ( 'NONE',  ( -0.2027477689515817250, 0.002251761639257783120, 0.1000000000000000056 ) ) ;
#3489 = EDGE_CURVE ( 'NONE', #300, #361, #2686, .T. ) ;
#3490 =( GEOMETRIC_REPRESENTATION_CONTEXT ( 3 ) GLOBAL_UNCERTAINTY_ASSIGNED_CONTEXT ( ( #2083 ) ) GLOBAL_UNIT_ASSIGNED_CONTEXT ( ( #3944, #7240, #1683 ) ) REPRESENTATION_CONTEXT ( 'NONE', 'WORKASPACE' ) );
#3491 = DIRECTION ( 'NONE',  ( 0.000000000000000000, 1.000000000000000000, -0.000000000000000000 ) ) ;
#3492 = EDGE_LOOP ( 'NONE', ( #2729, #5842, #3891, #1694, #1410, #1674 ) ) ;
#3493 = AXIS2_PLACEMENT_3D ( 'NONE', #3763, #5486, #2094 ) ;
#3494 = LINE ( 'NONE', #6191, #6048 ) ;
#3495 = CARTESIAN_POINT ( 'NONE',  ( 2.000000000000000000, 0.9500000000000000666, 0.05999999999999998390 ) ) ;
#3496 = DIRECTION ( 'NONE',  ( -1.000000000000000000, 0.000000000000000000, -0.000000000000000000 ) ) ;
#3497 = VERTEX_POINT ( 'NONE', #4010 ) ;
#3498 = VERTEX_POINT ( 'NONE', #3507 ) ;
#3499 = CARTESIAN_POINT ( 'NONE',  ( -1.246238145344578996, -1.949999999999999956, 1.100000000000000089 ) ) ;
#3500 = PRESENTATION_LAYER_ASSIGNMENT (  '', '', ( #5506 ) ) ;
#3501 = CARTESIAN_POINT ( 'NONE',  ( 0.2964733079277591110, 0.07260538529240301298, 0.1000000000000000056 ) ) ;
#3502 = VECTOR ( 'NONE', #2075, 1000.000000000000000 ) ;
#3503 = DIRECTION ( 'NONE',  ( -1.000000000000000000, 0.000000000000000000, 0.000000000000000000 ) ) ;
#3504 = ORIENTED_EDGE ( 'NONE', *, *, #1158, .T. ) ;
#3505 = SURFACE_SIDE_STYLE ('',( #3203 ) ) ;
#3506 = CARTESIAN_POINT ( 'NONE',  ( 0.2629644968871500121, 0.1487378434766042645, 0.000000000000000000 ) ) ;
#3507 = CARTESIAN_POINT ( 'NONE',  ( -0.03408225236687983939, 0.07900154065667248926, 0.000000000000000000 ) ) ;
#3508 = EDGE_CURVE ( 'NONE', #4731, #2479, #4087, .T. ) ;
#3509 = CARTESIAN_POINT ( 'NONE',  ( -0.2112262148573670895, 0.04843422209634973274, 0.000000000000000000 ) ) ;
#3510 = ORIENTED_EDGE ( 'NONE', *, *, #6755, .F. ) ;
#3511 = MECHANICAL_DESIGN_GEOMETRIC_PRESENTATION_REPRESENTATION (  '', ( #2261 ), #2630 ) ;
#3512 = EDGE_CURVE ( 'NONE', #208, #215, #6887, .T. ) ;
#3513 = ORIENTED_EDGE ( 'NONE', *, *, #3243, .F. ) ;
#3514 =( LENGTH_UNIT ( ) NAMED_UNIT ( * ) SI_UNIT ( .MILLI., .METRE. ) );
#3515 = CARTESIAN_POINT ( 'NONE',  ( 0.2089341989375164410, -0.02354759090424213275, 0.1000000000000000056 ) ) ;
#3516 = LINE ( 'NONE', #6019, #1925 ) ;
#3517 = CARTESIAN_POINT ( 'NONE',  ( -0.2340822523668798227, 0.07904160475923659168, 0.000000000000000000 ) ) ;
#3518 = ORIENTED_EDGE ( 'NONE', *, *, #6850, .F. ) ;
#3519 = PLANE ( 'NONE',  #5605 ) ;
#3520 = ORIENTED_EDGE ( 'NONE', *, *, #6484, .F. ) ;
#3521 = ORIENTED_EDGE ( 'NONE', *, *, #3922, .T. ) ;
#3522 = CARTESIAN_POINT ( 'NONE',  ( 0.2532025392429991806, 0.1549058889980234888, -1.355252715606880543E-17 ) ) ;
#3523 = CARTESIAN_POINT ( 'NONE',  ( -0.1680566113412387819, 0.007166604759236580753, 0.1000000000000000056 ) ) ;
#3524 = DIRECTION ( 'NONE',  ( 0.000000000000000000, 0.000000000000000000, 1.000000000000000000 ) ) ;
#3525 = ORIENTED_EDGE ( 'NONE', *, *, #5239, .F. ) ;
#3526 = CARTESIAN_POINT ( 'NONE',  ( -0.1986356905913589377, 0.1326460924026069133, 0.1000000000000000056 ) ) ;
#3527 = DIRECTION ( 'NONE',  ( 1.000000000000000000, 0.000000000000000000, 0.000000000000000000 ) ) ;
#3528 = CARTESIAN_POINT ( 'NONE',  ( 1.675252549177989714, -0.1350000000000001477, 0.05999999999999984512 ) ) ;
#3529 = ORIENTED_EDGE ( 'NONE', *, *, #214, .T. ) ;
#3530 = ORIENTED_EDGE ( 'NONE', *, *, #4673, .T. ) ;
#3531 = EDGE_CURVE ( 'NONE', #1077, #3438, #2945, .T. ) ;
#3532 = FILL_AREA_STYLE_COLOUR ( '', #3302 ) ;
#3533 = AXIS2_PLACEMENT_3D ( 'NONE', #5049, #1640, #1664 ) ;
#3534 = CARTESIAN_POINT ( 'NONE',  ( 0.2960188644429189719, 0.09297819972322263204, 0.1000000000000000056 ) ) ;
#3535 = EDGE_LOOP ( 'NONE', ( #6002, #3432, #7021, #6503 ) ) ;
#3536 = CARTESIAN_POINT ( 'NONE',  ( 0.1361368906610620211, 0.1625477761634819274, -1.355252715606880543E-17 ) ) ;
#3537 = ORIENTED_EDGE ( 'NONE', *, *, #664, .T. ) ;
#3538 = FILL_AREA_STYLE ('',( #4594 ) ) ;
#3539 = CARTESIAN_POINT ( 'NONE',  ( -1.391402837117598157, 0.6500000000000001332, 0.4151791245819074216 ) ) ;
#3540 =( NAMED_UNIT ( * ) SI_UNIT ( $, .STERADIAN. ) SOLID_ANGLE_UNIT ( ) );
#3541 = ORIENTED_EDGE ( 'NONE', *, *, #5153, .T. ) ;
#3542 = CARTESIAN_POINT ( 'NONE',  ( -0.2270202573912332988, 0.03802259580719256210, 0.000000000000000000 ) ) ;
#3543 = LINE ( 'NONE', #3597, #7134 ) ;
#3544 = ADVANCED_FACE ( 'NONE', ( #6209 ), #854, .F. ) ;
#3545 = PRESENTATION_STYLE_ASSIGNMENT (( #4372 ) ) ;
#3546 = PRESENTATION_LAYER_ASSIGNMENT (  '', '', ( #4409 ) ) ;
#3547 = CARTESIAN_POINT ( 'NONE',  ( 0.2674232379112174707, 0.1452881808229027349, 0.1000000000000000056 ) ) ;
#3548 = EDGE_LOOP ( 'NONE', ( #5910, #461, #6263, #1007 ) ) ;
#3549 = DIRECTION ( 'NONE',  ( 0.000000000000000000, -1.000000000000000000, 0.000000000000000000 ) ) ;
#3550 = MECHANICAL_DESIGN_GEOMETRIC_PRESENTATION_REPRESENTATION (  '', ( #4847 ), #5212 ) ;
#3551 = CARTESIAN_POINT ( 'NONE',  ( -0.1805572982162080287, 0.1481176469403770457, 0.1000000000000000056 ) ) ;
#3552 = VECTOR ( 'NONE', #5085, 1000.000000000000114 ) ;
#3553 = ADVANCED_FACE ( 'NONE', ( #6122 ), #4736, .F. ) ;
#3554 =( NAMED_UNIT ( * ) PLANE_ANGLE_UNIT ( ) SI_UNIT ( $, .RADIAN. ) );
#3555 = VECTOR ( 'NONE', #1561, 1000.000000000000000 ) ;
#3556 = CARTESIAN_POINT ( 'NONE',  ( 1.635598981869524238, 1.550000000000000266, 0.09474694377404781209 ) ) ;
#3557 = VECTOR ( 'NONE', #2012, 1000.000000000000000 ) ;
#3558 = CARTESIAN_POINT ( 'NONE',  ( 0.1934482241979696426, 0.1860799841033173585, 0.1000000000000000056 ) ) ;
#3559 =( NAMED_UNIT ( * ) SI_UNIT ( $, .STERADIAN. ) SOLID_ANGLE_UNIT ( ) );
#3560 = LINE ( 'NONE', #2353, #5768 ) ;
#3561 = CARTESIAN_POINT ( 'NONE',  ( -0.1786830733678304028, 0.01139766719802832312, 0.000000000000000000 ) ) ;
#3562 = PRESENTATION_LAYER_ASSIGNMENT (  '', '', ( #6336 ) ) ;
#3563 = VECTOR ( 'NONE', #513, 1000.000000000000000 ) ;
#3564 = CARTESIAN_POINT ( 'NONE',  ( 0.2001769471929618627, 0.1866117636527248602, 0.1000000000000000056 ) ) ;
#3565 = ORIENTED_EDGE ( 'NONE', *, *, #406, .F. ) ;
#3566 = LINE ( 'NONE', #2329, #6806 ) ;
#3567 = CARTESIAN_POINT ( 'NONE',  ( 0.2482907942674005275, -0.01693245624732514151, 4.065758146820641628E-17 ) ) ;
#3568 = CARTESIAN_POINT ( 'NONE',  ( 2.000000000000000000, -0.1350000000000001477, 0.05999999999999998390 ) ) ;
#3569 = CARTESIAN_POINT ( 'NONE',  ( 0.000000000000000000, 0.000000000000000000, 0.1000000000000000056 ) ) ;
#3570 = COLOUR_RGB ( '',0.7960784313725489669, 0.8235294117647058432, 0.9372549019607843146 ) ;
#3571 = UNCERTAINTY_MEASURE_WITH_UNIT (LENGTH_MEASURE( 1.000000000000000082E-05 ), #1499, 'distance_accuracy_value', 'NONE');
#3572 = VECTOR ( 'NONE', #7112, 1000.000000000000000 ) ;
#3573 = EDGE_CURVE ( 'NONE', #4438, #122, #504, .T. ) ;
#3574 = CARTESIAN_POINT ( 'NONE',  ( -1.300000000000000044, -1.150000000000000133, 0.4551791245819074017 ) ) ;
#3575 = EDGE_CURVE ( 'NONE', #6176, #4057, #3738, .T. ) ;
#3576 = DIRECTION ( 'NONE',  ( 0.000000000000000000, -0.1634146890614257830, -0.9865574688779956691 ) ) ;
#3577 = PRESENTATION_STYLE_ASSIGNMENT (( #2136 ) ) ;
#3578 = DIRECTION ( 'NONE',  ( -0.000000000000000000, -1.000000000000000000, -0.000000000000000000 ) ) ;
#3579 = FACE_OUTER_BOUND ( 'NONE', #1432, .T. ) ;
#3580 = ADVANCED_FACE ( 'NONE', ( #7242 ), #2486, .T. ) ;
#3581 = LINE ( 'NONE', #4862, #4387 ) ;
#3582 =( LENGTH_UNIT ( ) NAMED_UNIT ( * ) SI_UNIT ( .MILLI., .METRE. ) );
#3583 =( LENGTH_UNIT ( ) NAMED_UNIT ( * ) SI_UNIT ( .MILLI., .METRE. ) );
#3584 = ORIENTED_EDGE ( 'NONE', *, *, #3191, .F. ) ;
#3585 = SURFACE_STYLE_FILL_AREA ( #5104 ) ;
#3586 = ADVANCED_FACE ( 'NONE', ( #6113 ), #3924, .F. ) ;
#3587 = PRESENTATION_LAYER_ASSIGNMENT (  '', '', ( #1330 ) ) ;
#3588 = CARTESIAN_POINT ( 'NONE',  ( 0.1541085966160668230, 0.1502583423208675717, 0.1000000000000000056 ) ) ;
#3589 = AXIS2_PLACEMENT_3D ( 'NONE', #3446, #2861, #6750 ) ;
#3590 = CARTESIAN_POINT ( 'NONE',  ( -0.2182301568346429188, 0.02066004394562526505, 0.000000000000000000 ) ) ;
#3591 = ORIENTED_EDGE ( 'NONE', *, *, #5320, .F. ) ;
#3592 = DIRECTION ( 'NONE',  ( -0.000000000000000000, -1.000000000000000000, -0.000000000000000000 ) ) ;
#3593 = LINE ( 'NONE', #5862, #2815 ) ;
#3594 = SURFACE_STYLE_USAGE ( .BOTH. , #3049 ) ;
#3595 = CARTESIAN_POINT ( 'NONE',  ( 0.000000000000000000, 0.000000000000000000, 0.000000000000000000 ) ) ;
#3596 = CARTESIAN_POINT ( 'NONE',  ( -1.589670673659924871, 0.6500000000000001332, 0.4414444057116679865 ) ) ;
#3597 = CARTESIAN_POINT ( 'NONE',  ( 1.391402837117596825, -0.1350000000000001477, 0.4551791245819072351 ) ) ;
#3598 = STYLED_ITEM ( 'NONE', ( #4496 ), #5299 ) ;
#3599 = EDGE_LOOP ( 'NONE', ( #931, #5793, #5129, #3354 ) ) ;
#3600 = VECTOR ( 'NONE', #4508, 1000.000000000000000 ) ;
#3601 = VERTEX_POINT ( 'NONE', #852 ) ;
#3602 = CARTESIAN_POINT ( 'NONE',  ( -0.2597232780079054559, -0.01843435677922496130, 0.1000000000000000056 ) ) ;
#3603 = ORIENTED_EDGE ( 'NONE', *, *, #3423, .F. ) ;
#3604 = CARTESIAN_POINT ( 'NONE',  ( 0.1197639014792740431, 0.1448669252720571066, 0.1000000000000000056 ) ) ;
#3605 = ORIENTED_EDGE ( 'NONE', *, *, #3668, .F. ) ;
#3606 =( NAMED_UNIT ( * ) SI_UNIT ( $, .STERADIAN. ) SOLID_ANGLE_UNIT ( ) );
#3607 = AXIS2_PLACEMENT_3D ( 'NONE', #4656, #4223, #4815 ) ;
#3608 = MECHANICAL_DESIGN_GEOMETRIC_PRESENTATION_REPRESENTATION (  '', ( #522 ), #3999 ) ;
#3609 = EDGE_CURVE ( 'NONE', #1862, #6805, #7049, .T. ) ;
#3610 = VERTEX_POINT ( 'NONE', #4789 ) ;
#3611 = VERTEX_POINT ( 'NONE', #793 ) ;
#3612 = EDGE_CURVE ( 'NONE', #6615, #6805, #5690, .T. ) ;
#3613 = CARTESIAN_POINT ( 'NONE',  ( -1.195841330124230550, 1.848713354649297536, -0.1563026035433498218 ) ) ;
#3614 = ORIENTED_EDGE ( 'NONE', *, *, #1359, .T. ) ;
#3615 = VECTOR ( 'NONE', #2935, 1000.000000000000000 ) ;
#3616 = ORIENTED_EDGE ( 'NONE', *, *, #4190, .T. ) ;
#3617 = ORIENTED_EDGE ( 'NONE', *, *, #2746, .F. ) ;
#3618 = CARTESIAN_POINT ( 'NONE',  ( -0.4003883421104696416, 0.04566820732333915639, 0.1000000000000000056 ) ) ;
#3619 =( NAMED_UNIT ( * ) SI_UNIT ( $, .STERADIAN. ) SOLID_ANGLE_UNIT ( ) );
#3620 = PLANE ( 'NONE',  #1962 ) ;
#3621 = CARTESIAN_POINT ( 'NONE',  ( -0.3909332139053413591, 0.06618102783615967266, 0.1000000000000000056 ) ) ;
#3622 = SURFACE_STYLE_USAGE ( .BOTH. , #5893 ) ;
#3623 = ADVANCED_FACE ( 'NONE', ( #1033 ), #227, .F. ) ;
#3624 =( NAMED_UNIT ( * ) PLANE_ANGLE_UNIT ( ) SI_UNIT ( $, .RADIAN. ) );
#3625 = ORIENTED_EDGE ( 'NONE', *, *, #6138, .F. ) ;
#3626 = LINE ( 'NONE', #5777, #4248 ) ;
#3627 =( LENGTH_UNIT ( ) NAMED_UNIT ( * ) SI_UNIT ( .MILLI., .METRE. ) );
#3628 = SURFACE_STYLE_FILL_AREA ( #6930 ) ;
#3629 = CARTESIAN_POINT ( 'NONE',  ( 0.2853617697170834355, 0.1243840099933015003, 0.1000000000000000056 ) ) ;
#3630 = CARTESIAN_POINT ( 'NONE',  ( 0.1273895941118472486, 0.1542851387195345592, 0.1000000000000000056 ) ) ;
#3631 = EDGE_CURVE ( 'NONE', #2439, #4687, #2337, .T. ) ;
#3632 =( LENGTH_UNIT ( ) NAMED_UNIT ( * ) SI_UNIT ( .MILLI., .METRE. ) );
#3633 =( NAMED_UNIT ( * ) SI_UNIT ( $, .STERADIAN. ) SOLID_ANGLE_UNIT ( ) );
#3634 = LINE ( 'NONE', #5292, #1799 ) ;
#3635 = STYLED_ITEM ( 'NONE', ( #4092 ), #1889 ) ;
#3636 = VERTEX_POINT ( 'NONE', #5802 ) ;
#3637 = LINE ( 'NONE', #1125, #4171 ) ;
#3638 = DIRECTION ( 'NONE',  ( -0.1313264056488086806, -0.000000000000000000, -0.9913391827116310173 ) ) ;
#3639 = SURFACE_STYLE_FILL_AREA ( #3709 ) ;
#3640 = CARTESIAN_POINT ( 'NONE',  ( -0.4494668677514952471, -0.01843435677922496130, 0.1000000000000000056 ) ) ;
#3641 = CARTESIAN_POINT ( 'NONE',  ( -0.3545950728797003237, 0.1815656432207750082, 0.000000000000000000 ) ) ;
#3642 =( GEOMETRIC_REPRESENTATION_CONTEXT ( 3 ) GLOBAL_UNCERTAINTY_ASSIGNED_CONTEXT ( ( #3942 ) ) GLOBAL_UNIT_ASSIGNED_CONTEXT ( ( #1701, #2829, #535 ) ) REPRESENTATION_CONTEXT ( 'NONE', 'WORKASPACE' ) );
#3643 = VECTOR ( 'NONE', #2903, 1000.000000000000227 ) ;
#3644 = CARTESIAN_POINT ( 'NONE',  ( 0.1197639014792740431, 0.1448669252720571066, 0.1000000000000000056 ) ) ;
#3645 = DIRECTION ( 'NONE',  ( -0.000000000000000000, 0.000000000000000000, -1.000000000000000000 ) ) ;
#3646 = DIRECTION ( 'NONE',  ( 0.1313264056488086529, -0.000000000000000000, 0.9913391827116310173 ) ) ;
#3647 = PRESENTATION_LAYER_ASSIGNMENT (  '', '', ( #3275 ) ) ;
#3648 = DIRECTION ( 'NONE',  ( -0.000000000000000000, -1.000000000000000000, -0.000000000000000000 ) ) ;
#3649 = CARTESIAN_POINT ( 'NONE',  ( 0.2932988264780962973, 0.05596016904545931397, 0.000000000000000000 ) ) ;
#3650 = PRESENTATION_STYLE_ASSIGNMENT (( #6526 ) ) ;
#3651 = FACE_OUTER_BOUND ( 'NONE', #5310, .T. ) ;
#3652 = AXIS2_PLACEMENT_3D ( 'NONE', #6112, #1251, #3878 ) ;
#3653 =( LENGTH_UNIT ( ) NAMED_UNIT ( * ) SI_UNIT ( .MILLI., .METRE. ) );
#3654 = AXIS2_PLACEMENT_3D ( 'NONE', #5686, #6279, #6823 ) ;
#3655 = LINE ( 'NONE', #4431, #678 ) ;
#3656 = EDGE_CURVE ( 'NONE', #2218, #234, #415, .T. ) ;
#3657 = CARTESIAN_POINT ( 'NONE',  ( -1.300000000000000044, -1.949999999999999956, 0.4551791245819074017 ) ) ;
#3658 = DIRECTION ( 'NONE',  ( -0.000000000000000000, -1.000000000000000000, -0.000000000000000000 ) ) ;
#3659 = DIRECTION ( 'NONE',  ( -0.000000000000000000, -0.000000000000000000, -1.000000000000000000 ) ) ;
#3660 = ORIENTED_EDGE ( 'NONE', *, *, #1781, .T. ) ;
#3661 = CARTESIAN_POINT ( 'NONE',  ( -1.675252549177991046, 0.6500000000000001332, -0.1000000000000000056 ) ) ;
#3662 = CIRCLE ( 'NONE', #3533, 0.1999999999999999278 ) ;
#3663 = ADVANCED_FACE ( 'NONE', ( #5164 ), #1634, .F. ) ;
#3664 = B_SPLINE_CURVE_WITH_KNOTS ( 'NONE', 3,
 ( #200, #2995, #1839, #3561, #4738, #1290, #5762, #3019, #4097, #5781, #5830, #4712, #3509, #5298, #5252, #229, #2463, #6411, #795 ),
 .UNSPECIFIED., .F., .F.,
 ( 4, 1, 1, 1, 1, 1, 1, 1, 1, 1, 1, 1, 1, 1, 1, 1, 4 ),
 ( 0.000000000000000000, 0.06241450026327791806, 0.1233382314733143525, 0.1831245376921932511, 0.2417829946389428997, 0.3005788825509771445, 0.3596800748966263450, 0.4188816408500465882, 0.4795306644577832511, 0.5408505357600387198, 0.6023033958983802227, 0.6644632119464729536, 0.7278057226670121560, 0.7928948147812349134, 0.8596723283028315787, 0.9284644007334887927, 0.9999999999999998890 ),
 .UNSPECIFIED. ) ;
#3665 =( NAMED_UNIT ( * ) PLANE_ANGLE_UNIT ( ) SI_UNIT ( $, .RADIAN. ) );
#3666 = CARTESIAN_POINT ( 'NONE',  ( 0.06078954250491507005, 0.07900154065667248926, 0.1000000000000000056 ) ) ;
#3667 = DIRECTION ( 'NONE',  ( -1.000000000000000000, 0.000000000000000000, -2.503950769454403338E-16 ) ) ;
#3668 = EDGE_CURVE ( 'NONE', #6520, #4060, #155, .T. ) ;
#3669 = CARTESIAN_POINT ( 'NONE',  ( 0.2089341989375164410, -0.02354759090424213275, -0.000000000000000000 ) ) ;
#3670 = DIRECTION ( 'NONE',  ( 1.000000000000000000, 0.000000000000000000, 0.000000000000000000 ) ) ;
#3671 = PRESENTATION_STYLE_ASSIGNMENT (( #3051 ) ) ;
#3672 = SURFACE_STYLE_USAGE ( .BOTH. , #1440 ) ;
#3673 = VECTOR ( 'NONE', #3819, 1000.000000000000000 ) ;
#3674 = AXIS2_PLACEMENT_3D ( 'NONE', #1071, #3881, #4457 ) ;
#3675 = CARTESIAN_POINT ( 'NONE',  ( 0.2824202413922963228, 0.03381576597258217909, 0.000000000000000000 ) ) ;
#3676 = LINE ( 'NONE', #1484, #2885 ) ;
#3677 = CARTESIAN_POINT ( 'NONE',  ( 0.1276328387440125445, 0.008913103881670223286, 0.000000000000000000 ) ) ;
#3678 = EDGE_LOOP ( 'NONE', ( #1104, #951, #3782 ) ) ;
#3679 = CARTESIAN_POINT ( 'NONE',  ( 0.1378880139459572607, 0.02762811105656021865, 0.1000000000000000056 ) ) ;
#3680 = PRESENTATION_STYLE_ASSIGNMENT (( #402 ) ) ;
#3681 = DIRECTION ( 'NONE',  ( 0.000000000000000000, 1.000000000000000000, 0.000000000000000000 ) ) ;
#3682 = CARTESIAN_POINT ( 'NONE',  ( -1.300000000000000266, 1.949999999999999956, 1.100000000000000089 ) ) ;
#3683 = ORIENTED_EDGE ( 'NONE', *, *, #3721, .F. ) ;
#3684 = STYLED_ITEM ( 'NONE', ( #3350 ), #4750 ) ;
#3685 = DIRECTION ( 'NONE',  ( -1.000000000000000000, -1.112002228190260952E-16, -0.000000000000000000 ) ) ;
#3686 = LINE ( 'NONE', #5721, #5803 ) ;
#3687 = CARTESIAN_POINT ( 'NONE',  ( -1.675252549177989714, 0.6500000000000001332, 0.09999999999999996392 ) ) ;
#3688 = ORIENTED_EDGE ( 'NONE', *, *, #3113, .F. ) ;
#3689 = DIRECTION ( 'NONE',  ( 2.503950769454403338E-16, 0.000000000000000000, -1.000000000000000000 ) ) ;
#3690 = ORIENTED_EDGE ( 'NONE', *, *, #1968, .F. ) ;
#3691 = VERTEX_POINT ( 'NONE', #6459 ) ;
#3692 = CARTESIAN_POINT ( 'NONE',  ( 0.2966639300483497332, 0.08333002873969869162, 0.1000000000000000056 ) ) ;
#3693 = FACE_OUTER_BOUND ( 'NONE', #3788, .T. ) ;
#3694 = CARTESIAN_POINT ( 'NONE',  ( -0.2340463113680731622, 0.07656953398856775062, 5.421010862427522170E-17 ) ) ;
#3695 = VERTEX_POINT ( 'NONE', #4816 ) ;
#3696 = ADVANCED_FACE ( 'NONE', ( #6961 ), #366, .F. ) ;
#3697 = PLANE ( 'NONE',  #7158 ) ;
#3698 = ORIENTED_EDGE ( 'NONE', *, *, #2690, .T. ) ;
#3699 = VERTEX_POINT ( 'NONE', #6998 ) ;
#3700 = CARTESIAN_POINT ( 'NONE',  ( 0.1569669314724594922, -0.01268722539842218576, 0.1000000000000000056 ) ) ;
#3701 = STYLED_ITEM ( 'NONE', ( #6631 ), #3623 ) ;
#3702 = CARTESIAN_POINT ( 'NONE',  ( 0.1426292300737510010, 0.02242336087043520290, 0.1000000000000000056 ) ) ;
#3703 = UNCERTAINTY_MEASURE_WITH_UNIT (LENGTH_MEASURE( 1.000000000000000082E-05 ), #2167, 'distance_accuracy_value', 'NONE');
#3704 = CARTESIAN_POINT ( 'NONE',  ( -0.2154067214144711473, 0.06611390382956523759, 0.1000000000000000056 ) ) ;
#3705 = EDGE_LOOP ( 'NONE', ( #3166, #5322, #4853, #5478 ) ) ;
#3706 = DIRECTION ( 'NONE',  ( -0.000000000000000000, -1.000000000000000000, -0.000000000000000000 ) ) ;
#3707 = PRESENTATION_STYLE_ASSIGNMENT (( #4113 ) ) ;
#3708 = ORIENTED_EDGE ( 'NONE', *, *, #3305, .T. ) ;
#3709 = FILL_AREA_STYLE ('',( #4327 ) ) ;
#3710 = STYLED_ITEM ( 'NONE', ( #5922 ), #880 ) ;
#3711 = ORIENTED_EDGE ( 'NONE', *, *, #6772, .T. ) ;
#3712 =( NAMED_UNIT ( * ) PLANE_ANGLE_UNIT ( ) SI_UNIT ( $, .RADIAN. ) );
#3713 = AXIS2_PLACEMENT_3D ( 'NONE', #74, #3972, #6775 ) ;
#3714 = EDGE_CURVE ( 'NONE', #1021, #6021, #7236, .T. ) ;
#3715 = ORIENTED_EDGE ( 'NONE', *, *, #3875, .T. ) ;
#3716 = ORIENTED_EDGE ( 'NONE', *, *, #3054, .F. ) ;
#3717 = ORIENTED_EDGE ( 'NONE', *, *, #2871, .F. ) ;
#3718 = EDGE_CURVE ( 'NONE', #5833, #4874, #1274, .T. ) ;
#3719 = CARTESIAN_POINT ( 'NONE',  ( -1.391402837117598157, -1.550000000000000266, 0.4151791245819074216 ) ) ;
#3720 = SURFACE_STYLE_USAGE ( .BOTH. , #4823 ) ;
#3721 = EDGE_CURVE ( 'NONE', #570, #4525, #4905, .T. ) ;
#3722 = FACE_OUTER_BOUND ( 'NONE', #2648, .T. ) ;
#3723 = PLANE ( 'NONE',  #3755 ) ;
#3724 = VERTEX_POINT ( 'NONE', #5974 ) ;
#3725 = DIRECTION ( 'NONE',  ( -1.000000000000000000, 0.000000000000000000, 0.000000000000000000 ) ) ;
#3726 = DIRECTION ( 'NONE',  ( -0.000000000000000000, -0.000000000000000000, -1.000000000000000000 ) ) ;
#3727 = CARTESIAN_POINT ( 'NONE',  ( -1.675252549177991046, -1.150000000000000133, -0.1000000000000000056 ) ) ;
#3728 = CARTESIAN_POINT ( 'NONE',  ( 0.2494094653261708927, 0.1793850876615533940, -1.355252715606880543E-17 ) ) ;
#3729 =( NAMED_UNIT ( * ) PLANE_ANGLE_UNIT ( ) SI_UNIT ( $, .RADIAN. ) );
#3730 = VECTOR ( 'NONE', #216, 1000.000000000000000 ) ;
#3731 = FILL_AREA_STYLE_COLOUR ( '', #1546 ) ;
#3732 = LINE ( 'NONE', #3053, #2149 ) ;
#3733 = CARTESIAN_POINT ( 'NONE',  ( -0.2144144535310540944, 0.05996783450032986545, 0.1000000000000000056 ) ) ;
#3734 = STYLED_ITEM ( 'NONE', ( #7225 ), #4298 ) ;
#3735 = CARTESIAN_POINT ( 'NONE',  ( 0.4146356963510689497, 0.002078463733595553239, 0.1000000000000000056 ) ) ;
#3736 = DIRECTION ( 'NONE',  ( -0.000000000000000000, -0.000000000000000000, 1.000000000000000000 ) ) ;
#3737 =( GEOMETRIC_REPRESENTATION_CONTEXT ( 3 ) GLOBAL_UNCERTAINTY_ASSIGNED_CONTEXT ( ( #6099 ) ) GLOBAL_UNIT_ASSIGNED_CONTEXT ( ( #5843, #782, #1413 ) ) REPRESENTATION_CONTEXT ( 'NONE', 'WORKASPACE' ) );
#3738 = LINE ( 'NONE', #6884, #4181 ) ;
#3739 = ADVANCED_FACE ( 'NONE', ( #3199 ), #7124, .T. ) ;
#3740 = VECTOR ( 'NONE', #3638, 1000.000000000000114 ) ;
#3741 = PLANE ( 'NONE',  #5178 ) ;
#3742 = VECTOR ( 'NONE', #2195, 1000.000000000000000 ) ;
#3743 = AXIS2_PLACEMENT_3D ( 'NONE', #3208, #1049, #4351 ) ;
#3744 = ORIENTED_EDGE ( 'NONE', *, *, #5337, .F. ) ;
#3745 = FACE_OUTER_BOUND ( 'NONE', #1373, .T. ) ;
#3746 = CARTESIAN_POINT ( 'NONE',  ( -1.222465627358930718, -1.874603525433344187, 0.000000000000000000 ) ) ;
#3747 = CARTESIAN_POINT ( 'NONE',  ( -0.06997968826431572031, -0.01843435677922496130, 0.1000000000000000056 ) ) ;
#3748 = SURFACE_SIDE_STYLE ('',( #445 ) ) ;
#3749 = AXIS2_PLACEMENT_3D ( 'NONE', #1248, #4580, #3496 ) ;
#3750 = DIRECTION ( 'NONE',  ( -0.000000000000000000, 1.000000000000000000, -0.000000000000000000 ) ) ;
#3751 = CARTESIAN_POINT ( 'NONE',  ( 0.2577319737118117238, 0.01041440488290236790, 0.000000000000000000 ) ) ;
#3752 = FILL_AREA_STYLE ('',( #3259 ) ) ;
#3753 = EDGE_CURVE ( 'NONE', #6003, #551, #847, .T. ) ;
#3754 =( NAMED_UNIT ( * ) SI_UNIT ( $, .STERADIAN. ) SOLID_ANGLE_UNIT ( ) );
#3755 = AXIS2_PLACEMENT_3D ( 'NONE', #3644, #5407, #6469 ) ;
#3756 = EDGE_CURVE ( 'NONE', #4687, #4601, #4989, .T. ) ;
#3757 = DIRECTION ( 'NONE',  ( -0.000000000000000000, -1.000000000000000000, -0.000000000000000000 ) ) ;
#3758 = CARTESIAN_POINT ( 'NONE',  ( -0.03408225236687983939, 0.002078463733595553239, 0.1000000000000000056 ) ) ;
#3759 = CIRCLE ( 'NONE', #736, 0.1999999999999999833 ) ;
#3760 = UNCERTAINTY_MEASURE_WITH_UNIT (LENGTH_MEASURE( 1.000000000000000082E-05 ), #10, 'distance_accuracy_value', 'NONE');
#3761 = CARTESIAN_POINT ( 'NONE',  ( 0.3131649598908798349, 0.06267139505325927673, 0.1000000000000000056 ) ) ;
#3762 =( NAMED_UNIT ( * ) PLANE_ANGLE_UNIT ( ) SI_UNIT ( $, .RADIAN. ) );
#3763 = CARTESIAN_POINT ( 'NONE',  ( 1.675252549177989714, -0.6850000000000002753, 0.09999999999999990841 ) ) ;
#3764 = CARTESIAN_POINT ( 'NONE',  ( -1.675252549177989936, -1.150000000000000133, 0.05999999999999997002 ) ) ;
#3765 = CARTESIAN_POINT ( 'NONE',  ( -0.1935382043035081823, -0.004699585229038461855, 0.1000000000000000056 ) ) ;
#3766 = VERTEX_POINT ( 'NONE', #3297 ) ;
#3767 = CARTESIAN_POINT ( 'NONE',  ( 0.2107940144048766895, 0.1866016576053538545, -1.355252715606880543E-17 ) ) ;
#3768 = ADVANCED_FACE ( 'NONE', ( #6202 ), #6093, .F. ) ;
#3769 = VECTOR ( 'NONE', #3646, 1000.000000000000114 ) ;
#3770 = EDGE_CURVE ( 'NONE', #6949, #566, #2852, .T. ) ;
#3771 = CARTESIAN_POINT ( 'NONE',  ( 0.1412357415435712971, -0.003188960251555941240, 0.000000000000000000 ) ) ;
#3772 = LINE ( 'NONE', #5744, #794 ) ;
#3773 = CARTESIAN_POINT ( 'NONE',  ( -0.1634492395463669756, 0.1554438483489801737, 0.000000000000000000 ) ) ;
#3774 = EDGE_LOOP ( 'NONE', ( #5493, #4167, #3899, #3690 ) ) ;
#3775 = FILL_AREA_STYLE ('',( #1600 ) ) ;
#3776 = CARTESIAN_POINT ( 'NONE',  ( -0.2340415434042318332, 0.08188806808683374294, 0.1000000000000000056 ) ) ;
#3777 = SURFACE_SIDE_STYLE ('',( #4356 ) ) ;
#3778 = VECTOR ( 'NONE', #387, 1000.000000000000000 ) ;
#3779 = SURFACE_STYLE_FILL_AREA ( #2054 ) ;
#3780 = ORIENTED_EDGE ( 'NONE', *, *, #664, .F. ) ;
#3781 = MECHANICAL_DESIGN_GEOMETRIC_PRESENTATION_REPRESENTATION (  '', ( #3684 ), #5596 ) ;
#3782 = ORIENTED_EDGE ( 'NONE', *, *, #2960, .F. ) ;
#3783 = EDGE_LOOP ( 'NONE', ( #2448, #7123, #477, #6292 ) ) ;
#3784 = DIRECTION ( 'NONE',  ( -0.000000000000000000, 1.000000000000000000, -0.000000000000000000 ) ) ;
#3785 = PRESENTATION_STYLE_ASSIGNMENT (( #1573 ) ) ;
#3786 = MECHANICAL_DESIGN_GEOMETRIC_PRESENTATION_REPRESENTATION (  '', ( #3275 ), #1385 ) ;
#3787 = ORIENTED_EDGE ( 'NONE', *, *, #894, .F. ) ;
#3788 = EDGE_LOOP ( 'NONE', ( #5224, #5402, #2298, #5465 ) ) ;
#3789 = VERTEX_POINT ( 'NONE', #2166 ) ;
#3790 = FILL_AREA_STYLE_COLOUR ( '', #3938 ) ;
#3791 = DIRECTION ( 'NONE',  ( -0.000000000000000000, -1.000000000000000000, 0.000000000000000000 ) ) ;
#3792 = CARTESIAN_POINT ( 'NONE',  ( -0.1773780489806030813, -0.01246629800273908913, 5.421010862427522170E-17 ) ) ;
#3793 = CARTESIAN_POINT ( 'NONE',  ( 0.4325844142997869457, -0.01843435677922496130, 0.1000000000000000056 ) ) ;
#3794 = EDGE_CURVE ( 'NONE', #6832, #4887, #4981, .T. ) ;
#3795 = UNCERTAINTY_MEASURE_WITH_UNIT (LENGTH_MEASURE( 1.000000000000000082E-05 ), #5318, 'distance_accuracy_value', 'NONE');
#3796 = DIRECTION ( 'NONE',  ( 0.9858007149796098600, 0.000000000000000000, 0.1679194757783926129 ) ) ;
#3797 = ORIENTED_EDGE ( 'NONE', *, *, #4089, .T. ) ;
#3798 = ORIENTED_EDGE ( 'NONE', *, *, #3850, .T. ) ;
#3799 = CARTESIAN_POINT ( 'NONE',  ( 0.2880109071452101044, 0.009981052537586623460, -0.000000000000000000 ) ) ;
#3800 = EDGE_LOOP ( 'NONE', ( #2733, #1932, #4129, #1667, #2853, #579, #6239 ) ) ;
#3801 = VECTOR ( 'NONE', #6731, 1000.000000000000000 ) ;
#3802 = CARTESIAN_POINT ( 'NONE',  ( 1.391402837117598157, 1.550000000000000266, 0.4151791245819071996 ) ) ;
#3803 = CARTESIAN_POINT ( 'NONE',  ( -0.1807153239156855662, 0.1717288362035339633, 0.1000000000000000056 ) ) ;
#3804 = PLANE ( 'NONE',  #725 ) ;
#3805 = FACE_OUTER_BOUND ( 'NONE', #1197, .T. ) ;
#3806 = FILL_AREA_STYLE_COLOUR ( '', #6700 ) ;
#3807 = ORIENTED_EDGE ( 'NONE', *, *, #6618, .F. ) ;
#3808 = CIRCLE ( 'NONE', #2097, 0.04000000000000002165 ) ;
#3809 = ADVANCED_FACE ( 'NONE', ( #1960 ), #1355, .F. ) ;
#3810 = FACE_OUTER_BOUND ( 'NONE', #6906, .T. ) ;
#3811 = EDGE_CURVE ( 'NONE', #2711, #7133, #6788, .T. ) ;
#3812 = ORIENTED_EDGE ( 'NONE', *, *, #7229, .T. ) ;
#3813 = DIRECTION ( 'NONE',  ( -1.000000000000000000, -1.112002228190260952E-16, -0.000000000000000000 ) ) ;
#3814 = LINE ( 'NONE', #1597, #842 ) ;
#3815 = EDGE_CURVE ( 'NONE', #1329, #1322, #4898, .T. ) ;
#3816 = SURFACE_STYLE_FILL_AREA ( #4498 ) ;
#3817 = CARTESIAN_POINT ( 'NONE',  ( 0.1364861534527319065, 0.0005912949258635862319, 0.1000000000000000056 ) ) ;
#3818 =( NAMED_UNIT ( * ) PLANE_ANGLE_UNIT ( ) SI_UNIT ( $, .RADIAN. ) );
#3819 = DIRECTION ( 'NONE',  ( -0.000000000000000000, -1.000000000000000000, -0.000000000000000000 ) ) ;
#3820 = CARTESIAN_POINT ( 'NONE',  ( -0.2292467803222747458, 0.04429872405548152675, 0.1000000000000000056 ) ) ;
#3821 = CARTESIAN_POINT ( 'NONE',  ( 1.391402837117597047, 1.550000000000000266, 0.6151791245819069331 ) ) ;
#3822 = CARTESIAN_POINT ( 'NONE',  ( -0.1986356905913589377, 0.1326460924026069133, 0.1000000000000000056 ) ) ;
#3823 = PRESENTATION_STYLE_ASSIGNMENT (( #3082 ) ) ;
#3824 =( NAMED_UNIT ( * ) SI_UNIT ( $, .STERADIAN. ) SOLID_ANGLE_UNIT ( ) );
#3825 = CARTESIAN_POINT ( 'NONE',  ( 1.675252549177991046, -1.485000000000000320, -0.09999999999999997780 ) ) ;
#3826 = DIRECTION ( 'NONE',  ( -0.000000000000000000, -0.000000000000000000, -1.000000000000000000 ) ) ;
#3827 = DIRECTION ( 'NONE',  ( 0.000000000000000000, 0.000000000000000000, -1.000000000000000000 ) ) ;
#3828 = CARTESIAN_POINT ( 'NONE',  ( -0.2319525735250818066, 0.1037490691831604722, 0.1000000000000000056 ) ) ;
#3829 = MECHANICAL_DESIGN_GEOMETRIC_PRESENTATION_REPRESENTATION (  '', ( #2464 ), #2237 ) ;
#3830 = LINE ( 'NONE', #974, #944 ) ;
#3831 = CARTESIAN_POINT ( 'NONE',  ( 1.589670673659924649, -0.1350000000000001477, 0.4414444057116678755 ) ) ;
#3832 = VECTOR ( 'NONE', #73, 1000.000000000000000 ) ;
#3833 = DIRECTION ( 'NONE',  ( 2.710505431213761479E-15, -0.000000000000000000, -1.000000000000000000 ) ) ;
#3834 = ORIENTED_EDGE ( 'NONE', *, *, #517, .T. ) ;
#3835 = VECTOR ( 'NONE', #5381, 1000.000000000000000 ) ;
#3836 = CARTESIAN_POINT ( 'NONE',  ( -1.300000000000000044, -1.949999999999999956, 0.4551791245819074017 ) ) ;
#3837 = ORIENTED_EDGE ( 'NONE', *, *, #5654, .T. ) ;
#3838 = CARTESIAN_POINT ( 'NONE',  ( 1.300000000000000044, -1.949999999999999956, 0.4551791245819074017 ) ) ;
#3839 = CARTESIAN_POINT ( 'NONE',  ( -1.431056404426063855, 1.149999999999999911, 0.4204321808078594902 ) ) ;
#3840 = CARTESIAN_POINT ( 'NONE',  ( -0.2244696576097481300, 0.03194580670247221255, 5.421010862427522170E-17 ) ) ;
#3841 =( GEOMETRIC_REPRESENTATION_CONTEXT ( 3 ) GLOBAL_UNCERTAINTY_ASSIGNED_CONTEXT ( ( #5131 ) ) GLOBAL_UNIT_ASSIGNED_CONTEXT ( ( #2434, #4178, #3559 ) ) REPRESENTATION_CONTEXT ( 'NONE', 'WORKASPACE' ) );
#3842 = ADVANCED_FACE ( 'NONE', ( #3190 ), #3804, .T. ) ;
#3843 = CARTESIAN_POINT ( 'NONE',  ( -0.1902585524277654039, 0.1411574761661241184, 8.131516293641283255E-17 ) ) ;
#3844 = CARTESIAN_POINT ( 'NONE',  ( 1.391402837117597047, 0.9500000000000000666, 0.6151791245819069331 ) ) ;
#3845 = AXIS2_PLACEMENT_3D ( 'NONE', #765, #1898, #1316 ) ;
#3846 = FILL_AREA_STYLE_COLOUR ( '', #1081 ) ;
#3847 = ORIENTED_EDGE ( 'NONE', *, *, #2277, .F. ) ;
#3848 = CARTESIAN_POINT ( 'NONE',  ( -2.000000000000000000, 0.6500000000000001332, 0.06000000000000001166 ) ) ;
#3849 = AXIS2_PLACEMENT_3D ( 'NONE', #5626, #1039, #2257 ) ;
#3850 = EDGE_CURVE ( 'NONE', #5317, #3072, #438, .T. ) ;
#3851 = PLANE ( 'NONE',  #3743 ) ;
#3852 = LINE ( 'NONE', #4038, #3239 ) ;
#3853 = DIRECTION ( 'NONE',  ( -0.000000000000000000, 1.000000000000000000, -0.000000000000000000 ) ) ;
#3854 = SURFACE_STYLE_USAGE ( .BOTH. , #3777 ) ;
#3855 = CARTESIAN_POINT ( 'NONE',  ( 0.2047255470383804454, 0.1866662975952163295, -0.000000000000000000 ) ) ;
#3856 = EDGE_CURVE ( 'NONE', #4949, #1305, #5599, .T. ) ;
#3857 = UNCERTAINTY_MEASURE_WITH_UNIT (LENGTH_MEASURE( 1.000000000000000082E-05 ), #5053, 'distance_accuracy_value', 'NONE');
#3858 = ORIENTED_EDGE ( 'NONE', *, *, #5538, .T. ) ;
#3859 = VERTEX_POINT ( 'NONE', #1677 ) ;
#3860 = EDGE_CURVE ( 'NONE', #7118, #3636, #1713, .T. ) ;
#3861 = FILL_AREA_STYLE_COLOUR ( '', #610 ) ;
#3862 = FACE_OUTER_BOUND ( 'NONE', #3223, .T. ) ;
#3863 = DIRECTION ( 'NONE',  ( -0.000000000000000000, -0.000000000000000000, -1.000000000000000000 ) ) ;
#3864 = CARTESIAN_POINT ( 'NONE',  ( -0.2340822523668798227, 0.07904160475923659168, 0.1000000000000000056 ) ) ;
#3865 = ORIENTED_EDGE ( 'NONE', *, *, #4592, .T. ) ;
#3866 = LINE ( 'NONE', #2221, #1167 ) ;
#3867 = CARTESIAN_POINT ( 'NONE',  ( -1.675252549177989936, 1.149999999999999911, 0.05999999999999992839 ) ) ;
#3868 = LINE ( 'NONE', #7003, #2461 ) ;
#3869 = CARTESIAN_POINT ( 'NONE',  ( 0.2966869784023509760, 0.08136532270795453214, 0.1000000000000000056 ) ) ;
#3870 = CARTESIAN_POINT ( 'NONE',  ( -0.2109868174863502033, 0.01069714394960501018, 0.1000000000000000056 ) ) ;
#3871 = VERTEX_POINT ( 'NONE', #3962 ) ;
#3872 = CARTESIAN_POINT ( 'NONE',  ( -0.2153223369692251199, 0.09275814657252814954, 0.1000000000000000056 ) ) ;
#3873 = CARTESIAN_POINT ( 'NONE',  ( 0.2892751194279920002, 0.01141339963103145047, 0.000000000000000000 ) ) ;
#3874 = ORIENTED_EDGE ( 'NONE', *, *, #2960, .T. ) ;
#3875 = EDGE_CURVE ( 'NONE', #1995, #5482, #241, .T. ) ;
#3876 = AXIS2_PLACEMENT_3D ( 'NONE', #6675, #589, #4546 ) ;
#3877 = DIRECTION ( 'NONE',  ( 0.000000000000000000, 1.000000000000000000, 0.000000000000000000 ) ) ;
#3878 = DIRECTION ( 'NONE',  ( -0.4188422247446084157, -0.9080590238365493505, 0.000000000000000000 ) ) ;
#3879 = PRESENTATION_LAYER_ASSIGNMENT (  '', '', ( #6143 ) ) ;
#3880 = VECTOR ( 'NONE', #4882, 1000.000000000000000 ) ;
#3881 = DIRECTION ( 'NONE',  ( 1.000000000000000000, 0.000000000000000000, -0.000000000000000000 ) ) ;
#3882 = SURFACE_STYLE_USAGE ( .BOTH. , #1505 ) ;
#3883 = EDGE_LOOP ( 'NONE', ( #2723, #2807, #806, #2394 ) ) ;
#3884 = CARTESIAN_POINT ( 'NONE',  ( -0.2252157919552101595, 0.1258512825467580365, 0.1000000000000000056 ) ) ;
#3885 = CARTESIAN_POINT ( 'NONE',  ( -0.1738258421104695306, 0.1743541047592366000, 0.000000000000000000 ) ) ;
#3886 = DIRECTION ( 'NONE',  ( 0.000000000000000000, 1.000000000000000000, 0.000000000000000000 ) ) ;
#3887 = ADVANCED_FACE ( 'NONE', ( #3917 ), #3370, .F. ) ;
#3888 = AXIS2_PLACEMENT_3D ( 'NONE', #223, #850, #4116 ) ;
#3889 = ORIENTED_EDGE ( 'NONE', *, *, #807, .F. ) ;
#3890 = FACE_OUTER_BOUND ( 'NONE', #6592, .T. ) ;
#3891 = ORIENTED_EDGE ( 'NONE', *, *, #585, .T. ) ;
#3892 = ORIENTED_EDGE ( 'NONE', *, *, #6124, .F. ) ;
#3893 = DIRECTION ( 'NONE',  ( 1.000000000000000000, 0.000000000000000000, 0.000000000000000000 ) ) ;
#3894 = DIRECTION ( 'NONE',  ( 1.000000000000000000, -0.000000000000000000, -1.251975384727201669E-16 ) ) ;
#3895 = PRESENTATION_LAYER_ASSIGNMENT (  '', '', ( #4653 ) ) ;
#3896 = EDGE_LOOP ( 'NONE', ( #4328, #1046, #2610, #2397 ) ) ;
#3897 = FACE_OUTER_BOUND ( 'NONE', #5958, .T. ) ;
#3898 = CARTESIAN_POINT ( 'NONE',  ( 0.1412357415435712971, -0.003188960251555941240, -0.000000000000000000 ) ) ;
#3899 = ORIENTED_EDGE ( 'NONE', *, *, #672, .F. ) ;
#3900 = CARTESIAN_POINT ( 'NONE',  ( 1.300000000000000044, 1.550000000000000266, 0.4551791245819071796 ) ) ;
#3901 = EDGE_CURVE ( 'NONE', #6497, #3871, #584, .T. ) ;
#3902 = EDGE_LOOP ( 'NONE', ( #924, #1516, #5829, #3373 ) ) ;
#3903 = DIRECTION ( 'NONE',  ( 1.000000000000000000, 0.000000000000000000, -0.000000000000000000 ) ) ;
#3904 = DIRECTION ( 'NONE',  ( 1.000000000000000000, 0.000000000000000000, 0.000000000000000000 ) ) ;
#3905 = CARTESIAN_POINT ( 'NONE',  ( 1.300000000000000266, -1.949999999999999956, 0.6151791245819069331 ) ) ;
#3906 = LINE ( 'NONE', #2100, #2045 ) ;
#3907 = AXIS2_PLACEMENT_3D ( 'NONE', #5640, #2272, #6148 ) ;
#3908 = EDGE_CURVE ( 'NONE', #1326, #4430, #1115, .T. ) ;
#3909 = FILL_AREA_STYLE_COLOUR ( '', #2977 ) ;
#3910 = CARTESIAN_POINT ( 'NONE',  ( 0.1588337004059202640, 0.009852720289405068194, 0.1000000000000000056 ) ) ;
#3911 = LINE ( 'NONE', #6095, #6100 ) ;
#3912 = CARTESIAN_POINT ( 'NONE',  ( 1.476984712635663444, -0.9350000000000001643, 0.07373471887023939908 ) ) ;
#3913 = ORIENTED_EDGE ( 'NONE', *, *, #2106, .T. ) ;
#3914 = DIRECTION ( 'NONE',  ( 0.000000000000000000, -0.000000000000000000, 1.000000000000000000 ) ) ;
#3915 = CARTESIAN_POINT ( 'NONE',  ( -0.2044497500191223560, 0.1558151439603040200, 0.000000000000000000 ) ) ;
#3916 = SURFACE_SIDE_STYLE ('',( #4889 ) ) ;
#3917 = FACE_OUTER_BOUND ( 'NONE', #3883, .T. ) ;
#3918 = COLOUR_RGB ( '',0.7960784313725489669, 0.8235294117647058432, 0.9372549019607843146 ) ;
#3919 = VECTOR ( 'NONE', #140, 1000.000000000000000 ) ;
#3920 = PLANE ( 'NONE',  #365 ) ;
#3921 = VECTOR ( 'NONE', #3163, 1000.000000000000000 ) ;
#3922 = EDGE_CURVE ( 'NONE', #1348, #5949, #2590, .T. ) ;
#3923 = DIRECTION ( 'NONE',  ( -0.7970624896273539317, -0.6038968352533770068, 0.000000000000000000 ) ) ;
#3924 = CYLINDRICAL_SURFACE ( 'NONE', #2347, 0.04000000000000003553 ) ;
#3925 = CARTESIAN_POINT ( 'NONE',  ( -0.2301784902370728469, 0.1114174336295460227, 0.000000000000000000 ) ) ;
#3926 = VECTOR ( 'NONE', #6314, 1000.000000000000000 ) ;
#3927 = CARTESIAN_POINT ( 'NONE',  ( 1.675252549177991046, 1.550000000000000266, -0.09999999999999995004 ) ) ;
#3928 = PLANE ( 'NONE',  #2823 ) ;
#3929 = DIRECTION ( 'NONE',  ( 1.000000000000000000, 0.000000000000000000, 0.000000000000000000 ) ) ;
#3930 = PLANE ( 'NONE',  #1380 ) ;
#3931 = CARTESIAN_POINT ( 'NONE',  ( 0.1768135422771350829, 0.001454822562438440586, 0.1000000000000000056 ) ) ;
#3932 = ORIENTED_EDGE ( 'NONE', *, *, #3794, .F. ) ;
#3933 = COLOUR_RGB ( '',0.7960784313725489669, 0.8235294117647058432, 0.9372549019607843146 ) ;
#3934 = CARTESIAN_POINT ( 'NONE',  ( -0.1582801567814543509, 0.004828350187376672688, 0.000000000000000000 ) ) ;
#3935 = DIRECTION ( 'NONE',  ( 0.000000000000000000, 0.000000000000000000, 1.000000000000000000 ) ) ;
#3936 = CARTESIAN_POINT ( 'NONE',  ( 0.3144193372896115224, 0.07257127746481303876, 0.1000000000000000056 ) ) ;
#3937 = CARTESIAN_POINT ( 'NONE',  ( 0.3377126194279920224, 0.002078463733595553239, 0.1000000000000000056 ) ) ;
#3938 = COLOUR_RGB ( '',0.7960784313725489669, 0.8235294117647058432, 0.9372549019607843146 ) ;
#3939 =( GEOMETRIC_REPRESENTATION_CONTEXT ( 3 ) GLOBAL_UNCERTAINTY_ASSIGNED_CONTEXT ( ( #4941 ) ) GLOBAL_UNIT_ASSIGNED_CONTEXT ( ( #5871, #3624, #4779 ) ) REPRESENTATION_CONTEXT ( 'NONE', 'WORKASPACE' ) );
#3940 = CARTESIAN_POINT ( 'NONE',  ( -0.2142639623692610684, 0.09924275517396943802, 0.1000000000000000056 ) ) ;
#3941 = CARTESIAN_POINT ( 'NONE',  ( 0.1459056739264459057, 0.1696882893585719698, 0.000000000000000000 ) ) ;
#3942 = UNCERTAINTY_MEASURE_WITH_UNIT (LENGTH_MEASURE( 1.000000000000000082E-05 ), #1701, 'distance_accuracy_value', 'NONE');
#3943 = AXIS2_PLACEMENT_3D ( 'NONE', #801, #258, #6315 ) ;
#3944 =( LENGTH_UNIT ( ) NAMED_UNIT ( * ) SI_UNIT ( .MILLI., .METRE. ) );
#3945 = ORIENTED_EDGE ( 'NONE', *, *, #6341, .F. ) ;
#3946 = CARTESIAN_POINT ( 'NONE',  ( -1.300000000000000266, 1.949999999999999956, 1.100000000000000089 ) ) ;
#3947 = LINE ( 'NONE', #605, #4480 ) ;
#3948 = CARTESIAN_POINT ( 'NONE',  ( -0.2044497500191223560, 0.1558151439603040200, 0.1000000000000000056 ) ) ;
#3949 = DIRECTION ( 'NONE',  ( -1.000000000000000000, -1.112002228190260952E-16, -0.000000000000000000 ) ) ;
#3950 = CARTESIAN_POINT ( 'NONE',  ( 0.2424084926849147115, 0.002843500369605509066, 0.1000000000000000056 ) ) ;
#3951 = CARTESIAN_POINT ( 'NONE',  ( -0.2033501539983059991, 0.03314076840878274477, 0.1000000000000000056 ) ) ;
#3952 = VERTEX_POINT ( 'NONE', #4703 ) ;
#3953 = STYLED_ITEM ( 'NONE', ( #2161 ), #3580 ) ;
#3954 = DIRECTION ( 'NONE',  ( 0.000000000000000000, -1.000000000000000000, 0.000000000000000000 ) ) ;
#3955 = DIRECTION ( 'NONE',  ( 1.000000000000000000, 0.000000000000000000, 0.000000000000000000 ) ) ;
#3956 = DIRECTION ( 'NONE',  ( -1.000000000000000000, 0.000000000000000000, -0.000000000000000000 ) ) ;
#3957 = CIRCLE ( 'NONE', #18, 0.1999999999999999278 ) ;
#3958 = PRESENTATION_LAYER_ASSIGNMENT (  '', '', ( #2351 ) ) ;
#3959 = CARTESIAN_POINT ( 'NONE',  ( 0.2966869784023509760, 0.08136532270795453214, 0.000000000000000000 ) ) ;
#3960 = ORIENTED_EDGE ( 'NONE', *, *, #6257, .F. ) ;
#3961 = DIRECTION ( 'NONE',  ( 0.000000000000000000, 0.000000000000000000, -1.000000000000000000 ) ) ;
#3962 = CARTESIAN_POINT ( 'NONE',  ( 1.391402837117596825, -1.485000000000000320, 0.6151791245819071552 ) ) ;
#3963 = CARTESIAN_POINT ( 'NONE',  ( 1.300000000000000266, -1.949999999999999956, 0.6151791245819073772 ) ) ;
#3964 = EDGE_CURVE ( 'NONE', #3039, #6176, #2056, .T. ) ;
#3965 = ORIENTED_EDGE ( 'NONE', *, *, #7237, .F. ) ;
#3966 = EDGE_CURVE ( 'NONE', #3139, #4048, #4163, .T. ) ;
#3967 =( NAMED_UNIT ( * ) PLANE_ANGLE_UNIT ( ) SI_UNIT ( $, .RADIAN. ) );
#3968 = CARTESIAN_POINT ( 'NONE',  ( -1.300000000000000044, 0.6500000000000001332, 0.4551791245819074017 ) ) ;
#3969 = ORIENTED_EDGE ( 'NONE', *, *, #4444, .T. ) ;
#3970 = ORIENTED_EDGE ( 'NONE', *, *, #7239, .T. ) ;
#3971 = ORIENTED_EDGE ( 'NONE', *, *, #3280, .F. ) ;
#3972 = DIRECTION ( 'NONE',  ( 0.000000000000000000, 0.000000000000000000, 1.000000000000000000 ) ) ;
#3973 = CARTESIAN_POINT ( 'NONE',  ( -0.1424018445971046987, 0.1803422217433115760, 0.1000000000000000056 ) ) ;
#3974 = CARTESIAN_POINT ( 'NONE',  ( 0.2107940144048766895, 0.1866016576053538545, 0.1000000000000000056 ) ) ;
#3975 = ORIENTED_EDGE ( 'NONE', *, *, #1394, .F. ) ;
#3976 = PLANE ( 'NONE',  #4753 ) ;
#3977 = PRESENTATION_LAYER_ASSIGNMENT (  '', '', ( #2464 ) ) ;
#3978 = VERTEX_POINT ( 'NONE', #6699 ) ;
#3979 = SURFACE_STYLE_USAGE ( .BOTH. , #5685 ) ;
#3980 = AXIS2_PLACEMENT_3D ( 'NONE', #7165, #4015, #1687 ) ;
#3981 = DIRECTION ( 'NONE',  ( 0.7970624896273539317, 0.6038968352533770068, 0.000000000000000000 ) ) ;
#3982 = CARTESIAN_POINT ( 'NONE',  ( -2.000000000000000000, 1.149999999999999911, 0.06000000000000001166 ) ) ;
#3983 = ORIENTED_EDGE ( 'NONE', *, *, #4535, .F. ) ;
#3984 = VECTOR ( 'NONE', #6787, 1000.000000000000114 ) ;
#3985 = DIRECTION ( 'NONE',  ( -1.000000000000000000, 0.000000000000000000, -4.173251282424003099E-16 ) ) ;
#3986 = EDGE_LOOP ( 'NONE', ( #2197, #5745, #1693, #2429 ) ) ;
#3987 = VERTEX_POINT ( 'NONE', #4111 ) ;
#3988 =( GEOMETRIC_REPRESENTATION_CONTEXT ( 3 ) GLOBAL_UNCERTAINTY_ASSIGNED_CONTEXT ( ( #5480 ) ) GLOBAL_UNIT_ASSIGNED_CONTEXT ( ( #5682, #1143, #5086 ) ) REPRESENTATION_CONTEXT ( 'NONE', 'WORKASPACE' ) );
#3989 = ORIENTED_EDGE ( 'NONE', *, *, #4682, .F. ) ;
#3990 = SURFACE_STYLE_USAGE ( .BOTH. , #4613 ) ;
#3991 = LINE ( 'NONE', #3621, #1871 ) ;
#3992 = FILL_AREA_STYLE_COLOUR ( '', #1047 ) ;
#3993 = STYLED_ITEM ( 'NONE', ( #4008 ), #922 ) ;
#3994 = LINE ( 'NONE', #1279, #1194 ) ;
#3995 = CARTESIAN_POINT ( 'NONE',  ( 0.2577319737118117238, 0.01041440488290236790, 0.1000000000000000056 ) ) ;
#3996 = UNCERTAINTY_MEASURE_WITH_UNIT (LENGTH_MEASURE( 1.000000000000000082E-05 ), #1368, 'distance_accuracy_value', 'NONE');
#3997 = VERTEX_POINT ( 'NONE', #4049 ) ;
#3998 = SURFACE_STYLE_USAGE ( .BOTH. , #1163 ) ;
#3999 =( GEOMETRIC_REPRESENTATION_CONTEXT ( 3 ) GLOBAL_UNCERTAINTY_ASSIGNED_CONTEXT ( ( #4552 ) ) GLOBAL_UNIT_ASSIGNED_CONTEXT ( ( #58, #578, #2870 ) ) REPRESENTATION_CONTEXT ( 'NONE', 'WORKASPACE' ) );
#4000 = EDGE_CURVE ( 'NONE', #1323, #1822, #5238, .T. ) ;
#4001 = CARTESIAN_POINT ( 'NONE',  ( 0.2880109071452101044, 0.009981052537586623460, 0.1000000000000000056 ) ) ;
#4002 = CARTESIAN_POINT ( 'NONE',  ( -1.675252549177989936, -1.150000000000000133, 0.05999999999999997002 ) ) ;
#4003 = EDGE_CURVE ( 'NONE', #2567, #1784, #3994, .T. ) ;
#4004 = CARTESIAN_POINT ( 'NONE',  ( 1.391402837117598379, 0.9500000000000000666, 0.4151791245819071996 ) ) ;
#4005 = DIRECTION ( 'NONE',  ( -0.000000000000000000, -0.000000000000000000, -1.000000000000000000 ) ) ;
#4006 = CYLINDRICAL_SURFACE ( 'NONE', #4810, 0.04000000000000004940 ) ;
#4007 =( LENGTH_UNIT ( ) NAMED_UNIT ( * ) SI_UNIT ( .MILLI., .METRE. ) );
#4008 = PRESENTATION_STYLE_ASSIGNMENT (( #6000 ) ) ;
#4009 = CARTESIAN_POINT ( 'NONE',  ( 0.2966639300483497332, 0.08333002873969869162, -0.000000000000000000 ) ) ;
#4010 = CARTESIAN_POINT ( 'NONE',  ( -0.1680566113412387819, 0.007166604759236580753, 0.000000000000000000 ) ) ;
#4011 =( NAMED_UNIT ( * ) SI_UNIT ( $, .STERADIAN. ) SOLID_ANGLE_UNIT ( ) );
#4012 = FACE_OUTER_BOUND ( 'NONE', #6266, .T. ) ;
#4013 = EDGE_CURVE ( 'NONE', #228, #2225, #6477, .T. ) ;
#4014 =( GEOMETRIC_REPRESENTATION_CONTEXT ( 3 ) GLOBAL_UNCERTAINTY_ASSIGNED_CONTEXT ( ( #3401 ) ) GLOBAL_UNIT_ASSIGNED_CONTEXT ( ( #1657, #3967, #2759 ) ) REPRESENTATION_CONTEXT ( 'NONE', 'WORKASPACE' ) );
#4015 = DIRECTION ( 'NONE',  ( 0.000000000000000000, -0.000000000000000000, 1.000000000000000000 ) ) ;
#4016 = ORIENTED_EDGE ( 'NONE', *, *, #2830, .T. ) ;
#4017 = CARTESIAN_POINT ( 'NONE',  ( 0.2647461400886072513, 0.01537158096926331471, 0.1000000000000000056 ) ) ;
#4018 =( NAMED_UNIT ( * ) PLANE_ANGLE_UNIT ( ) SI_UNIT ( $, .RADIAN. ) );
#4019 = AXIS2_PLACEMENT_3D ( 'NONE', #6581, #964, #1493 ) ;
#4020 = DIRECTION ( 'NONE',  ( 1.000000000000000000, -0.000000000000000000, 2.503950769454403338E-16 ) ) ;
#4021 = DIRECTION ( 'NONE',  ( -0.000000000000000000, -1.000000000000000000, -0.000000000000000000 ) ) ;
#4022 = LINE ( 'NONE', #3340, #1051 ) ;
#4023 = CARTESIAN_POINT ( 'NONE',  ( -0.08792840621303361914, 0.1610528227079545405, 0.000000000000000000 ) ) ;
#4024 = SURFACE_STYLE_USAGE ( .BOTH. , #4629 ) ;
#4025 = UNCERTAINTY_MEASURE_WITH_UNIT (LENGTH_MEASURE( 1.000000000000000082E-05 ), #6966, 'distance_accuracy_value', 'NONE');
#4026 = STYLED_ITEM ( 'NONE', ( #2130 ), #4680 ) ;
#4027 = CARTESIAN_POINT ( 'NONE',  ( -0.1694659061034080871, 0.1534720796501449214, 0.1000000000000000056 ) ) ;
#4028 = FACE_OUTER_BOUND ( 'NONE', #537, .T. ) ;
#4029 = ORIENTED_EDGE ( 'NONE', *, *, #7073, .F. ) ;
#4030 =( GEOMETRIC_REPRESENTATION_CONTEXT ( 3 ) GLOBAL_UNCERTAINTY_ASSIGNED_CONTEXT ( ( #1512 ) ) GLOBAL_UNIT_ASSIGNED_CONTEXT ( ( #5255, #1292, #3540 ) ) REPRESENTATION_CONTEXT ( 'NONE', 'WORKASPACE' ) );
#4031 = CARTESIAN_POINT ( 'NONE',  ( -0.1568541282581289720, -0.01700885879199662970, 0.1000000000000000056 ) ) ;
#4032 = PRESENTATION_LAYER_ASSIGNMENT (  '', '', ( #6388 ) ) ;
#4033 = ORIENTED_EDGE ( 'NONE', *, *, #388, .F. ) ;
#4034 = MECHANICAL_DESIGN_GEOMETRIC_PRESENTATION_REPRESENTATION (  '', ( #4663 ), #4377 ) ;
#4035 = EDGE_CURVE ( 'NONE', #6932, #5161, #6195, .T. ) ;
#4036 = VECTOR ( 'NONE', #6055, 1000.000000000000000 ) ;
#4037 = LINE ( 'NONE', #3568, #702 ) ;
#4038 = CARTESIAN_POINT ( 'NONE',  ( 0.06078954250491507005, 0.07900154065667248926, 0.1000000000000000056 ) ) ;
#4039 = CARTESIAN_POINT ( 'NONE',  ( 0.1868659260944337819, 0.1642384116530856142, 0.000000000000000000 ) ) ;
#4040 = ORIENTED_EDGE ( 'NONE', *, *, #5013, .T. ) ;
#4041 = DIRECTION ( 'NONE',  ( 0.000000000000000000, 1.000000000000000000, 0.000000000000000000 ) ) ;
#4042 = SURFACE_STYLE_FILL_AREA ( #6185 ) ;
#4043 = DIRECTION ( 'NONE',  ( 0.000000000000000000, -1.000000000000000000, 0.000000000000000000 ) ) ;
#4044 = AXIS2_PLACEMENT_3D ( 'NONE', #6376, #6968, #6914 ) ;
#4045 = ORIENTED_EDGE ( 'NONE', *, *, #6885, .F. ) ;
#4046 = PLANE ( 'NONE',  #2750 ) ;
#4047 = DIRECTION ( 'NONE',  ( 1.000000000000000000, -0.000000000000000000, -0.000000000000000000 ) ) ;
#4048 = VERTEX_POINT ( 'NONE', #766 ) ;
#4049 = CARTESIAN_POINT ( 'NONE',  ( -0.2597232780079054559, -0.01843435677922496130, 0.1000000000000000056 ) ) ;
#4050 = ORIENTED_EDGE ( 'NONE', *, *, #6059, .F. ) ;
#4051 = CARTESIAN_POINT ( 'NONE',  ( -1.675252549177989714, -1.150000000000000133, 0.1000000000000000056 ) ) ;
#4052 = EDGE_CURVE ( 'NONE', #226, #628, #407, .T. ) ;
#4053 = VECTOR ( 'NONE', #2159, 1000.000000000000000 ) ;
#4054 = VERTEX_POINT ( 'NONE', #6875 ) ;
#4055 =( GEOMETRIC_REPRESENTATION_CONTEXT ( 3 ) GLOBAL_UNCERTAINTY_ASSIGNED_CONTEXT ( ( #784 ) ) GLOBAL_UNIT_ASSIGNED_CONTEXT ( ( #2176, #4392, #3224 ) ) REPRESENTATION_CONTEXT ( 'NONE', 'WORKASPACE' ) );
#4056 = ORIENTED_EDGE ( 'NONE', *, *, #6575, .T. ) ;
#4057 = VERTEX_POINT ( 'NONE', #124 ) ;
#4058 = CARTESIAN_POINT ( 'NONE',  ( -0.1617720311822716528, 0.1559076442273411578, 0.1000000000000000056 ) ) ;
#4059 = FILL_AREA_STYLE_COLOUR ( '', #3456 ) ;
#4060 = VERTEX_POINT ( 'NONE', #2378 ) ;
#4061 = VERTEX_POINT ( 'NONE', #2357 ) ;
#4062 = PLANE ( 'NONE',  #5551 ) ;
#4063 = ORIENTED_EDGE ( 'NONE', *, *, #7237, .T. ) ;
#4064 =( NAMED_UNIT ( * ) PLANE_ANGLE_UNIT ( ) SI_UNIT ( $, .RADIAN. ) );
#4065 = AXIS2_PLACEMENT_3D ( 'NONE', #5098, #6670, #2292 ) ;
#4066 = ORIENTED_EDGE ( 'NONE', *, *, #4418, .F. ) ;
#4067 = EDGE_LOOP ( 'NONE', ( #3889, #392, #8, #5216 ) ) ;
#4068 = ORIENTED_EDGE ( 'NONE', *, *, #3345, .F. ) ;
#4069 = CARTESIAN_POINT ( 'NONE',  ( 0.1354690296844022757, 0.03028359193872376398, 0.1000000000000000056 ) ) ;
#4070 = DIRECTION ( 'NONE',  ( -0.1102145766905164026, 0.000000000000000000, 0.9939078161906818032 ) ) ;
#4071 = SURFACE_STYLE_USAGE ( .BOTH. , #167 ) ;
#4072 = CARTESIAN_POINT ( 'NONE',  ( 0.2912170947844905378, 0.1491522884562202222, 0.000000000000000000 ) ) ;
#4073 = DIRECTION ( 'NONE',  ( -0.4189977888269744155, -0.9079872537420919931, 0.000000000000000000 ) ) ;
#4074 = CYLINDRICAL_SURFACE ( 'NONE', #2563, 0.04000000000000004940 ) ;
#4075 = ORIENTED_EDGE ( 'NONE', *, *, #2172, .F. ) ;
#4076 =( NAMED_UNIT ( * ) PLANE_ANGLE_UNIT ( ) SI_UNIT ( $, .RADIAN. ) );
#4077 = VECTOR ( 'NONE', #87, 1000.000000000000000 ) ;
#4078 = UNCERTAINTY_MEASURE_WITH_UNIT (LENGTH_MEASURE( 1.000000000000000082E-05 ), #2822, 'distance_accuracy_value', 'NONE');
#4079 = VECTOR ( 'NONE', #6873, 1000.000000000000000 ) ;
#4080 = MECHANICAL_DESIGN_GEOMETRIC_PRESENTATION_REPRESENTATION (  '', ( #3993 ), #3469 ) ;
#4081 = EDGE_CURVE ( 'NONE', #2113, #6033, #6361, .T. ) ;
#4082 = CARTESIAN_POINT ( 'NONE',  ( -0.1458369909687660670, 0.1589183656046608828, 0.000000000000000000 ) ) ;
#4083 = SURFACE_STYLE_FILL_AREA ( #6934 ) ;
#4084 = SURFACE_STYLE_FILL_AREA ( #5811 ) ;
#4085 = EDGE_CURVE ( 'NONE', #2711, #4949, #6870, .T. ) ;
#4086 = CARTESIAN_POINT ( 'NONE',  ( 2.000000000000000000, -0.1350000000000001477, -0.09999999999999995004 ) ) ;
#4087 = LINE ( 'NONE', #6244, #1551 ) ;
#4088 = DIRECTION ( 'NONE',  ( -0.000000000000000000, -0.000000000000000000, -1.000000000000000000 ) ) ;
#4089 = EDGE_CURVE ( 'NONE', #2392, #4966, #2145, .T. ) ;
#4090 = CARTESIAN_POINT ( 'NONE',  ( 0.2966869784023509760, 0.08136532270795453214, 0.1000000000000000056 ) ) ;
#4091 = DIRECTION ( 'NONE',  ( 0.000000000000000000, 0.000000000000000000, -1.000000000000000000 ) ) ;
#4092 = PRESENTATION_STYLE_ASSIGNMENT (( #2901 ) ) ;
#4093 = CARTESIAN_POINT ( 'NONE',  ( 0.2790816305554387755, 0.1334791860547645814, 0.1000000000000000056 ) ) ;
#4094 = SURFACE_SIDE_STYLE ('',( #145 ) ) ;
#4095 = DIRECTION ( 'NONE',  ( 0.000000000000000000, 1.000000000000000000, 0.000000000000000000 ) ) ;
#4096 = LINE ( 'NONE', #401, #2435 ) ;
#4097 = CARTESIAN_POINT ( 'NONE',  ( -0.1999973363988268860, 0.02862601631947683800, 0.000000000000000000 ) ) ;
#4098 = FACE_OUTER_BOUND ( 'NONE', #1574, .T. ) ;
#4099 = ADVANCED_FACE ( 'NONE', ( #3810 ), #4074, .F. ) ;
#4100 =( GEOMETRIC_REPRESENTATION_CONTEXT ( 3 ) GLOBAL_UNCERTAINTY_ASSIGNED_CONTEXT ( ( #3703 ) ) GLOBAL_UNIT_ASSIGNED_CONTEXT ( ( #2167, #2727, #2065 ) ) REPRESENTATION_CONTEXT ( 'NONE', 'WORKASPACE' ) );
#4101 = DIRECTION ( 'NONE',  ( 0.000000000000000000, 1.000000000000000000, 0.000000000000000000 ) ) ;
#4102 = ORIENTED_EDGE ( 'NONE', *, *, #5481, .F. ) ;
#4103 = CARTESIAN_POINT ( 'NONE',  ( 0.2428647822469168494, -0.01867812290996185426, 0.1000000000000000056 ) ) ;
#4104 = MECHANICAL_DESIGN_GEOMETRIC_PRESENTATION_REPRESENTATION (  '', ( #4896 ), #367 ) ;
#4105 = DIRECTION ( 'NONE',  ( -0.000000000000000000, -1.000000000000000000, -0.000000000000000000 ) ) ;
#4106 = UNCERTAINTY_MEASURE_WITH_UNIT (LENGTH_MEASURE( 1.000000000000000082E-05 ), #6360, 'distance_accuracy_value', 'NONE');
#4107 =( LENGTH_UNIT ( ) NAMED_UNIT ( * ) SI_UNIT ( .MILLI., .METRE. ) );
#4108 = ORIENTED_EDGE ( 'NONE', *, *, #7032, .T. ) ;
#4109 = FILL_AREA_STYLE ('',( #4192 ) ) ;
#4110 = PRESENTATION_LAYER_ASSIGNMENT (  '', '', ( #1852 ) ) ;
#4111 = CARTESIAN_POINT ( 'NONE',  ( -0.3909332139053413591, 0.06618102783615967266, 0.000000000000000000 ) ) ;
#4112 = VECTOR ( 'NONE', #6014, 1000.000000000000000 ) ;
#4113 = SURFACE_STYLE_USAGE ( .BOTH. , #4730 ) ;
#4114 =( GEOMETRIC_REPRESENTATION_CONTEXT ( 3 ) GLOBAL_UNCERTAINTY_ASSIGNED_CONTEXT ( ( #2276 ) ) GLOBAL_UNIT_ASSIGNED_CONTEXT ( ( #6278, #3450, #5107 ) ) REPRESENTATION_CONTEXT ( 'NONE', 'WORKASPACE' ) );
#4115 = ORIENTED_EDGE ( 'NONE', *, *, #4592, .F. ) ;
#4116 = DIRECTION ( 'NONE',  ( 0.000000000000000000, 0.000000000000000000, 1.000000000000000000 ) ) ;
#4117 = VECTOR ( 'NONE', #3578, 1000.000000000000000 ) ;
#4118 = CARTESIAN_POINT ( 'NONE',  ( 0.1209887785029490626, 0.1464829239728905330, 0.1000000000000000056 ) ) ;
#4119 = CARTESIAN_POINT ( 'NONE',  ( -1.300000000000000044, -1.950000000000000178, 1.100000000000000089 ) ) ;
#4120 = STYLED_ITEM ( 'NONE', ( #6108 ), #184 ) ;
#4121 = LINE ( 'NONE', #1434, #5037 ) ;
#4122 = DIRECTION ( 'NONE',  ( 0.000000000000000000, -0.000000000000000000, -1.000000000000000000 ) ) ;
#4123 = EDGE_CURVE ( 'NONE', #1339, #3691, #5588, .T. ) ;
#4124 = ORIENTED_EDGE ( 'NONE', *, *, #3437, .F. ) ;
#4125 = CARTESIAN_POINT ( 'NONE',  ( 0.1868972340869284043, 0.1851934923189104687, 0.1000000000000000056 ) ) ;
#4126 = LINE ( 'NONE', #6214, #3600 ) ;
#4127 = FACE_OUTER_BOUND ( 'NONE', #2141, .T. ) ;
#4128 = FILL_AREA_STYLE ('',( #1335 ) ) ;
#4129 = ORIENTED_EDGE ( 'NONE', *, *, #4423, .T. ) ;
#4130 = CARTESIAN_POINT ( 'NONE',  ( -0.1617720311822716528, 0.1559076442273411578, -0.000000000000000000 ) ) ;
#4131 = ADVANCED_FACE ( 'NONE', ( #6948 ), #785, .T. ) ;
#4132 = ORIENTED_EDGE ( 'NONE', *, *, #4231, .T. ) ;
#4133 = ORIENTED_EDGE ( 'NONE', *, *, #2546, .F. ) ;
#4134 = CARTESIAN_POINT ( 'NONE',  ( 1.391402837117596825, -0.6850000000000002753, -0.1000000000000000472 ) ) ;
#4135 = DIRECTION ( 'NONE',  ( -0.000000000000000000, -1.000000000000000000, -0.000000000000000000 ) ) ;
#4136 = LINE ( 'NONE', #3262, #6845 ) ;
#4137 = SURFACE_SIDE_STYLE ('',( #1583 ) ) ;
#4138 = EDGE_LOOP ( 'NONE', ( #5658, #2234, #926, #3013 ) ) ;
#4139 = DIRECTION ( 'NONE',  ( 0.000000000000000000, 0.000000000000000000, -1.000000000000000000 ) ) ;
#4140 = CARTESIAN_POINT ( 'NONE',  ( 0.1388149345518956135, 0.1368352879630811703, 0.000000000000000000 ) ) ;
#4141 = ADVANCED_FACE ( 'NONE', ( #7131 ), #1948, .T. ) ;
#4142 = SURFACE_STYLE_USAGE ( .BOTH. , #6379 ) ;
#4143 = ORIENTED_EDGE ( 'NONE', *, *, #256, .T. ) ;
#4144 = ORIENTED_EDGE ( 'NONE', *, *, #5374, .T. ) ;
#4145 =( NAMED_UNIT ( * ) PLANE_ANGLE_UNIT ( ) SI_UNIT ( $, .RADIAN. ) );
#4146 = CARTESIAN_POINT ( 'NONE',  ( 0.2101500716979935179, 0.1661579442641687998, 0.1000000000000000056 ) ) ;
#4147 = ORIENTED_EDGE ( 'NONE', *, *, #386, .T. ) ;
#4148 = EDGE_CURVE ( 'NONE', #570, #906, #2046, .T. ) ;
#4149 = EDGE_LOOP ( 'NONE', ( #5152, #3188, #1929, #5456 ) ) ;
#4150 = DIRECTION ( 'NONE',  ( -0.000000000000000000, -1.000000000000000000, -0.000000000000000000 ) ) ;
#4151 = ORIENTED_EDGE ( 'NONE', *, *, #6391, .F. ) ;
#4152 = CARTESIAN_POINT ( 'NONE',  ( -1.589670673659924871, 0.6500000000000001332, 0.4414444057116679865 ) ) ;
#4153 = VECTOR ( 'NONE', #4272, 1000.000000000000000 ) ;
#4154 = UNCERTAINTY_MEASURE_WITH_UNIT (LENGTH_MEASURE( 1.000000000000000082E-05 ), #5246, 'distance_accuracy_value', 'NONE');
#4155 = DIRECTION ( 'NONE',  ( -0.000000000000000000, -1.000000000000000000, -0.000000000000000000 ) ) ;
#4156 = CIRCLE ( 'NONE', #2609, 0.04000000000000004940 ) ;
#4157 = ORIENTED_EDGE ( 'NONE', *, *, #3721, .T. ) ;
#4158 =( LENGTH_UNIT ( ) NAMED_UNIT ( * ) SI_UNIT ( .MILLI., .METRE. ) );
#4159 = LINE ( 'NONE', #2622, #238 ) ;
#4160 = SURFACE_SIDE_STYLE ('',( #938 ) ) ;
#4161 = VECTOR ( 'NONE', #4689, 1000.000000000000000 ) ;
#4162 = AXIS2_PLACEMENT_3D ( 'NONE', #5992, #7014, #4271 ) ;
#4163 = LINE ( 'NONE', #1299, #3730 ) ;
#4164 = CARTESIAN_POINT ( 'NONE',  ( 1.391402837117596825, -0.1350000000000001477, 0.6151791245819071552 ) ) ;
#4165 = ORIENTED_EDGE ( 'NONE', *, *, #6498, .T. ) ;
#4166 = CARTESIAN_POINT ( 'NONE',  ( 1.391402837117598379, 1.550000000000000266, 0.4551791245819072351 ) ) ;
#4167 = ORIENTED_EDGE ( 'NONE', *, *, #5235, .F. ) ;
#4168 = CARTESIAN_POINT ( 'NONE',  ( 0.1675956801890539360, 0.005106132409248856363, 0.000000000000000000 ) ) ;
#4169 = CARTESIAN_POINT ( 'NONE',  ( -1.391402837117597047, -1.150000000000000133, 0.6151791245819073772 ) ) ;
#4170 =( GEOMETRIC_REPRESENTATION_CONTEXT ( 3 ) GLOBAL_UNCERTAINTY_ASSIGNED_CONTEXT ( ( #4814 ) ) GLOBAL_UNIT_ASSIGNED_CONTEXT ( ( #4385, #4410, #4990 ) ) REPRESENTATION_CONTEXT ( 'NONE', 'WORKASPACE' ) );
#4171 = VECTOR ( 'NONE', #4047, 1000.000000000000000 ) ;
#4172 = LINE ( 'NONE', #6289, #6455 ) ;
#4173 = CARTESIAN_POINT ( 'NONE',  ( 0.07873826045363301052, 0.1815656432207750637, 0.1000000000000000056 ) ) ;
#4174 = CARTESIAN_POINT ( 'NONE',  ( 0.1354690296844022757, 0.03028359193872376398, 0.000000000000000000 ) ) ;
#4175 = FILL_AREA_STYLE ('',( #3532 ) ) ;
#4176 = EDGE_CURVE ( 'NONE', #827, #2658, #4443, .T. ) ;
#4177 = CARTESIAN_POINT ( 'NONE',  ( 0.2532025392429991806, 0.1549058889980234888, 0.1000000000000000056 ) ) ;
#4178 =( NAMED_UNIT ( * ) PLANE_ANGLE_UNIT ( ) SI_UNIT ( $, .RADIAN. ) );
#4179 = PRESENTATION_STYLE_ASSIGNMENT (( #1938 ) ) ;
#4180 = DIRECTION ( 'NONE',  ( -1.112002228190260952E-16, 1.000000000000000000, 0.000000000000000000 ) ) ;
#4181 = VECTOR ( 'NONE', #4150, 1000.000000000000000 ) ;
#4182 = ADVANCED_FACE ( 'NONE', ( #6272 ), #4242, .F. ) ;
#4183 = PRESENTATION_STYLE_ASSIGNMENT (( #3209 ) ) ;
#4184 = DIRECTION ( 'NONE',  ( -0.9035018415143104553, -0.4285842068721733567, 0.000000000000000000 ) ) ;
#4185 = DIRECTION ( 'NONE',  ( 0.1657246185374202374, -0.1611550021107266695, -0.9729154208384808156 ) ) ;
#4186 = FILL_AREA_STYLE_COLOUR ( '', #4992 ) ;
#4187 = LINE ( 'NONE', #4023, #1982 ) ;
#4188 = VERTEX_POINT ( 'NONE', #1976 ) ;
#4189 = LINE ( 'NONE', #7140, #4923 ) ;
#4190 = EDGE_CURVE ( 'NONE', #1522, #999, #4800, .T. ) ;
#4191 =( LENGTH_UNIT ( ) NAMED_UNIT ( * ) SI_UNIT ( .MILLI., .METRE. ) );
#4192 = FILL_AREA_STYLE_COLOUR ( '', #7166 ) ;
#4193 = CARTESIAN_POINT ( 'NONE',  ( -0.1019909062130336941, 0.1610528227079545405, 0.000000000000000000 ) ) ;
#4194 = EDGE_CURVE ( 'NONE', #1604, #187, #4620, .T. ) ;
#4195 = DIRECTION ( 'NONE',  ( 0.000000000000000000, 0.000000000000000000, 1.000000000000000000 ) ) ;
#4196 = LINE ( 'NONE', #7214, #1990 ) ;
#4197 = DIRECTION ( 'NONE',  ( -1.112002228190260952E-16, 1.000000000000000000, 0.000000000000000000 ) ) ;
#4198 = FACE_OUTER_BOUND ( 'NONE', #2913, .T. ) ;
#4199 = CARTESIAN_POINT ( 'NONE',  ( 0.1675956801890539360, 0.005106132409248856363, 0.000000000000000000 ) ) ;
#4200 = SURFACE_STYLE_USAGE ( .BOTH. , #291 ) ;
#4201 = PLANE ( 'NONE',  #3607 ) ;
#4202 = LINE ( 'NONE', #3083, #2804 ) ;
#4203 = FILL_AREA_STYLE ('',( #129 ) ) ;
#4204 = ORIENTED_EDGE ( 'NONE', *, *, #7239, .F. ) ;
#4205 = LINE ( 'NONE', #7167, #3673 ) ;
#4206 = CARTESIAN_POINT ( 'NONE',  ( 1.300000000000000044, -0.1350000000000001477, 0.4551791245819071796 ) ) ;
#4207 = CIRCLE ( 'NONE', #1252, 0.1999999999999999833 ) ;
#4208 = DIRECTION ( 'NONE',  ( -0.000000000000000000, -1.000000000000000000, -0.000000000000000000 ) ) ;
#4209 = ORIENTED_EDGE ( 'NONE', *, *, #856, .F. ) ;
#4210 = DIRECTION ( 'NONE',  ( -0.000000000000000000, -1.000000000000000000, -0.000000000000000000 ) ) ;
#4211 = EDGE_LOOP ( 'NONE', ( #5032, #4600, #1179, #4151, #4068, #1331 ) ) ;
#4212 = LINE ( 'NONE', #397, #1234 ) ;
#4213 = CARTESIAN_POINT ( 'NONE',  ( 0.1500080755025267609, 0.1473202414217390233, 0.1000000000000000056 ) ) ;
#4214 = CARTESIAN_POINT ( 'NONE',  ( -0.9323315412195577467, 1.408911553841009523, 1.100000000000000089 ) ) ;
#4215 = ORIENTED_EDGE ( 'NONE', *, *, #5115, .T. ) ;
#4216 = CARTESIAN_POINT ( 'NONE',  ( 1.675252549177989714, -0.6850000000000002753, 0.09999999999999995004 ) ) ;
#4217 = ADVANCED_FACE ( 'NONE', ( #4255 ), #4729, .T. ) ;
#4218 = MECHANICAL_DESIGN_GEOMETRIC_PRESENTATION_REPRESENTATION (  '', ( #5141 ), #6207 ) ;
#4219 = ORIENTED_EDGE ( 'NONE', *, *, #770, .T. ) ;
#4220 = CARTESIAN_POINT ( 'NONE',  ( 0.2069033245561971712, -0.003049741394609574528, 0.1000000000000000056 ) ) ;
#4221 = ORIENTED_EDGE ( 'NONE', *, *, #5938, .F. ) ;
#4222 = CARTESIAN_POINT ( 'NONE',  ( -0.2063506285144937058, 0.03798018530252178504, 0.1000000000000000056 ) ) ;
#4223 = DIRECTION ( 'NONE',  ( -5.930899995426698606E-16, 0.000000000000000000, 1.000000000000000000 ) ) ;
#4224 = VERTEX_POINT ( 'NONE', #4368 ) ;
#4225 = CARTESIAN_POINT ( 'NONE',  ( 1.589670673659924871, 1.550000000000000266, 0.4414444057116678755 ) ) ;
#4226 = EDGE_CURVE ( 'NONE', #5747, #3699, #3012, .T. ) ;
#4227 = COLOUR_RGB ( '',0.7960784313725489669, 0.8235294117647058432, 0.9372549019607843146 ) ;
#4228 = ORIENTED_EDGE ( 'NONE', *, *, #2318, .T. ) ;
#4229 = CARTESIAN_POINT ( 'NONE',  ( 0.2045064231293879098, 0.1660890412041411413, 0.1000000000000000056 ) ) ;
#4230 = B_SPLINE_CURVE_WITH_KNOTS ( 'NONE', 3,
 ( #6194, #2851, #2190, #64, #2222, #608, #4543, #1175, #6149, #6765, #3417 ),
 .UNSPECIFIED., .F., .F.,
 ( 4, 1, 1, 1, 1, 1, 1, 1, 4 ),
 ( 0.000000000000000000, 0.1719006646132689997, 0.3306279320958805945, 0.4755488358809185634, 0.6067461903123634315, 0.7250238034674904020, 0.8297423869584565903, 0.9213228203439755015, 0.9999999999999998890 ),
 .UNSPECIFIED. ) ;
#4231 = EDGE_CURVE ( 'NONE', #6432, #6173, #1627, .T. ) ;
#4232 = CARTESIAN_POINT ( 'NONE',  ( -0.1568541282581289720, -0.01700885879199662970, 0.000000000000000000 ) ) ;
#4233 = EDGE_CURVE ( 'NONE', #4874, #3952, #4156, .T. ) ;
#4234 = ORIENTED_EDGE ( 'NONE', *, *, #1225, .F. ) ;
#4235 = SURFACE_STYLE_FILL_AREA ( #5316 ) ;
#4236 = ORIENTED_EDGE ( 'NONE', *, *, #2390, .T. ) ;
#4237 = ORIENTED_EDGE ( 'NONE', *, *, #6445, .T. ) ;
#4238 = CARTESIAN_POINT ( 'NONE',  ( 0.2923187831428700201, 0.1093716119873325149, -1.355252715606880543E-17 ) ) ;
#4239 = CARTESIAN_POINT ( 'NONE',  ( -0.1634492395463669756, 0.1554438483489801737, 0.1000000000000000056 ) ) ;
#4240 = CARTESIAN_POINT ( 'NONE',  ( 0.1354690296844022757, 0.03028359193872376398, 0.000000000000000000 ) ) ;
#4241 = CARTESIAN_POINT ( 'NONE',  ( -0.1206629752787755500, 0.1814914939107786507, 0.1000000000000000056 ) ) ;
#4242 = PLANE ( 'NONE',  #6001 ) ;
#4243 = CARTESIAN_POINT ( 'NONE',  ( 2.000000000000000000, 1.550000000000000266, 0.05999999999999998390 ) ) ;
#4244 = ORIENTED_EDGE ( 'NONE', *, *, #4123, .T. ) ;
#4245 = LINE ( 'NONE', #3963, #2042 ) ;
#4246 = EDGE_LOOP ( 'NONE', ( #2265, #5070, #1089, #3698 ) ) ;
#4247 = CARTESIAN_POINT ( 'NONE',  ( -1.391402837117598379, 1.550000000000000044, 0.4551791245819074572 ) ) ;
#4248 = VECTOR ( 'NONE', #6927, 1000.000000000000000 ) ;
#4249 = CARTESIAN_POINT ( 'NONE',  ( 0.1378880139459572607, 0.02762811105656021865, 0.000000000000000000 ) ) ;
#4250 = UNCERTAINTY_MEASURE_WITH_UNIT (LENGTH_MEASURE( 1.000000000000000082E-05 ), #3206, 'distance_accuracy_value', 'NONE');
#4251 = DIRECTION ( 'NONE',  ( -0.000000000000000000, 1.000000000000000000, -0.000000000000000000 ) ) ;
#4252 = CARTESIAN_POINT ( 'NONE',  ( -1.431056404426063855, 1.550000000000000044, 0.4204321808078594902 ) ) ;
#4253 = EDGE_CURVE ( 'NONE', #719, #5205, #6010, .T. ) ;
#4254 =( GEOMETRIC_REPRESENTATION_CONTEXT ( 3 ) GLOBAL_UNCERTAINTY_ASSIGNED_CONTEXT ( ( #4716 ) ) GLOBAL_UNIT_ASSIGNED_CONTEXT ( ( #6667, #7177, #3316 ) ) REPRESENTATION_CONTEXT ( 'NONE', 'WORKASPACE' ) );
#4255 = FACE_OUTER_BOUND ( 'NONE', #4313, .T. ) ;
#4256 = ORIENTED_EDGE ( 'NONE', *, *, #915, .F. ) ;
#4257 =( GEOMETRIC_REPRESENTATION_CONTEXT ( 3 ) GLOBAL_UNCERTAINTY_ASSIGNED_CONTEXT ( ( #657 ) ) GLOBAL_UNIT_ASSIGNED_CONTEXT ( ( #4417, #3818, #2739 ) ) REPRESENTATION_CONTEXT ( 'NONE', 'WORKASPACE' ) );
#4258 = PRESENTATION_STYLE_ASSIGNMENT (( #2505 ) ) ;
#4259 = COLOUR_RGB ( '',0.7960784313725489669, 0.8235294117647058432, 0.9372549019607843146 ) ;
#4260 = ADVANCED_FACE ( 'NONE', ( #3289 ), #2466, .T. ) ;
#4261 = CARTESIAN_POINT ( 'NONE',  ( 0.1868659260944337819, 0.1642384116530856142, 0.1000000000000000056 ) ) ;
#4262 = DIRECTION ( 'NONE',  ( -0.000000000000000000, -1.000000000000000000, -0.000000000000000000 ) ) ;
#4263 = AXIS2_PLACEMENT_3D ( 'NONE', #861, #3004, #6414 ) ;
#4264 = FACE_OUTER_BOUND ( 'NONE', #3902, .T. ) ;
#4265 = DIRECTION ( 'NONE',  ( -0.000000000000000000, -0.000000000000000000, -1.000000000000000000 ) ) ;
#4266 = SURFACE_STYLE_FILL_AREA ( #4203 ) ;
#4267 = DIRECTION ( 'NONE',  ( 0.9939078161906819142, 0.000000000000000000, -0.1102145766905164165 ) ) ;
#4268 = CARTESIAN_POINT ( 'NONE',  ( -2.000000000000000000, 1.149999999999999911, 0.06000000000000001166 ) ) ;
#4269 = PRESENTATION_LAYER_ASSIGNMENT (  '', '', ( #5045 ) ) ;
#4270 = CARTESIAN_POINT ( 'NONE',  ( 0.3143719855058927926, 0.09340272380104325256, 0.1000000000000000056 ) ) ;
#4271 = DIRECTION ( 'NONE',  ( -0.1313264056488086529, 0.000000000000000000, -0.9913391827116311283 ) ) ;
#4272 = DIRECTION ( 'NONE',  ( -0.000000000000000000, -1.000000000000000000, -0.000000000000000000 ) ) ;
#4273 = STYLED_ITEM ( 'NONE', ( #7043 ), #203 ) ;
#4274 = VECTOR ( 'NONE', #5192, 1000.000000000000000 ) ;
#4275 = DIRECTION ( 'NONE',  ( -0.000000000000000000, -1.000000000000000000, -0.000000000000000000 ) ) ;
#4276 = VECTOR ( 'NONE', #1660, 1000.000000000000000 ) ;
#4277 = EDGE_CURVE ( 'NONE', #3210, #1181, #3246, .T. ) ;
#4278 = DIRECTION ( 'NONE',  ( 0.000000000000000000, 0.000000000000000000, -1.000000000000000000 ) ) ;
#4279 = DIRECTION ( 'NONE',  ( 0.000000000000000000, -1.000000000000000000, 0.000000000000000000 ) ) ;
#4280 = CARTESIAN_POINT ( 'NONE',  ( -1.675252549177989714, 0.6500000000000001332, 0.1000000000000000056 ) ) ;
#4281 = DIRECTION ( 'NONE',  ( 0.000000000000000000, 0.000000000000000000, -1.000000000000000000 ) ) ;
#4282 = ORIENTED_EDGE ( 'NONE', *, *, #4148, .T. ) ;
#4283 = LINE ( 'NONE', #6891, #7057 ) ;
#4284 = DIRECTION ( 'NONE',  ( 0.000000000000000000, -0.000000000000000000, 1.000000000000000000 ) ) ;
#4285 = LINE ( 'NONE', #6635, #4470 ) ;
#4286 = B_SPLINE_CURVE_WITH_KNOTS ( 'NONE', 3,
 ( #1530, #4433, #3803, #1554, #7202, #5544, #7130, #2753, #2137, #6621, #1073, #3884, #1631, #5008, #3828, #4380, #5569, #3776, #2654 ),
 .UNSPECIFIED., .F., .F.,
 ( 4, 1, 1, 1, 1, 1, 1, 1, 1, 1, 1, 1, 1, 1, 1, 1, 4 ),
 ( 0.000000000000000000, 0.06154496601632404584, 0.1216942964020306106, 0.1811548554526335730, 0.2398753889119565608, 0.2987019424504289145, 0.3576474237092014397, 0.4176048428493668307, 0.4784940407282909924, 0.5404070506371329019, 0.6023449938728032693, 0.6650043279232339399, 0.7285593088233761616, 0.7936505420268855637, 0.8605342675902675209, 0.9292359605619637808, 1.000000000000000000 ),
 .UNSPECIFIED. ) ;
#4287 = EDGE_CURVE ( 'NONE', #5574, #6839, #3911, .T. ) ;
#4288 = SURFACE_STYLE_USAGE ( .BOTH. , #2614 ) ;
#4289 =( LENGTH_UNIT ( ) NAMED_UNIT ( * ) SI_UNIT ( .MILLI., .METRE. ) );
#4290 = EDGE_CURVE ( 'NONE', #122, #7006, #2404, .T. ) ;
#4291 = DIRECTION ( 'NONE',  ( 0.000000000000000000, 1.000000000000000000, -0.000000000000000000 ) ) ;
#4292 = EDGE_LOOP ( 'NONE', ( #2036, #5047, #5737, #375 ) ) ;
#4293 = DIRECTION ( 'NONE',  ( 0.1313264056488087639, 0.000000000000000000, -0.9913391827116311283 ) ) ;
#4294 = CARTESIAN_POINT ( 'NONE',  ( 1.635598981869524238, -1.485000000000000320, 0.09474694377404781209 ) ) ;
#4295 = DIRECTION ( 'NONE',  ( -0.000000000000000000, -1.000000000000000000, -0.000000000000000000 ) ) ;
#4296 = CARTESIAN_POINT ( 'NONE',  ( 0.2394959978080777874, 0.1826790569836015121, -1.355252715606880543E-17 ) ) ;
#4297 = VECTOR ( 'NONE', #1140, 1000.000000000000000 ) ;
#4298 = ADVANCED_FACE ( 'NONE', ( #2664 ), #6025, .T. ) ;
#4299 = PLANE ( 'NONE',  #4162 ) ;
#4300 = DIRECTION ( 'NONE',  ( 0.000000000000000000, 1.000000000000000000, 0.000000000000000000 ) ) ;
#4301 = DIRECTION ( 'NONE',  ( 0.000000000000000000, 0.000000000000000000, -1.000000000000000000 ) ) ;
#4302 = ORIENTED_EDGE ( 'NONE', *, *, #1372, .F. ) ;
#4303 = ORIENTED_EDGE ( 'NONE', *, *, #5709, .F. ) ;
#4304 = FACE_BOUND ( 'NONE', #4661, .T. ) ;
#4305 = DIRECTION ( 'NONE',  ( -0.000000000000000000, -1.000000000000000000, -0.000000000000000000 ) ) ;
#4306 = DIRECTION ( 'NONE',  ( 0.000000000000000000, 0.000000000000000000, -1.000000000000000000 ) ) ;
#4307 = EDGE_LOOP ( 'NONE', ( #1230, #6326, #396, #5046 ) ) ;
#4308 =( GEOMETRIC_REPRESENTATION_CONTEXT ( 3 ) GLOBAL_UNCERTAINTY_ASSIGNED_CONTEXT ( ( #4154 ) ) GLOBAL_UNIT_ASSIGNED_CONTEXT ( ( #5246, #3554, #6355 ) ) REPRESENTATION_CONTEXT ( 'NONE', 'WORKASPACE' ) );
#4309 = CYLINDRICAL_SURFACE ( 'NONE', #4916, 0.1999999999999999833 ) ;
#4310 = VECTOR ( 'NONE', #3475, 1000.000000000000000 ) ;
#4311 = CARTESIAN_POINT ( 'NONE',  ( 0.2067831322485048362, -0.02356256190743008863, 0.1000000000000000056 ) ) ;
#4312 = PRESENTATION_LAYER_ASSIGNMENT (  '', '', ( #1680 ) ) ;
#4313 = EDGE_LOOP ( 'NONE', ( #2021, #4029, #4040, #5229 ) ) ;
#4314 = PLANE ( 'NONE',  #4019 ) ;
#4315 = LINE ( 'NONE', #4243, #985 ) ;
#4316 = SURFACE_STYLE_USAGE ( .BOTH. , #986 ) ;
#4317 = CARTESIAN_POINT ( 'NONE',  ( -0.4003883421104696416, 0.04566820732333915639, 0.000000000000000000 ) ) ;
#4318 = VERTEX_POINT ( 'NONE', #1558 ) ;
#4319 = DIRECTION ( 'NONE',  ( 0.000000000000000000, 0.000000000000000000, -1.000000000000000000 ) ) ;
#4320 = ORIENTED_EDGE ( 'NONE', *, *, #271, .T. ) ;
#4321 = SURFACE_SIDE_STYLE ('',( #5753 ) ) ;
#4322 = CARTESIAN_POINT ( 'NONE',  ( 0.1276328387440125445, 0.008913103881670223286, 0.1000000000000000056 ) ) ;
#4323 = CARTESIAN_POINT ( 'NONE',  ( -1.300000000000000266, -1.949999999999999956, 0.6151791245819073772 ) ) ;
#4324 = ORIENTED_EDGE ( 'NONE', *, *, #2731, .T. ) ;
#4325 = CARTESIAN_POINT ( 'NONE',  ( -0.03408225236687983939, 0.09951436116949299859, 0.1000000000000000056 ) ) ;
#4326 = ORIENTED_EDGE ( 'NONE', *, *, #3512, .T. ) ;
#4327 = FILL_AREA_STYLE_COLOUR ( '', #3299 ) ;
#4328 = ORIENTED_EDGE ( 'NONE', *, *, #5114, .T. ) ;
#4329 =( NAMED_UNIT ( * ) PLANE_ANGLE_UNIT ( ) SI_UNIT ( $, .RADIAN. ) );
#4330 =( GEOMETRIC_REPRESENTATION_CONTEXT ( 3 ) GLOBAL_UNCERTAINTY_ASSIGNED_CONTEXT ( ( #5839 ) ) GLOBAL_UNIT_ASSIGNED_CONTEXT ( ( #245, #3052, #1343 ) ) REPRESENTATION_CONTEXT ( 'NONE', 'WORKASPACE' ) );
#4331 = ADVANCED_FACE ( 'NONE', ( #3722 ), #5401, .T. ) ;
#4332 = ORIENTED_EDGE ( 'NONE', *, *, #3436, .T. ) ;
#4333 = ORIENTED_EDGE ( 'NONE', *, *, #1242, .T. ) ;
#4334 = ORIENTED_EDGE ( 'NONE', *, *, #6476, .T. ) ;
#4335 = EDGE_CURVE ( 'NONE', #7034, #210, #651, .T. ) ;
#4336 = CARTESIAN_POINT ( 'NONE',  ( 0.2814323265038181643, 0.003181460303659732879, 4.065758146820641628E-17 ) ) ;
#4337 = EDGE_CURVE ( 'NONE', #6418, #3139, #5918, .T. ) ;
#4338 = VECTOR ( 'NONE', #3648, 1000.000000000000000 ) ;
#4339 = DIRECTION ( 'NONE',  ( 0.000000000000000000, -0.000000000000000000, -1.000000000000000000 ) ) ;
#4340 = ORIENTED_EDGE ( 'NONE', *, *, #1097, .T. ) ;
#4341 = DIRECTION ( 'NONE',  ( -0.000000000000000000, 0.000000000000000000, 1.000000000000000000 ) ) ;
#4342 = CARTESIAN_POINT ( 'NONE',  ( -0.2309840668044007839, 0.05083176507751323292, 0.1000000000000000056 ) ) ;
#4343 = FACE_OUTER_BOUND ( 'NONE', #899, .T. ) ;
#4344 = CARTESIAN_POINT ( 'NONE',  ( 0.2912170947844905378, 0.1491522884562202222, -1.355252715606880543E-17 ) ) ;
#4345 = LINE ( 'NONE', #3421, #6532 ) ;
#4346 = CARTESIAN_POINT ( 'NONE',  ( -0.2083491505612418415, 0.1171562441891191159, 8.131516293641283255E-17 ) ) ;
#4347 = DIRECTION ( 'NONE',  ( 1.000000000000000000, -0.000000000000000000, 0.000000000000000000 ) ) ;
#4348 = VECTOR ( 'NONE', #1632, 1000.000000000000000 ) ;
#4349 = CARTESIAN_POINT ( 'NONE',  ( 0.1626091379181525687, -0.01525392522839267608, 0.000000000000000000 ) ) ;
#4350 = EDGE_LOOP ( 'NONE', ( #2828, #5540, #5732, #2107 ) ) ;
#4351 = DIRECTION ( 'NONE',  ( 0.000000000000000000, -0.000000000000000000, -1.000000000000000000 ) ) ;
#4352 =( LENGTH_UNIT ( ) NAMED_UNIT ( * ) SI_UNIT ( .MILLI., .METRE. ) );
#4353 = MECHANICAL_DESIGN_GEOMETRIC_PRESENTATION_REPRESENTATION (  '', ( #6235 ), #5860 ) ;
#4354 = CARTESIAN_POINT ( 'NONE',  ( 0.2761876717568694239, 0.1638125229659231075, 0.000000000000000000 ) ) ;
#4355 = AXIS2_PLACEMENT_3D ( 'NONE', #5201, #1814, #4568 ) ;
#4356 = SURFACE_STYLE_FILL_AREA ( #1603 ) ;
#4357 = SURFACE_STYLE_FILL_AREA ( #4755 ) ;
#4358 = LINE ( 'NONE', #3043, #5431 ) ;
#4359 = VECTOR ( 'NONE', #3592, 1000.000000000000000 ) ;
#4360 = DIRECTION ( 'NONE',  ( -1.097054103630075466E-16, 0.9865574688779957802, 0.1634146890614259218 ) ) ;
#4361 = MECHANICAL_DESIGN_GEOMETRIC_PRESENTATION_REPRESENTATION (  '', ( #247 ), #3221 ) ;
#4362 = VERTEX_POINT ( 'NONE', #2088 ) ;
#4363 = CARTESIAN_POINT ( 'NONE',  ( -0.1738258421104695306, 0.1743541047592366000, 0.1000000000000000056 ) ) ;
#4364 = CARTESIAN_POINT ( 'NONE',  ( -1.476984712635663444, -1.550000000000000266, 0.07373471887023937132 ) ) ;
#4365 = CARTESIAN_POINT ( 'NONE',  ( 1.300000000000000044, 0.9500000000000000666, 0.4551791245819071796 ) ) ;
#4366 = CARTESIAN_POINT ( 'NONE',  ( -0.1349111842150163554, -0.01840975699154204573, 0.1000000000000000056 ) ) ;
#4367 = MECHANICAL_DESIGN_GEOMETRIC_PRESENTATION_REPRESENTATION (  '', ( #2383 ), #23 ) ;
#4368 = CARTESIAN_POINT ( 'NONE',  ( 1.299999999999999822, -0.1350000000000001477, 0.4551791245819071796 ) ) ;
#4369 = PRESENTATION_STYLE_ASSIGNMENT (( #2287 ) ) ;
#4370 = ADVANCED_FACE ( 'NONE', ( #3897 ), #569, .T. ) ;
#4371 = CARTESIAN_POINT ( 'NONE',  ( -0.1634492395463669756, 0.1554438483489801737, 0.1000000000000000056 ) ) ;
#4372 = SURFACE_STYLE_USAGE ( .BOTH. , #1572 ) ;
#4373 = AXIS2_PLACEMENT_3D ( 'NONE', #2958, #2356, #5705 ) ;
#4374 = VECTOR ( 'NONE', #917, 1000.000000000000000 ) ;
#4375 = FILL_AREA_STYLE ('',( #3846 ) ) ;
#4376 = CARTESIAN_POINT ( 'NONE',  ( 1.635598981869524238, -0.6850000000000002753, 0.09474694377404781209 ) ) ;
#4377 =( GEOMETRIC_REPRESENTATION_CONTEXT ( 3 ) GLOBAL_UNCERTAINTY_ASSIGNED_CONTEXT ( ( #5935 ) ) GLOBAL_UNIT_ASSIGNED_CONTEXT ( ( #4191, #6871, #6349 ) ) REPRESENTATION_CONTEXT ( 'NONE', 'WORKASPACE' ) );
#4378 = EDGE_CURVE ( 'NONE', #6151, #6689, #1788, .T. ) ;
#4379 = DIRECTION ( 'NONE',  ( 0.000000000000000000, -0.000000000000000000, -1.000000000000000000 ) ) ;
#4380 = CARTESIAN_POINT ( 'NONE',  ( -0.2331629696222482229, 0.09576541969399077203, 0.1000000000000000056 ) ) ;
#4381 = LINE ( 'NONE', #539, #5346 ) ;
#4382 = CARTESIAN_POINT ( 'NONE',  ( 1.675252549177989714, -0.9350000000000001643, 0.09999999999999990841 ) ) ;
#4383 = LINE ( 'NONE', #2450, #686 ) ;
#4384 = EDGE_CURVE ( 'NONE', #6567, #1513, #6345, .T. ) ;
#4385 =( LENGTH_UNIT ( ) NAMED_UNIT ( * ) SI_UNIT ( .MILLI., .METRE. ) );
#4386 = PRODUCT ( 'SOT33-5A_L3.9-W2.6-P0.90-BP2525D', 'SOT33-5A_L3.9-W2.6-P0.90-BP2525D', '', ( #1203 ) ) ;
#4387 = VECTOR ( 'NONE', #2011, 1000.000000000000000 ) ;
#4388 = CARTESIAN_POINT ( 'NONE',  ( -0.2793146241617516234, -0.01843435677922496130, 0.000000000000000000 ) ) ;
#4389 = UNCERTAINTY_MEASURE_WITH_UNIT (LENGTH_MEASURE( 1.000000000000000082E-05 ), #6481, 'distance_accuracy_value', 'NONE');
#4390 = VECTOR ( 'NONE', #3170, 1000.000000000000000 ) ;
#4391 = PRESENTATION_STYLE_ASSIGNMENT (( #3157 ) ) ;
#4392 =( NAMED_UNIT ( * ) PLANE_ANGLE_UNIT ( ) SI_UNIT ( $, .RADIAN. ) );
#4393 =( NAMED_UNIT ( * ) PLANE_ANGLE_UNIT ( ) SI_UNIT ( $, .RADIAN. ) );
#4394 = CARTESIAN_POINT ( 'NONE',  ( 0.07873826045363301052, -0.01843435677922496130, 0.1000000000000000056 ) ) ;
#4395 = ORIENTED_EDGE ( 'NONE', *, *, #4035, .T. ) ;
#4396 = CARTESIAN_POINT ( 'NONE',  ( 2.000000000000000000, -1.485000000000000320, -0.09999999999999995004 ) ) ;
#4397 = CARTESIAN_POINT ( 'NONE',  ( -0.2161335344181619378, 0.07908166886180068023, 0.1000000000000000056 ) ) ;
#4398 = CARTESIAN_POINT ( 'NONE',  ( 0.3131649598908798349, 0.06267139505325927673, 0.000000000000000000 ) ) ;
#4399 = EDGE_CURVE ( 'NONE', #6179, #4642, #4245, .T. ) ;
#4400 = AXIS2_PLACEMENT_3D ( 'NONE', #6645, #7199, #3935 ) ;
#4401 =( NAMED_UNIT ( * ) PLANE_ANGLE_UNIT ( ) SI_UNIT ( $, .RADIAN. ) );
#4402 = CARTESIAN_POINT ( 'NONE',  ( -0.1205286323624266825, 0.002119908108458163232, 0.1000000000000000056 ) ) ;
#4403 = MECHANICAL_DESIGN_GEOMETRIC_PRESENTATION_REPRESENTATION (  '', ( #6974 ), #1843 ) ;
#4404 = VECTOR ( 'NONE', #2965, 1000.000000000000227 ) ;
#4405 = CARTESIAN_POINT ( 'NONE',  ( 2.000000000000000444, -1.853522474313894719, 1.099999999999999201 ) ) ;
#4406 = CARTESIAN_POINT ( 'NONE',  ( -0.1395427587026334404, 0.1806336735113939496, 0.1000000000000000056 ) ) ;
#4407 = ORIENTED_EDGE ( 'NONE', *, *, #4869, .T. ) ;
#4408 = ADVANCED_FACE ( 'NONE', ( #3805 ), #5641, .F. ) ;
#4409 = STYLED_ITEM ( 'NONE', ( #1262 ), #4408 ) ;
#4410 =( NAMED_UNIT ( * ) PLANE_ANGLE_UNIT ( ) SI_UNIT ( $, .RADIAN. ) );
#4411 = ORIENTED_EDGE ( 'NONE', *, *, #6352, .T. ) ;
#4412 = CARTESIAN_POINT ( 'NONE',  ( 0.3048838256615918341, 0.03523351902871721397, 0.000000000000000000 ) ) ;
#4413 = VECTOR ( 'NONE', #82, 1000.000000000000227 ) ;
#4414 = CARTESIAN_POINT ( 'NONE',  ( -0.2340415434042318332, 0.08188806808683374294, 0.1000000000000000056 ) ) ;
#4415 = ORIENTED_EDGE ( 'NONE', *, *, #5749, .F. ) ;
#4416 = DIRECTION ( 'NONE',  ( 0.000000000000000000, -1.000000000000000000, 0.000000000000000000 ) ) ;
#4417 =( LENGTH_UNIT ( ) NAMED_UNIT ( * ) SI_UNIT ( .MILLI., .METRE. ) );
#4418 = EDGE_CURVE ( 'NONE', #1181, #4622, #5527, .T. ) ;
#4419 = CARTESIAN_POINT ( 'NONE',  ( 0.2964733079277591110, 0.07260538529240301298, 0.1000000000000000056 ) ) ;
#4420 = CARTESIAN_POINT ( 'NONE',  ( -0.1641960412718617701, -0.01580444149800075068, 5.421010862427522170E-17 ) ) ;
#4421 = CARTESIAN_POINT ( 'NONE',  ( 1.635598981869524238, 0.9500000000000000666, 0.09474694377404781209 ) ) ;
#4422 = AXIS2_PLACEMENT_3D ( 'NONE', #603, #2285, #6780 ) ;
#4423 = EDGE_CURVE ( 'NONE', #196, #3497, #4230, .T. ) ;
#4424 = CARTESIAN_POINT ( 'NONE',  ( 0.06078954250491507005, 0.1610528227079545405, 0.1000000000000000056 ) ) ;
#4425 = ORIENTED_EDGE ( 'NONE', *, *, #5621, .T. ) ;
#4426 = SURFACE_STYLE_USAGE ( .BOTH. , #1652 ) ;
#4427 = VECTOR ( 'NONE', #5773, 1000.000000000000000 ) ;
#4428 = ORIENTED_EDGE ( 'NONE', *, *, #6978, .F. ) ;
#4429 = SURFACE_STYLE_USAGE ( .BOTH. , #2771 ) ;
#4430 = VERTEX_POINT ( 'NONE', #1656 ) ;
#4431 = CARTESIAN_POINT ( 'NONE',  ( -1.391402837117598157, 1.550000000000000044, 0.4551791245819074017 ) ) ;
#4432 =( NAMED_UNIT ( * ) SI_UNIT ( $, .STERADIAN. ) SOLID_ANGLE_UNIT ( ) );
#4433 = CARTESIAN_POINT ( 'NONE',  ( -0.1761398272137496279, 0.1734723501510153643, 0.1000000000000000056 ) ) ;
#4434 = ORIENTED_EDGE ( 'NONE', *, *, #1867, .F. ) ;
#4435 = DIRECTION ( 'NONE',  ( 0.000000000000000000, 1.000000000000000000, -0.000000000000000000 ) ) ;
#4436 = CARTESIAN_POINT ( 'NONE',  ( 0.1273895941118472486, 0.1542851387195345592, 0.000000000000000000 ) ) ;
#4437 = VERTEX_POINT ( 'NONE', #5598 ) ;
#4438 = VERTEX_POINT ( 'NONE', #5010 ) ;
#4439 = PRESENTATION_LAYER_ASSIGNMENT (  '', '', ( #3993 ) ) ;
#4440 = FACE_OUTER_BOUND ( 'NONE', #864, .T. ) ;
#4441 = SURFACE_STYLE_FILL_AREA ( #3752 ) ;
#4442 = CARTESIAN_POINT ( 'NONE',  ( -0.2055682008887697865, 0.1226422366961386345, 0.000000000000000000 ) ) ;
#4443 = LINE ( 'NONE', #5819, #3186 ) ;
#4444 = EDGE_CURVE ( 'NONE', #361, #7118, #6603, .T. ) ;
#4445 = VERTEX_POINT ( 'NONE', #1633 ) ;
#4446 = CARTESIAN_POINT ( 'NONE',  ( -0.2301784902370728469, 0.1114174336295460227, 0.1000000000000000056 ) ) ;
#4447 = VECTOR ( 'NONE', #6424, 1000.000000000000000 ) ;
#4448 =( GEOMETRIC_REPRESENTATION_CONTEXT ( 3 ) GLOBAL_UNCERTAINTY_ASSIGNED_CONTEXT ( ( #1552 ) ) GLOBAL_UNIT_ASSIGNED_CONTEXT ( ( #3366, #4540, #6738 ) ) REPRESENTATION_CONTEXT ( 'NONE', 'WORKASPACE' ) );
#4449 = CARTESIAN_POINT ( 'NONE',  ( 0.4146356963510689497, 0.002078463733595553239, 0.000000000000000000 ) ) ;
#4450 = CARTESIAN_POINT ( 'NONE',  ( -0.3556768036489311169, 0.1425832714259032685, 0.1000000000000000056 ) ) ;
#4451 = CARTESIAN_POINT ( 'NONE',  ( -0.1349111842150163554, -0.01840975699154204573, 5.421010862427522170E-17 ) ) ;
#4452 = CARTESIAN_POINT ( 'NONE',  ( 1.589670673659924649, -0.6850000000000002753, 0.4414444057116678755 ) ) ;
#4453 = ADVANCED_FACE ( 'NONE', ( #832 ), #2381, .T. ) ;
#4454 = CARTESIAN_POINT ( 'NONE',  ( -0.1805572982162080287, 0.1481176469403770457, 0.1000000000000000056 ) ) ;
#4455 = VECTOR ( 'NONE', #2605, 1000.000000000000000 ) ;
#4456 = DIRECTION ( 'NONE',  ( 0.000000000000000000, 1.000000000000000000, 0.000000000000000000 ) ) ;
#4457 = DIRECTION ( 'NONE',  ( -0.000000000000000000, 0.000000000000000000, -1.000000000000000000 ) ) ;
#4458 = DIRECTION ( 'NONE',  ( 0.1081201162549495637, -0.1940253244615268435, -0.9750201094996017170 ) ) ;
#4459 = CARTESIAN_POINT ( 'NONE',  ( -0.1458369909687660670, 0.1589183656046608828, 0.000000000000000000 ) ) ;
#4460 = MECHANICAL_DESIGN_GEOMETRIC_PRESENTATION_REPRESENTATION (  '', ( #3414 ), #4308 ) ;
#4461 = PRESENTATION_STYLE_ASSIGNMENT (( #831 ) ) ;
#4462 = CARTESIAN_POINT ( 'NONE',  ( 0.1209887785029490626, 0.1464829239728905330, -0.000000000000000000 ) ) ;
#4463 = LINE ( 'NONE', #7211, #6366 ) ;
#4464 = COLOUR_RGB ( '',0.7960784313725489669, 0.8235294117647058432, 0.9372549019607843146 ) ;
#4465 = DIRECTION ( 'NONE',  ( 0.1313264056488086529, -0.000000000000000000, -0.9913391827116310173 ) ) ;
#4466 = ORIENTED_EDGE ( 'NONE', *, *, #5114, .F. ) ;
#4467 = VECTOR ( 'NONE', #3143, 1000.000000000000000 ) ;
#4468 = DIRECTION ( 'NONE',  ( 2.710505431213765029E-15, 0.000000000000000000, 1.000000000000000000 ) ) ;
#4469 = CARTESIAN_POINT ( 'NONE',  ( -0.1933628945176281144, 0.1647134417416696861, 0.1000000000000000056 ) ) ;
#4470 = VECTOR ( 'NONE', #5461, 1000.000000000000114 ) ;
#4471 = CARTESIAN_POINT ( 'NONE',  ( 0.1805803675671850128, -0.02090138774544553213, 0.000000000000000000 ) ) ;
#4472 = SURFACE_STYLE_FILL_AREA ( #244 ) ;
#4473 = CARTESIAN_POINT ( 'NONE',  ( 1.635598981869524238, -0.9350000000000001643, 0.09474694377404781209 ) ) ;
#4474 = CARTESIAN_POINT ( 'NONE',  ( -0.1835263307768456864, 0.01414292832657393882, 0.1000000000000000056 ) ) ;
#4475 = MECHANICAL_DESIGN_GEOMETRIC_PRESENTATION_REPRESENTATION (  '', ( #6336 ), #4616 ) ;
#4476 = CARTESIAN_POINT ( 'NONE',  ( 0.2069033245561971712, -0.003049741394609574528, 0.1000000000000000056 ) ) ;
#4477 = CARTESIAN_POINT ( 'NONE',  ( 1.391402837117596825, -0.9350000000000001643, -0.1000000000000000472 ) ) ;
#4478 = LINE ( 'NONE', #6620, #2437 ) ;
#4479 = SURFACE_SIDE_STYLE ('',( #5300 ) ) ;
#4480 = VECTOR ( 'NONE', #102, 1000.000000000000000 ) ;
#4481 = MECHANICAL_DESIGN_GEOMETRIC_PRESENTATION_REPRESENTATION (  '', ( #5518 ), #5613 ) ;
#4482 = EDGE_CURVE ( 'NONE', #6898, #1685, #4972, .T. ) ;
#4483 = CARTESIAN_POINT ( 'NONE',  ( -1.675252549177989936, 0.6500000000000001332, 0.05999999999999997002 ) ) ;
#4484 = CARTESIAN_POINT ( 'NONE',  ( 0.3112346058863228460, 0.05314479422979109802, 0.1000000000000000056 ) ) ;
#4485 = CARTESIAN_POINT ( 'NONE',  ( -0.2319525735250818066, 0.1037490691831604722, 0.000000000000000000 ) ) ;
#4486 = FACE_OUTER_BOUND ( 'NONE', #3535, .T. ) ;
#4487 = CARTESIAN_POINT ( 'NONE',  ( -1.431056404426063855, 1.550000000000000044, 0.4204321808078594902 ) ) ;
#4488 = CARTESIAN_POINT ( 'NONE',  ( -2.000000000000000000, -1.550000000000000266, 0.06000000000000001166 ) ) ;
#4489 = EDGE_CURVE ( 'NONE', #6396, #827, #2324, .T. ) ;
#4490 = ORIENTED_EDGE ( 'NONE', *, *, #6813, .F. ) ;
#4491 = ORIENTED_EDGE ( 'NONE', *, *, #4630, .F. ) ;
#4492 = UNCERTAINTY_MEASURE_WITH_UNIT (LENGTH_MEASURE( 1.000000000000000082E-05 ), #6250, 'distance_accuracy_value', 'NONE');
#4493 = EDGE_CURVE ( 'NONE', #4060, #3601, #1102, .T. ) ;
#4494 = LINE ( 'NONE', #4365, #5459 ) ;
#4495 = SURFACE_STYLE_USAGE ( .BOTH. , #2273 ) ;
#4496 = PRESENTATION_STYLE_ASSIGNMENT (( #4288 ) ) ;
#4497 = CARTESIAN_POINT ( 'NONE',  ( 0.06078954250491507005, 0.1610528227079545405, 0.000000000000000000 ) ) ;
#4498 = FILL_AREA_STYLE ('',( #542 ) ) ;
#4499 = DIRECTION ( 'NONE',  ( 1.000000000000000000, 0.000000000000000000, -0.000000000000000000 ) ) ;
#4500 = VECTOR ( 'NONE', #33, 1000.000000000000000 ) ;
#4501 = DIRECTION ( 'NONE',  ( 0.000000000000000000, -0.000000000000000000, 1.000000000000000000 ) ) ;
#4502 = CARTESIAN_POINT ( 'NONE',  ( 0.2069033245561971712, -0.003049741394609574528, 0.1000000000000000056 ) ) ;
#4503 = CARTESIAN_POINT ( 'NONE',  ( 0.1582172538685371888, 0.1764185582108828698, 0.1000000000000000056 ) ) ;
#4504 = CARTESIAN_POINT ( 'NONE',  ( 0.2535461280214645896, -0.01488074271905492560, 0.1000000000000000056 ) ) ;
#4505 = CARTESIAN_POINT ( 'NONE',  ( 0.3004753939353471681, 0.02686390709295607276, 0.000000000000000000 ) ) ;
#4506 =( GEOMETRIC_REPRESENTATION_CONTEXT ( 3 ) GLOBAL_UNCERTAINTY_ASSIGNED_CONTEXT ( ( #1939 ) ) GLOBAL_UNIT_ASSIGNED_CONTEXT ( ( #4007, #2775, #646 ) ) REPRESENTATION_CONTEXT ( 'NONE', 'WORKASPACE' ) );
#4507 = LINE ( 'NONE', #4559, #2985 ) ;
#4508 = DIRECTION ( 'NONE',  ( -0.000000000000000000, -1.000000000000000000, -0.000000000000000000 ) ) ;
#4509 = MECHANICAL_DESIGN_GEOMETRIC_PRESENTATION_REPRESENTATION (  '', ( #1721 ), #5257 ) ;
#4510 = VECTOR ( 'NONE', #2477, 1000.000000000000000 ) ;
#4511 = CARTESIAN_POINT ( 'NONE',  ( 1.431056404426063855, 1.550000000000000266, 0.4204321808078592682 ) ) ;
#4512 = ORIENTED_EDGE ( 'NONE', *, *, #2649, .T. ) ;
#4513 = DIRECTION ( 'NONE',  ( -0.000000000000000000, 1.000000000000000000, -0.000000000000000000 ) ) ;
#4514 = CARTESIAN_POINT ( 'NONE',  ( -0.1933628945176281144, 0.1647134417416696861, 0.000000000000000000 ) ) ;
#4515 = ORIENTED_EDGE ( 'NONE', *, *, #3018, .T. ) ;
#4516 = CARTESIAN_POINT ( 'NONE',  ( -2.000000000000000000, -1.550000000000000266, 0.06000000000000001166 ) ) ;
#4517 = CARTESIAN_POINT ( 'NONE',  ( 0.1197639014792740431, 0.1448669252720571066, 0.000000000000000000 ) ) ;
#4518 = STYLED_ITEM ( 'NONE', ( #4391 ), #5340 ) ;
#4519 = EDGE_LOOP ( 'NONE', ( #5741, #2691, #4033, #7056, #4204, #2998, #7087, #6672, #3050, #1423, #6928, #2566 ) ) ;
#4520 = ORIENTED_EDGE ( 'NONE', *, *, #5327, .F. ) ;
#4521 = CARTESIAN_POINT ( 'NONE',  ( -1.476984712635663444, 0.6500000000000001332, 0.07373471887023946847 ) ) ;
#4522 = ORIENTED_EDGE ( 'NONE', *, *, #3612, .F. ) ;
#4523 = CARTESIAN_POINT ( 'NONE',  ( -0.2219506972203794670, 0.1326132887578431174, 0.1000000000000000056 ) ) ;
#4524 = STYLED_ITEM ( 'NONE', ( #4986 ), #2529 ) ;
#4525 = VERTEX_POINT ( 'NONE', #3459 ) ;
#4526 = VECTOR ( 'NONE', #5215, 1000.000000000000000 ) ;
#4527 = ORIENTED_EDGE ( 'NONE', *, *, #6844, .F. ) ;
#4528 = CARTESIAN_POINT ( 'NONE',  ( -1.391402837117598379, 0.6500000000000001332, 0.4151791245819074216 ) ) ;
#4529 = STYLED_ITEM ( 'NONE', ( #3823 ), #230 ) ;
#4530 = ORIENTED_EDGE ( 'NONE', *, *, #6798, .F. ) ;
#4531 = CARTESIAN_POINT ( 'NONE',  ( 0.2162991834516253820, -0.002874387156133224354, 1.355252715606880543E-17 ) ) ;
#4532 = DIRECTION ( 'NONE',  ( -1.000000000000000000, 0.000000000000000000, 0.000000000000000000 ) ) ;
#4533 = CARTESIAN_POINT ( 'NONE',  ( 1.391402837117598157, -1.485000000000000320, 0.4151791245819071996 ) ) ;
#4534 =( GEOMETRIC_REPRESENTATION_CONTEXT ( 3 ) GLOBAL_UNCERTAINTY_ASSIGNED_CONTEXT ( ( #3080 ) ) GLOBAL_UNIT_ASSIGNED_CONTEXT ( ( #6761, #3412, #4560 ) ) REPRESENTATION_CONTEXT ( 'NONE', 'WORKASPACE' ) );
#4535 = EDGE_CURVE ( 'NONE', #1021, #1134, #1951, .T. ) ;
#4536 = CARTESIAN_POINT ( 'NONE',  ( 0.3143719855058927926, 0.09340272380104325256, 0.1000000000000000056 ) ) ;
#4537 = CARTESIAN_POINT ( 'NONE',  ( -1.300000000000000044, -1.950000000000000400, 0.6151791245819069331 ) ) ;
#4538 =( NAMED_UNIT ( * ) SI_UNIT ( $, .STERADIAN. ) SOLID_ANGLE_UNIT ( ) );
#4539 = ORIENTED_EDGE ( 'NONE', *, *, #2405, .T. ) ;
#4540 =( NAMED_UNIT ( * ) PLANE_ANGLE_UNIT ( ) SI_UNIT ( $, .RADIAN. ) );
#4541 = CARTESIAN_POINT ( 'NONE',  ( -2.000000000000000000, -1.150000000000000133, -0.1000000000000000056 ) ) ;
#4542 = CARTESIAN_POINT ( 'NONE',  ( -0.1395427587026334404, 0.1806336735113939496, 0.000000000000000000 ) ) ;
#4543 = CARTESIAN_POINT ( 'NONE',  ( -0.1522970853595908280, 0.004021212887519348515, 0.000000000000000000 ) ) ;
#4544 = ORIENTED_EDGE ( 'NONE', *, *, #5243, .F. ) ;
#4545 = PRESENTATION_STYLE_ASSIGNMENT (( #4071 ) ) ;
#4546 = DIRECTION ( 'NONE',  ( 0.000000000000000000, 0.000000000000000000, -1.000000000000000000 ) ) ;
#4547 = COLOUR_RGB ( '',0.7960784313725489669, 0.8235294117647058432, 0.9372549019607843146 ) ;
#4548 = FILL_AREA_STYLE_COLOUR ( '', #4259 ) ;
#4549 = SURFACE_STYLE_FILL_AREA ( #4666 ) ;
#4550 = EDGE_CURVE ( 'NONE', #2567, #1398, #4611, .T. ) ;
#4551 = DIRECTION ( 'NONE',  ( 0.000000000000000000, 0.000000000000000000, -1.000000000000000000 ) ) ;
#4552 = UNCERTAINTY_MEASURE_WITH_UNIT (LENGTH_MEASURE( 1.000000000000000082E-05 ), #58, 'distance_accuracy_value', 'NONE');
#4553 = PLANE ( 'NONE',  #5231 ) ;
#4554 = CARTESIAN_POINT ( 'NONE',  ( 0.2070235168638894507, 0.1866938483489801737, 0.1000000000000000056 ) ) ;
#4555 = SURFACE_SIDE_STYLE ('',( #2778 ) ) ;
#4556 = ORIENTED_EDGE ( 'NONE', *, *, #7128, .F. ) ;
#4557 = ORIENTED_EDGE ( 'NONE', *, *, #4624, .F. ) ;
#4558 = PRESENTATION_STYLE_ASSIGNMENT (( #2465 ) ) ;
#4559 = CARTESIAN_POINT ( 'NONE',  ( 1.476984712635663444, -0.1350000000000001477, 0.07373471887023939908 ) ) ;
#4560 =( NAMED_UNIT ( * ) SI_UNIT ( $, .STERADIAN. ) SOLID_ANGLE_UNIT ( ) );
#4561 = DIRECTION ( 'NONE',  ( -0.000000000000000000, -0.000000000000000000, 1.000000000000000000 ) ) ;
#4562 = VECTOR ( 'NONE', #3395, 999.9999999999998863 ) ;
#4563 = DIRECTION ( 'NONE',  ( 0.000000000000000000, 1.000000000000000000, 0.000000000000000000 ) ) ;
#4564 = CARTESIAN_POINT ( 'NONE',  ( -0.1103643036489311419, 0.1815656432207750637, 0.000000000000000000 ) ) ;
#4565 = DIRECTION ( 'NONE',  ( -1.000000000000000000, 0.000000000000000000, 0.000000000000000000 ) ) ;
#4566 = LINE ( 'NONE', #377, #3572 ) ;
#4567 = AXIS2_PLACEMENT_3D ( 'NONE', #4503, #6082, #496 ) ;
#4568 = DIRECTION ( 'NONE',  ( 0.000000000000000000, 0.000000000000000000, -1.000000000000000000 ) ) ;
#4569 = CARTESIAN_POINT ( 'NONE',  ( 1.675252549177989714, 0.9500000000000000666, 0.09999999999999995004 ) ) ;
#4570 = CARTESIAN_POINT ( 'NONE',  ( -0.1319588549309823888, -0.01843435677922496130, 0.1000000000000000056 ) ) ;
#4571 = VECTOR ( 'NONE', #6696, 999.9999999999998863 ) ;
#4572 = CARTESIAN_POINT ( 'NONE',  ( 0.3146356963510689164, 0.08272750219513402836, 0.1000000000000000056 ) ) ;
#4573 = EDGE_CURVE ( 'NONE', #3987, #6003, #6854, .T. ) ;
#4574 = VECTOR ( 'NONE', #363, 1000.000000000000000 ) ;
#4575 =( LENGTH_UNIT ( ) NAMED_UNIT ( * ) SI_UNIT ( .MILLI., .METRE. ) );
#4576 = CARTESIAN_POINT ( 'NONE',  ( -1.391402837117598157, 0.2500000000000001110, 0.4151791245819074216 ) ) ;
#4577 = ORIENTED_EDGE ( 'NONE', *, *, #1463, .T. ) ;
#4578 = CARTESIAN_POINT ( 'NONE',  ( -0.03408225236687983939, 0.09951436116949299859, 0.000000000000000000 ) ) ;
#4579 = CARTESIAN_POINT ( 'NONE',  ( -0.3571591754438029342, 0.1815656432207750637, 0.1000000000000000056 ) ) ;
#4580 = DIRECTION ( 'NONE',  ( 0.000000000000000000, 0.000000000000000000, -1.000000000000000000 ) ) ;
#4581 = VECTOR ( 'NONE', #1688, 1000.000000000000000 ) ;
#4582 = FACE_OUTER_BOUND ( 'NONE', #2073, .T. ) ;
#4583 = DIRECTION ( 'NONE',  ( 1.000000000000000000, 0.000000000000000000, 0.000000000000000000 ) ) ;
#4584 = ORIENTED_EDGE ( 'NONE', *, *, #5883, .T. ) ;
#4585 = ORIENTED_EDGE ( 'NONE', *, *, #1750, .F. ) ;
#4586 = PLANE ( 'NONE',  #4373 ) ;
#4587 = UNCERTAINTY_MEASURE_WITH_UNIT (LENGTH_MEASURE( 1.000000000000000082E-05 ), #2841, 'distance_accuracy_value', 'NONE');
#4588 = DIRECTION ( 'NONE',  ( -1.000000000000000000, -1.549790303122160425E-16, -0.000000000000000000 ) ) ;
#4589 = CARTESIAN_POINT ( 'NONE',  ( -1.391402837117598157, -1.550000000000000266, 0.4551791245819074017 ) ) ;
#4590 = COLOUR_RGB ( '',0.7960784313725489669, 0.8235294117647058432, 0.9372549019607843146 ) ;
#4591 = EDGE_CURVE ( 'NONE', #6857, #5345, #4965, .T. ) ;
#4592 = EDGE_CURVE ( 'NONE', #3978, #1557, #824, .T. ) ;
#4593 = CARTESIAN_POINT ( 'NONE',  ( -2.000000000000000000, 1.550000000000000044, 0.06000000000000001166 ) ) ;
#4594 = FILL_AREA_STYLE_COLOUR ( '', #5940 ) ;
#4595 = ORIENTED_EDGE ( 'NONE', *, *, #1265, .F. ) ;
#4596 = ORIENTED_EDGE ( 'NONE', *, *, #1825, .T. ) ;
#4597 = VERTEX_POINT ( 'NONE', #3484 ) ;
#4598 = DIRECTION ( 'NONE',  ( 0.000000000000000000, -1.000000000000000000, 0.000000000000000000 ) ) ;
#4599 =( LENGTH_UNIT ( ) NAMED_UNIT ( * ) SI_UNIT ( .MILLI., .METRE. ) );
#4600 = ORIENTED_EDGE ( 'NONE', *, *, #3901, .F. ) ;
#4601 = VERTEX_POINT ( 'NONE', #6877 ) ;
#4602 = CARTESIAN_POINT ( 'NONE',  ( 1.300000000000000266, -1.949999999999999956, 0.6151791245819073772 ) ) ;
#4603 = ORIENTED_EDGE ( 'NONE', *, *, #2731, .F. ) ;
#4604 = CARTESIAN_POINT ( 'NONE',  ( 0.2577319737118117238, 0.01041440488290236790, 0.1000000000000000056 ) ) ;
#4605 = VECTOR ( 'NONE', #5730, 1000.000000000000000 ) ;
#4606 = CARTESIAN_POINT ( 'NONE',  ( -0.4003883421104696416, 0.04566820732333915639, 0.1000000000000000056 ) ) ;
#4607 = ORIENTED_EDGE ( 'NONE', *, *, #6138, .T. ) ;
#4608 = EDGE_LOOP ( 'NONE', ( #394, #2377, #3485, #4157 ) ) ;
#4609 = CARTESIAN_POINT ( 'NONE',  ( 0.2951544265415779189, 0.09858910189179279082, 0.000000000000000000 ) ) ;
#4610 = ORIENTED_EDGE ( 'NONE', *, *, #3718, .T. ) ;
#4611 = CIRCLE ( 'NONE', #2888, 0.1999999999999999833 ) ;
#4612 = VERTEX_POINT ( 'NONE', #126 ) ;
#4613 = SURFACE_SIDE_STYLE ('',( #1729 ) ) ;
#4614 = ORIENTED_EDGE ( 'NONE', *, *, #308, .T. ) ;
#4615 = DIRECTION ( 'NONE',  ( 0.000000000000000000, -0.000000000000000000, -1.000000000000000000 ) ) ;
#4616 =( GEOMETRIC_REPRESENTATION_CONTEXT ( 3 ) GLOBAL_UNCERTAINTY_ASSIGNED_CONTEXT ( ( #6838 ) ) GLOBAL_UNIT_ASSIGNED_CONTEXT ( ( #2565, #885, #5889 ) ) REPRESENTATION_CONTEXT ( 'NONE', 'WORKASPACE' ) );
#4617 = CIRCLE ( 'NONE', #4619, 0.1999999999999999833 ) ;
#4618 = CARTESIAN_POINT ( 'NONE',  ( 0.1682381575660238937, 0.1805384243418090284, 0.1000000000000000056 ) ) ;
#4619 = AXIS2_PLACEMENT_3D ( 'NONE', #4280, #2062, #2536 ) ;
#4620 = LINE ( 'NONE', #1386, #739 ) ;
#4621 = CARTESIAN_POINT ( 'NONE',  ( 0.2254118688944873605, -0.001660548268040787454, 0.1000000000000000056 ) ) ;
#4622 = VERTEX_POINT ( 'NONE', #169 ) ;
#4623 = CARTESIAN_POINT ( 'NONE',  ( -1.300000000000000266, -1.550000000000000266, 0.6151791245819073772 ) ) ;
#4624 = EDGE_CURVE ( 'NONE', #1513, #1733, #1425, .T. ) ;
#4625 = SURFACE_STYLE_FILL_AREA ( #5556 ) ;
#4626 = FACE_OUTER_BOUND ( 'NONE', #5339, .T. ) ;
#4627 = EDGE_CURVE ( 'NONE', #4890, #5065, #1005, .T. ) ;
#4628 = CARTESIAN_POINT ( 'NONE',  ( 0.06078954250491507005, 0.09951436116949299859, 0.000000000000000000 ) ) ;
#4629 = SURFACE_SIDE_STYLE ('',( #6737 ) ) ;
#4630 = EDGE_CURVE ( 'NONE', #2553, #3210, #6598, .T. ) ;
#4631 = CARTESIAN_POINT ( 'NONE',  ( -0.1946140974865453177, 0.1371006590074069220, 0.1000000000000000056 ) ) ;
#4632 = VECTOR ( 'NONE', #2, 1000.000000000000000 ) ;
#4633 = CARTESIAN_POINT ( 'NONE',  ( 1.300000000000000266, 1.950000000000000400, 0.6151791245819073772 ) ) ;
#4634 = PRESENTATION_STYLE_ASSIGNMENT (( #4711 ) ) ;
#4635 = CARTESIAN_POINT ( 'NONE',  ( -0.2270202573912332988, 0.03802259580719256210, 0.1000000000000000056 ) ) ;
#4636 = B_SPLINE_SURFACE_WITH_KNOTS ( 'NONE', 3, 1, ( 
 ( #1148, #2217 ),
 ( #1191, #2269 ),
 ( #2801, #5130 ),
 ( #2311, #60 ),
 ( #6240, #4459 ),
 ( #5595, #6146 ),
 ( #2773, #557 ),
 ( #5064, #1675 ),
 ( #5617, #6172 ),
 ( #6716, #3368 ),
 ( #1209, #1250 ) ),
 .UNSPECIFIED., .F., .F., .F.,
 ( 4, 1, 1, 1, 1, 1, 1, 1, 4 ),
 ( 2, 2 ),
 ( 0.000000000000000000, 0.08431861695858089423, 0.1792845142139041781, 0.2865825276465601146, 0.4051114834342786075, 0.5355928734189734364, 0.6781902099934136174, 0.8329758397604892783, 1.000000000000000000 ),
 ( 0.000000000000000000, 1.000000000000000000 ),
 .UNSPECIFIED. ) ;
#4637 = FACE_OUTER_BOUND ( 'NONE', #5692, .T. ) ;
#4638 = FILL_AREA_STYLE_COLOUR ( '', #3015 ) ;
#4639 = EDGE_CURVE ( 'NONE', #3611, #6497, #1941, .T. ) ;
#4640 = AXIS2_PLACEMENT_3D ( 'NONE', #5567, #2800, #1127 ) ;
#4641 = FILL_AREA_STYLE_COLOUR ( '', #3025 ) ;
#4642 = VERTEX_POINT ( 'NONE', #4633 ) ;
#4643 = VECTOR ( 'NONE', #3725, 1000.000000000000000 ) ;
#4644 = STYLED_ITEM ( 'NONE', ( #7155 ), #1924 ) ;
#4645 = CARTESIAN_POINT ( 'NONE',  ( -1.391402837117598157, 1.550000000000000044, 0.4151791245819074216 ) ) ;
#4646 = CARTESIAN_POINT ( 'NONE',  ( 0.1197639014792740431, 0.1448669252720571066, 0.1000000000000000056 ) ) ;
#4647 = FILL_AREA_STYLE_COLOUR ( '', #1718 ) ;
#4648 = PRESENTATION_LAYER_ASSIGNMENT (  '', '', ( #2091 ) ) ;
#4649 = CARTESIAN_POINT ( 'NONE',  ( 0.2712836152879922746, 0.02100093670058315182, 0.1000000000000000056 ) ) ;
#4650 = CYLINDRICAL_SURFACE ( 'NONE', #3876, 0.04000000000000004247 ) ;
#4651 = VERTEX_POINT ( 'NONE', #5198 ) ;
#4652 = LINE ( 'NONE', #6809, #2964 ) ;
#4653 = STYLED_ITEM ( 'NONE', ( #2661 ), #2813 ) ;
#4654 =( NAMED_UNIT ( * ) SI_UNIT ( $, .STERADIAN. ) SOLID_ANGLE_UNIT ( ) );
#4655 = CARTESIAN_POINT ( 'NONE',  ( 1.299999999999999600, 1.949999999999999956, 1.100000000000000089 ) ) ;
#4656 = CARTESIAN_POINT ( 'NONE',  ( 1.391402837117598379, -0.1350000000000001477, 0.4551791245819072351 ) ) ;
#4657 = VECTOR ( 'NONE', #4458, 1000.000000000000227 ) ;
#4658 = CARTESIAN_POINT ( 'NONE',  ( -0.1773780489806030813, -0.01246629800273908913, 0.1000000000000000056 ) ) ;
#4659 = EDGE_CURVE ( 'NONE', #2439, #4437, #4697, .T. ) ;
#4660 = B_SPLINE_SURFACE_WITH_KNOTS ( 'NONE', 3, 1, ( 
 ( #6206, #2258 ),
 ( #5627, #6183 ),
 ( #5083, #5105 ),
 ( #1162, #1184 ),
 ( #4474, #1743 ),
 ( #1117, #1689 ),
 ( #2840, #2817 ),
 ( #5585, #6728 ),
 ( #3329, #53 ),
 ( #3951, #5604 ),
 ( #5678, #1666 ),
 ( #1141, #2235 ),
 ( #1715, #548 ),
 ( #3385, #5652 ),
 ( #3426, #2303 ),
 ( #6753, #3407 ),
 ( #6161, #6686 ),
 ( #75, #6230 ),
 ( #2863, #6776 ) ),
 .UNSPECIFIED., .F., .F., .F.,
 ( 4, 1, 1, 1, 1, 1, 1, 1, 1, 1, 1, 1, 1, 1, 1, 1, 4 ),
 ( 2, 2 ),
 ( 0.000000000000000000, 0.06241450026327791806, 0.1233382314733143525, 0.1831245376921932511, 0.2417829946389428997, 0.3005788825509771445, 0.3596800748966263450, 0.4188816408500465882, 0.4795306644577832511, 0.5408505357600387198, 0.6023033958983802227, 0.6644632119464729536, 0.7278057226670121560, 0.7928948147812349134, 0.8596723283028315787, 0.9284644007334887927, 0.9999999999999998890 ),
 ( 0.000000000000000000, 1.000000000000000000 ),
 .UNSPECIFIED. ) ;
#4661 = EDGE_LOOP ( 'NONE', ( #6057, #6840, #7110, #4228, #6597, #2495, #4236, #3213, #634, #109, #2544, #6922 ) ) ;
#4662 = ORIENTED_EDGE ( 'NONE', *, *, #2950, .F. ) ;
#4663 = STYLED_ITEM ( 'NONE', ( #1042 ), #6384 ) ;
#4664 = EDGE_CURVE ( 'NONE', #1591, #4874, #1255, .T. ) ;
#4665 = VECTOR ( 'NONE', #3726, 1000.000000000000000 ) ;
#4666 = FILL_AREA_STYLE ('',( #4641 ) ) ;
#4667 = VECTOR ( 'NONE', #348, 1000.000000000000114 ) ;
#4668 = CARTESIAN_POINT ( 'NONE',  ( -0.2333395249691748441, 0.06451858058535347995, 0.000000000000000000 ) ) ;
#4669 = CARTESIAN_POINT ( 'NONE',  ( -0.1304690960996597038, 0.1602981005011881177, 0.000000000000000000 ) ) ;
#4670 = ADVANCED_FACE ( 'NONE', ( #133 ), #2315, .T. ) ;
#4671 = UNCERTAINTY_MEASURE_WITH_UNIT (LENGTH_MEASURE( 1.000000000000000082E-05 ), #3061, 'distance_accuracy_value', 'NONE');
#4672 = PRESENTATION_STYLE_ASSIGNMENT (( #2525 ) ) ;
#4673 = EDGE_CURVE ( 'NONE', #2900, #4790, #6086, .T. ) ;
#4674 = LINE ( 'NONE', #5236, #5284 ) ;
#4675 = CARTESIAN_POINT ( 'NONE',  ( 0.2479672113450433202, 0.1575177895669895578, 0.1000000000000000056 ) ) ;
#4676 = ORIENTED_EDGE ( 'NONE', *, *, #2131, .T. ) ;
#4677 = CARTESIAN_POINT ( 'NONE',  ( 0.1354690296844022757, 0.1328476945028263523, 0.000000000000000000 ) ) ;
#4678 = SURFACE_SIDE_STYLE ('',( #2251 ) ) ;
#4679 = CARTESIAN_POINT ( 'NONE',  ( -0.1634492395463669756, 0.1554438483489801737, 0.1000000000000000056 ) ) ;
#4680 = ADVANCED_FACE ( 'NONE', ( #5143 ), #5159, .F. ) ;
#4681 = DIRECTION ( 'NONE',  ( 1.000000000000000000, 0.000000000000000000, 4.173251282424002606E-16 ) ) ;
#4682 = EDGE_CURVE ( 'NONE', #1716, #3453, #473, .T. ) ;
#4683 = ORIENTED_EDGE ( 'NONE', *, *, #752, .F. ) ;
#4684 = EDGE_LOOP ( 'NONE', ( #3716, #1333, #7027, #3717, #4699, #5256, #2048, #2015 ) ) ;
#4685 = ORIENTED_EDGE ( 'NONE', *, *, #4664, .T. ) ;
#4686 = CARTESIAN_POINT ( 'NONE',  ( 0.1805194636849652701, 0.1839868597581612308, -1.355252715606880543E-17 ) ) ;
#4687 = VERTEX_POINT ( 'NONE', #1856 ) ;
#4688 = SURFACE_SIDE_STYLE ('',( #4266 ) ) ;
#4689 = DIRECTION ( 'NONE',  ( 1.000000000000000000, -0.000000000000000000, -1.251975384727201669E-16 ) ) ;
#4690 = ORIENTED_EDGE ( 'NONE', *, *, #32, .F. ) ;
#4691 = ORIENTED_EDGE ( 'NONE', *, *, #4869, .F. ) ;
#4692 = DIRECTION ( 'NONE',  ( -0.9913391827116310173, 0.000000000000000000, 0.1313264056488086806 ) ) ;
#4693 = ORIENTED_EDGE ( 'NONE', *, *, #703, .T. ) ;
#4694 = CARTESIAN_POINT ( 'NONE',  ( 0.2315112645590717000, -0.02139901414876799191, 4.065758146820641628E-17 ) ) ;
#4695 = DIRECTION ( 'NONE',  ( -0.000000000000000000, -1.000000000000000000, -0.000000000000000000 ) ) ;
#4696 = ORIENTED_EDGE ( 'NONE', *, *, #5005, .T. ) ;
#4697 = LINE ( 'NONE', #1256, #3615 ) ;
#4698 = ORIENTED_EDGE ( 'NONE', *, *, #5481, .T. ) ;
#4699 = ORIENTED_EDGE ( 'NONE', *, *, #4489, .F. ) ;
#4700 = DIRECTION ( 'NONE',  ( -0.000000000000000000, 0.000000000000000000, 1.000000000000000000 ) ) ;
#4701 = FILL_AREA_STYLE ('',( #6398 ) ) ;
#4702 = STYLED_ITEM ( 'NONE', ( #6883 ), #2001 ) ;
#4703 = CARTESIAN_POINT ( 'NONE',  ( -1.431056404426063855, -1.550000000000000266, 0.4204321808078594902 ) ) ;
#4704 = PRESENTATION_STYLE_ASSIGNMENT (( #3622 ) ) ;
#4705 = VERTEX_POINT ( 'NONE', #6283 ) ;
#4706 = VECTOR ( 'NONE', #5846, 1000.000000000000000 ) ;
#4707 = DIRECTION ( 'NONE',  ( -0.000000000000000000, -1.000000000000000000, -0.000000000000000000 ) ) ;
#4708 = ADVANCED_FACE ( 'NONE', ( #1700 ), #195, .F. ) ;
#4709 =( NAMED_UNIT ( * ) PLANE_ANGLE_UNIT ( ) SI_UNIT ( $, .RADIAN. ) );
#4710 =( NAMED_UNIT ( * ) PLANE_ANGLE_UNIT ( ) SI_UNIT ( $, .RADIAN. ) );
#4711 = SURFACE_STYLE_USAGE ( .BOTH. , #4688 ) ;
#4712 = CARTESIAN_POINT ( 'NONE',  ( -0.2089489844807147778, 0.04309669008378330668, 0.000000000000000000 ) ) ;
#4713 = AXIS2_PLACEMENT_3D ( 'NONE', #6746, #5076, #5204 ) ;
#4714 = ADVANCED_FACE ( 'NONE', ( #5826 ), #3055, .F. ) ;
#4715 = ORIENTED_EDGE ( 'NONE', *, *, #6981, .T. ) ;
#4716 = UNCERTAINTY_MEASURE_WITH_UNIT (LENGTH_MEASURE( 1.000000000000000082E-05 ), #6667, 'distance_accuracy_value', 'NONE');
#4717 = ADVANCED_FACE ( 'NONE', ( #3890 ), #2984, .F. ) ;
#4718 = DIRECTION ( 'NONE',  ( 0.000000000000000000, 0.000000000000000000, 1.000000000000000000 ) ) ;
#4719 = COLOUR_RGB ( '',0.7960784313725489669, 0.8235294117647058432, 0.9372549019607843146 ) ;
#4720 = CARTESIAN_POINT ( 'NONE',  ( 0.2535461280214645896, -0.01488074271905492560, 4.065758146820641628E-17 ) ) ;
#4721 = PRESENTATION_STYLE_ASSIGNMENT (( #339 ) ) ;
#4722 = PRESENTATION_LAYER_ASSIGNMENT (  '', '', ( #3473 ) ) ;
#4723 = CARTESIAN_POINT ( 'NONE',  ( -0.1490004730681709078, -0.01781608121700889447, 0.000000000000000000 ) ) ;
#4724 = DIRECTION ( 'NONE',  ( 1.000000000000000000, -0.000000000000000000, -1.251975384727201669E-16 ) ) ;
#4725 = FACE_OUTER_BOUND ( 'NONE', #1153, .T. ) ;
#4726 = EDGE_CURVE ( 'NONE', #56, #6898, #5290, .T. ) ;
#4727 = FILL_AREA_STYLE_COLOUR ( '', #543 ) ;
#4728 = EDGE_CURVE ( 'NONE', #6182, #5323, #206, .T. ) ;
#4729 = PLANE ( 'NONE',  #6959 ) ;
#4730 = SURFACE_SIDE_STYLE ('',( #6691 ) ) ;
#4731 = VERTEX_POINT ( 'NONE', #5267 ) ;
#4732 = FACE_OUTER_BOUND ( 'NONE', #5391, .T. ) ;
#4733 = VECTOR ( 'NONE', #7230, 1000.000000000000000 ) ;
#4734 = CARTESIAN_POINT ( 'NONE',  ( 0.2371498969528869905, 0.1617909469260545297, 0.1000000000000000056 ) ) ;
#4735 = CARTESIAN_POINT ( 'NONE',  ( 0.2001769471929618627, 0.1866117636527248602, 0.1000000000000000056 ) ) ;
#4736 = PLANE ( 'NONE',  #201 ) ;
#4737 = LINE ( 'NONE', #1038, #5950 ) ;
#4738 = CARTESIAN_POINT ( 'NONE',  ( -0.1835263307768456864, 0.01414292832657393882, 0.000000000000000000 ) ) ;
#4739 = SURFACE_STYLE_FILL_AREA ( #2781 ) ;
#4740 = CARTESIAN_POINT ( 'NONE',  ( 0.1209887785029490626, 0.1464829239728905330, 0.1000000000000000056 ) ) ;
#4741 = FACE_OUTER_BOUND ( 'NONE', #2568, .T. ) ;
#4742 = FILL_AREA_STYLE ('',( #1894 ) ) ;
#4743 = LINE ( 'NONE', #1324, #5272 ) ;
#4744 = CARTESIAN_POINT ( 'NONE',  ( 0.2814323265038181643, 0.003181460303659732879, 0.000000000000000000 ) ) ;
#4745 = EDGE_LOOP ( 'NONE', ( #1942, #3605, #2117, #6162 ) ) ;
#4746 =( NAMED_UNIT ( * ) PLANE_ANGLE_UNIT ( ) SI_UNIT ( $, .RADIAN. ) );
#4747 =( LENGTH_UNIT ( ) NAMED_UNIT ( * ) SI_UNIT ( .MILLI., .METRE. ) );
#4748 = SURFACE_STYLE_USAGE ( .BOTH. , #6945 ) ;
#4749 = FACE_OUTER_BOUND ( 'NONE', #5483, .T. ) ;
#4750 = ADVANCED_FACE ( 'NONE', ( #4946 ), #4299, .F. ) ;
#4751 = FILL_AREA_STYLE ('',( #5708 ) ) ;
#4752 = PRESENTATION_STYLE_ASSIGNMENT (( #5137 ) ) ;
#4753 = AXIS2_PLACEMENT_3D ( 'NONE', #6234, #683, #3956 ) ;
#4754 = VERTEX_POINT ( 'NONE', #4174 ) ;
#4755 = FILL_AREA_STYLE ('',( #820 ) ) ;
#4756 = CARTESIAN_POINT ( 'NONE',  ( 0.2629644968871500121, 0.1487378434766042645, 0.1000000000000000056 ) ) ;
#4757 = CARTESIAN_POINT ( 'NONE',  ( 0.1209887785029490626, 0.1464829239728905330, -1.355252715606880543E-17 ) ) ;
#4758 = DIRECTION ( 'NONE',  ( -1.000000000000000000, 0.000000000000000000, 0.000000000000000000 ) ) ;
#4759 = AXIS2_PLACEMENT_3D ( 'NONE', #1831, #812, #3524 ) ;
#4760 =( NAMED_UNIT ( * ) SI_UNIT ( $, .STERADIAN. ) SOLID_ANGLE_UNIT ( ) );
#4761 = STYLED_ITEM ( 'NONE', ( #893 ), #6637 ) ;
#4762 = EDGE_CURVE ( 'NONE', #4188, #7196, #3516, .T. ) ;
#4763 = ORIENTED_EDGE ( 'NONE', *, *, #5621, .F. ) ;
#4764 = CARTESIAN_POINT ( 'NONE',  ( 0.1459056739264459057, 0.1696882893585719698, 0.1000000000000000056 ) ) ;
#4765 = VECTOR ( 'NONE', #1044, 1000.000000000000000 ) ;
#4766 = EDGE_CURVE ( 'NONE', #6825, #6418, #1844, .T. ) ;
#4767 = CARTESIAN_POINT ( 'NONE',  ( -1.476984712635663444, 0.6500000000000001332, 0.07373471887023937132 ) ) ;
#4768 = ORIENTED_EDGE ( 'NONE', *, *, #6223, .T. ) ;
#4769 = FILL_AREA_STYLE ('',( #4186 ) ) ;
#4770 = ORIENTED_EDGE ( 'NONE', *, *, #4875, .F. ) ;
#4771 = ORIENTED_EDGE ( 'NONE', *, *, #6484, .T. ) ;
#4772 = CARTESIAN_POINT ( 'NONE',  ( 0.2315737278935006693, 0.1633893823019118008, 0.1000000000000000056 ) ) ;
#4773 = DIRECTION ( 'NONE',  ( -0.000000000000000000, -1.000000000000000000, -0.000000000000000000 ) ) ;
#4774 = LINE ( 'NONE', #5564, #4413 ) ;
#4775 = CARTESIAN_POINT ( 'NONE',  ( 0.1354690296844022757, 0.03028359193872376398, 0.1000000000000000056 ) ) ;
#4776 = ORIENTED_EDGE ( 'NONE', *, *, #6885, .T. ) ;
#4777 = DIRECTION ( 'NONE',  ( 0.000000000000000000, 0.000000000000000000, 1.000000000000000000 ) ) ;
#4778 = CARTESIAN_POINT ( 'NONE',  ( -1.300000000000000266, -1.150000000000000133, 0.6151791245819073772 ) ) ;
#4779 =( NAMED_UNIT ( * ) SI_UNIT ( $, .STERADIAN. ) SOLID_ANGLE_UNIT ( ) );
#4780 = ORIENTED_EDGE ( 'NONE', *, *, #4639, .T. ) ;
#4781 = CARTESIAN_POINT ( 'NONE',  ( 0.1864613003130655144, -0.001154201313848487878, 0.000000000000000000 ) ) ;
#4782 = CARTESIAN_POINT ( 'NONE',  ( 0.2923187831428700201, 0.1093716119873325149, 0.1000000000000000056 ) ) ;
#4783 = EDGE_LOOP ( 'NONE', ( #3960, #6674, #2228, #692 ) ) ;
#4784 = DIRECTION ( 'NONE',  ( 0.000000000000000000, 0.000000000000000000, -1.000000000000000000 ) ) ;
#4785 = COLOUR_RGB ( '',0.7960784313725489669, 0.8235294117647058432, 0.9372549019607843146 ) ;
#4786 = EDGE_CURVE ( 'NONE', #906, #2907, #5809, .T. ) ;
#4787 = STYLED_ITEM ( 'NONE', ( #4369 ), #6350 ) ;
#4788 = ORIENTED_EDGE ( 'NONE', *, *, #2956, .F. ) ;
#4789 = CARTESIAN_POINT ( 'NONE',  ( -0.03408225236687983939, -0.01843435677922496130, 0.1000000000000000056 ) ) ;
#4790 = VERTEX_POINT ( 'NONE', #7089 ) ;
#4791 = CARTESIAN_POINT ( 'NONE',  ( -0.7584421074882420344, 1.408911553841009523, 1.080000000000000071 ) ) ;
#4792 = MECHANICAL_DESIGN_GEOMETRIC_PRESENTATION_REPRESENTATION (  '', ( #6143 ), #3737 ) ;
#4793 = ADVANCED_FACE ( 'NONE', ( #2643 ), #3697, .F. ) ;
#4794 = CARTESIAN_POINT ( 'NONE',  ( 0.1388149345518956135, 0.1368352879630811703, 0.1000000000000000056 ) ) ;
#4795 = ORIENTED_EDGE ( 'NONE', *, *, #1560, .T. ) ;
#4796 = CARTESIAN_POINT ( 'NONE',  ( 0.2635417572308652034, -0.009948871779712415916, 4.065758146820641628E-17 ) ) ;
#4797 = VECTOR ( 'NONE', #2412, 1000.000000000000000 ) ;
#4798 = PRESENTATION_STYLE_ASSIGNMENT (( #6797 ) ) ;
#4799 = STYLED_ITEM ( 'NONE', ( #7120 ), #4714 ) ;
#4800 = CIRCLE ( 'NONE', #6593, 0.04000000000000004940 ) ;
#4801 = CARTESIAN_POINT ( 'NONE',  ( 0.2880596401944972573, 0.1195532790427365072, 0.1000000000000000056 ) ) ;
#4802 = VECTOR ( 'NONE', #789, 1000.000000000000000 ) ;
#4803 = SURFACE_STYLE_USAGE ( .BOTH. , #5334 ) ;
#4804 =( NAMED_UNIT ( * ) PLANE_ANGLE_UNIT ( ) SI_UNIT ( $, .RADIAN. ) );
#4805 = CARTESIAN_POINT ( 'NONE',  ( 2.000000000000000000, 1.950000000000000400, 0.4551791245819074017 ) ) ;
#4806 =( GEOMETRIC_REPRESENTATION_CONTEXT ( 3 ) GLOBAL_UNCERTAINTY_ASSIGNED_CONTEXT ( ( #3353 ) ) GLOBAL_UNIT_ASSIGNED_CONTEXT ( ( #7001, #1361, #1377 ) ) REPRESENTATION_CONTEXT ( 'NONE', 'WORKASPACE' ) );
#4807 = LINE ( 'NONE', #4193, #4079 ) ;
#4808 = SURFACE_STYLE_FILL_AREA ( #2364 ) ;
#4809 =( NAMED_UNIT ( * ) SI_UNIT ( $, .STERADIAN. ) SOLID_ANGLE_UNIT ( ) );
#4810 = AXIS2_PLACEMENT_3D ( 'NONE', #947, #4275, #4860 ) ;
#4811 = CARTESIAN_POINT ( 'NONE',  ( 0.1505138912454053457, 0.01560688471268567232, 0.1000000000000000056 ) ) ;
#4812 =( GEOMETRIC_REPRESENTATION_CONTEXT ( 3 ) GLOBAL_UNCERTAINTY_ASSIGNED_CONTEXT ( ( #4078 ) ) GLOBAL_UNIT_ASSIGNED_CONTEXT ( ( #2822, #6734, #4538 ) ) REPRESENTATION_CONTEXT ( 'NONE', 'WORKASPACE' ) );
#4813 = EDGE_CURVE ( 'NONE', #2820, #2564, #4315, .T. ) ;
#4814 = UNCERTAINTY_MEASURE_WITH_UNIT (LENGTH_MEASURE( 1.000000000000000082E-05 ), #4385, 'distance_accuracy_value', 'NONE');
#4815 = DIRECTION ( 'NONE',  ( 1.000000000000000000, 0.000000000000000000, 5.930899995426698606E-16 ) ) ;
#4816 = CARTESIAN_POINT ( 'NONE',  ( -1.246238145344578996, -1.853522474313894941, 1.100000000000000089 ) ) ;
#4817 = DIRECTION ( 'NONE',  ( 1.000000000000000000, 1.112002228190260952E-16, -0.000000000000000000 ) ) ;
#4818 = VECTOR ( 'NONE', #3658, 1000.000000000000000 ) ;
#4819 = CARTESIAN_POINT ( 'NONE',  ( 0.2081453117356843185, 0.1661810278361596782, 0.1000000000000000056 ) ) ;
#4820 = LINE ( 'NONE', #881, #3740 ) ;
#4821 = B_SPLINE_CURVE_WITH_KNOTS ( 'NONE', 3,
 ( #2809, #5601, #5100, #1707, #2227, #5117, #5644, #511, #4442, #2834, #6744, #19, #565, #67, #7209, #1732, #5669, #6178, #1079 ),
 .UNSPECIFIED., .F., .F.,
 ( 4, 1, 1, 1, 1, 1, 1, 1, 1, 1, 1, 1, 1, 1, 1, 1, 4 ),
 ( 0.000000000000000000, 0.07015117599727851982, 0.1378126061901916999, 0.2032262471813942317, 0.2671740552944735780, 0.3300240034081790008, 0.3917942717866856328, 0.4530843989971408137, 0.5143339076458770531, 0.5749999928182688569, 0.6348654826222127623, 0.6941163151896418970, 0.7534416217804383864, 0.8131258003036114790, 0.8740796856370746104, 0.9360070132744072735, 1.000000000000000000 ),
 .UNSPECIFIED. ) ;
#4822 = DIRECTION ( 'NONE',  ( -0.1657246185374202097, 0.1611550021107267527, -0.9729154208384808156 ) ) ;
#4823 = SURFACE_SIDE_STYLE ('',( #5517 ) ) ;
#4824 = ORIENTED_EDGE ( 'NONE', *, *, #6022, .T. ) ;
#4825 = LINE ( 'NONE', #1618, #3405 ) ;
#4826 = EDGE_CURVE ( 'NONE', #6126, #5180, #345, .T. ) ;
#4827 = CARTESIAN_POINT ( 'NONE',  ( 0.2535461280214645896, -0.01488074271905492560, -0.000000000000000000 ) ) ;
#4828 = FILL_AREA_STYLE_COLOUR ( '', #6574 ) ;
#4829 = DIRECTION ( 'NONE',  ( 0.000000000000000000, -1.000000000000000000, 0.000000000000000000 ) ) ;
#4830 = DIRECTION ( 'NONE',  ( -0.000000000000000000, -0.000000000000000000, -1.000000000000000000 ) ) ;
#4831 = AXIS2_PLACEMENT_3D ( 'NONE', #665, #6216, #5750 ) ;
#4832 = COLOUR_RGB ( '',0.7960784313725489669, 0.8235294117647058432, 0.9372549019607843146 ) ;
#4833 = ADVANCED_FACE ( 'NONE', ( #4127 ), #2430, .T. ) ;
#4834 = CARTESIAN_POINT ( 'NONE',  ( 0.1319343985951956233, 0.004598587567434045398, 0.1000000000000000056 ) ) ;
#4835 = CARTESIAN_POINT ( 'NONE',  ( 0.2034117423279921955, -0.002953239694557773572, 0.000000000000000000 ) ) ;
#4836 = CARTESIAN_POINT ( 'NONE',  ( -0.2112262148573670895, 0.04843422209634973274, 0.1000000000000000056 ) ) ;
#4837 =( NAMED_UNIT ( * ) PLANE_ANGLE_UNIT ( ) SI_UNIT ( $, .RADIAN. ) );
#4838 = ORIENTED_EDGE ( 'NONE', *, *, #619, .F. ) ;
#4839 = DIRECTION ( 'NONE',  ( 0.1313264056488092912, 0.000000000000000000, -0.9913391827116310173 ) ) ;
#4840 = LINE ( 'NONE', #2375, #3324 ) ;
#4841 = COLOUR_RGB ( '',0.7960784313725489669, 0.8235294117647058432, 0.9372549019607843146 ) ;
#4842 = AXIS2_PLACEMENT_3D ( 'NONE', #6401, #817, #4319 ) ;
#4843 = SURFACE_SIDE_STYLE ('',( #88 ) ) ;
#4844 = ORIENTED_EDGE ( 'NONE', *, *, #2880, .F. ) ;
#4845 = CARTESIAN_POINT ( 'NONE',  ( -1.476984712635663444, 0.6500000000000001332, 0.07373471887023946847 ) ) ;
#4846 = ORIENTED_EDGE ( 'NONE', *, *, #289, .F. ) ;
#4847 = STYLED_ITEM ( 'NONE', ( #1452 ), #2414 ) ;
#4848 = SURFACE_STYLE_FILL_AREA ( #1567 ) ;
#4849 = SURFACE_STYLE_FILL_AREA ( #2070 ) ;
#4850 = CARTESIAN_POINT ( 'NONE',  ( -0.1019909062130336941, 0.1610528227079545405, 0.1000000000000000056 ) ) ;
#4851 = SURFACE_SIDE_STYLE ('',( #1068 ) ) ;
#4852 = DIRECTION ( 'NONE',  ( 0.000000000000000000, -1.000000000000000000, 0.000000000000000000 ) ) ;
#4853 = ORIENTED_EDGE ( 'NONE', *, *, #2871, .T. ) ;
#4854 = CARTESIAN_POINT ( 'NONE',  ( 0.3027995951308292133, 0.1323318310560325228, 0.1000000000000000056 ) ) ;
#4855 = CARTESIAN_POINT ( 'NONE',  ( -1.391402837117598157, -1.150000000000000133, 0.4151791245819074216 ) ) ;
#4856 = CARTESIAN_POINT ( 'NONE',  ( 1.391402837117598379, -0.1350000000000001477, 0.4551791245819072351 ) ) ;
#4857 = CARTESIAN_POINT ( 'NONE',  ( 0.2067831322485048362, -0.02356256190743008863, 0.000000000000000000 ) ) ;
#4858 = PRESENTATION_STYLE_ASSIGNMENT (( #6935 ) ) ;
#4859 = EDGE_LOOP ( 'NONE', ( #3087, #94, #4256, #6447 ) ) ;
#4860 = DIRECTION ( 'NONE',  ( 0.000000000000000000, 0.000000000000000000, -1.000000000000000000 ) ) ;
#4861 = ORIENTED_EDGE ( 'NONE', *, *, #3237, .T. ) ;
#4862 = CARTESIAN_POINT ( 'NONE',  ( 0.1197639014792740431, 0.01838455347718529614, 0.1000000000000000056 ) ) ;
#4863 = CARTESIAN_POINT ( 'NONE',  ( 1.675252549177989714, -0.1350000000000001477, 0.05999999999999984512 ) ) ;
#4864 = ORIENTED_EDGE ( 'NONE', *, *, #4728, .F. ) ;
#4865 = DIRECTION ( 'NONE',  ( 0.000000000000000000, -0.000000000000000000, 1.000000000000000000 ) ) ;
#4866 =( GEOMETRIC_REPRESENTATION_CONTEXT ( 3 ) GLOBAL_UNCERTAINTY_ASSIGNED_CONTEXT ( ( #2714 ) ) GLOBAL_UNIT_ASSIGNED_CONTEXT ( ( #3155, #7069, #3184 ) ) REPRESENTATION_CONTEXT ( 'NONE', 'WORKASPACE' ) );
#4867 = CARTESIAN_POINT ( 'NONE',  ( 0.2892751194279920002, 0.01141339963103145047, 0.1000000000000000056 ) ) ;
#4868 = MECHANICAL_DESIGN_GEOMETRIC_PRESENTATION_REPRESENTATION (  '', ( #6114 ), #115 ) ;
#4869 = EDGE_CURVE ( 'NONE', #4054, #2113, #459, .T. ) ;
#4870 = CLOSED_SHELL ( 'NONE', ( #5370, #6564, #5453, #4680, #2414, #5340, #6989, #1107, #922, #1419, #3553, #189, #6384, #2408, #6918, #266, #184, #3696, #6596, #3623, #3301, #7102, #4099, #1855, #369, #767, #2417, #1570, #5805, #956, #2672, #6637, #6350, #3107, #4714, #1924, #5952, #2114, #7026, #230, #4717, #5266, #2639, #2562, #2953, #2493, #6026, #6134, #436, #2001, #4370, #3887, #2742, #2999, #3586, #4750, #6060, #2529, #4793, #5299, #3173, #5884, #5916, #3217, #5526, #1889, #4331, #1766, #3663, #6912, #4708, #5851, #4298, #6890, #6533, #3544, #5302, #5227, #3768, #2038, #1533, #203, #880, #6794, #3580, #7144, #4408, #2703, #6393, #221, #4909, #2155, #330, #5415, #1649, #3842, #2078, #3032, #4453, #6098, #990, #4131, #4670, #5490, #3739, #2454, #759, #797, #1498, #469, #1307, #4833, #799, #298, #3452, #763, #1880, #7181, #5991, #6354, #4141, #6256, #6490, #1346, #5807, #1028, #4217, #1849, #845, #6461, #6908, #6427, #7222, #194, #6343, #6673, #2444, #3256, #4260, #2192, #6958, #2600, #5012, #1306, #1888, #403, #3066, #1965, #1459, #1376, #4936, #7063, #4871, #4182, #2449, #3137, #5841, #3809, #1607 ) ) ;
#4871 = ADVANCED_FACE ( 'NONE', ( #2824 ), #5491, .F. ) ;
#4872 = ORIENTED_EDGE ( 'NONE', *, *, #6452, .T. ) ;
#4873 = B_SPLINE_CURVE_WITH_KNOTS ( 'NONE', 3,
 ( #1624, #5609, #5632, #2157, #3931, #6109, #3910, #525, #6, #2821, #1067 ),
 .UNSPECIFIED., .F., .F.,
 ( 4, 1, 1, 1, 1, 1, 1, 1, 4 ),
 ( 0.000000000000000000, 0.1285151895116620202, 0.2529486363526580739, 0.3747547340060052301, 0.4959397538670500261, 0.6171806414298928178, 0.7409094692781375002, 0.8678111481862031962, 1.000000000000000000 ),
 .UNSPECIFIED. ) ;
#4874 = VERTEX_POINT ( 'NONE', #2625 ) ;
#4875 = EDGE_CURVE ( 'NONE', #5275, #5220, #5980, .T. ) ;
#4876 = DIRECTION ( 'NONE',  ( -1.000000000000000000, 0.000000000000000000, 0.000000000000000000 ) ) ;
#4877 = DIRECTION ( 'NONE',  ( -0.000000000000000000, -1.000000000000000000, -0.000000000000000000 ) ) ;
#4878 = EDGE_CURVE ( 'NONE', #1758, #3352, #895, .T. ) ;
#4879 = ORIENTED_EDGE ( 'NONE', *, *, #4968, .T. ) ;
#4880 = VERTEX_POINT ( 'NONE', #2282 ) ;
#4881 = ORIENTED_EDGE ( 'NONE', *, *, #120, .T. ) ;
#4882 = DIRECTION ( 'NONE',  ( 1.000000000000000000, -0.000000000000000000, -1.251975384727201669E-16 ) ) ;
#4883 = DIRECTION ( 'NONE',  ( -0.1102145766905164026, 0.000000000000000000, -0.9939078161906818032 ) ) ;
#4884 = CARTESIAN_POINT ( 'NONE',  ( 0.1197639014792740431, 0.01838455347718529614, 0.1000000000000000056 ) ) ;
#4885 = CARTESIAN_POINT ( 'NONE',  ( 0.2182147244419812282, 0.1864202171537638897, 0.1000000000000000056 ) ) ;
#4886 = SURFACE_STYLE_USAGE ( .BOTH. , #7064 ) ;
#4887 = VERTEX_POINT ( 'NONE', #6210 ) ;
#4888 = CARTESIAN_POINT ( 'NONE',  ( -1.391402837117598157, -1.550000000000000266, 0.4151791245819074216 ) ) ;
#4889 = SURFACE_STYLE_FILL_AREA ( #42 ) ;
#4890 = VERTEX_POINT ( 'NONE', #5056 ) ;
#4891 = DIRECTION ( 'NONE',  ( -0.000000000000000000, -0.000000000000000000, -1.000000000000000000 ) ) ;
#4892 = CARTESIAN_POINT ( 'NONE',  ( -1.589670673659924871, -1.550000000000000266, 0.4414444057116680975 ) ) ;
#4893 = CARTESIAN_POINT ( 'NONE',  ( -1.476984712635663444, 1.550000000000000044, 0.07373471887023937132 ) ) ;
#4894 = FILL_AREA_STYLE ('',( #4920 ) ) ;
#4895 = ORIENTED_EDGE ( 'NONE', *, *, #5068, .T. ) ;
#4896 = STYLED_ITEM ( 'NONE', ( #1296 ), #1459 ) ;
#4897 = VECTOR ( 'NONE', #4852, 1000.000000000000000 ) ;
#4898 = LINE ( 'NONE', #5570, #5418 ) ;
#4899 = DIRECTION ( 'NONE',  ( -0.000000000000000000, -1.000000000000000000, -0.000000000000000000 ) ) ;
#4900 = CARTESIAN_POINT ( 'NONE',  ( 0.3145627823628214803, 0.07930480824537830542, 0.1000000000000000056 ) ) ;
#4901 = STYLED_ITEM ( 'NONE', ( #4752 ), #5453 ) ;
#4902 = VECTOR ( 'NONE', #4456, 1000.000000000000000 ) ;
#4903 = CIRCLE ( 'NONE', #6703, 0.04000000000000002165 ) ;
#4904 = PRESENTATION_STYLE_ASSIGNMENT (( #3990 ) ) ;
#4905 = LINE ( 'NONE', #5928, #3394 ) ;
#4906 = CARTESIAN_POINT ( 'NONE',  ( 0.000000000000000000, 0.000000000000000000, 0.000000000000000000 ) ) ;
#4907 =( GEOMETRIC_REPRESENTATION_CONTEXT ( 3 ) GLOBAL_UNCERTAINTY_ASSIGNED_CONTEXT ( ( #6192 ) ) GLOBAL_UNIT_ASSIGNED_CONTEXT ( ( #697, #2275, #5716 ) ) REPRESENTATION_CONTEXT ( 'NONE', 'WORKASPACE' ) );
#4908 = CARTESIAN_POINT ( 'NONE',  ( 0.3145468281478077111, 0.08632495668320712412, 0.1000000000000000056 ) ) ;
#4909 = ADVANCED_FACE ( 'NONE', ( #1312 ), #3930, .T. ) ;
#4910 = UNCERTAINTY_MEASURE_WITH_UNIT (LENGTH_MEASURE( 1.000000000000000082E-05 ), #1180, 'distance_accuracy_value', 'NONE');
#4911 = CARTESIAN_POINT ( 'NONE',  ( 0.2424084926849147115, 0.002843500369605509066, 0.000000000000000000 ) ) ;
#4912 = SURFACE_STYLE_USAGE ( .BOTH. , #4321 ) ;
#4913 = EDGE_CURVE ( 'NONE', #2553, #188, #1967, .T. ) ;
#4914 = DIRECTION ( 'NONE',  ( 1.000000000000000000, -0.000000000000000000, 0.000000000000000000 ) ) ;
#4915 = PRESENTATION_STYLE_ASSIGNMENT (( #961 ) ) ;
#4916 = AXIS2_PLACEMENT_3D ( 'NONE', #1448, #5446, #4278 ) ;
#4917 = EDGE_CURVE ( 'NONE', #6340, #6084, #6159, .T. ) ;
#4918 = CARTESIAN_POINT ( 'NONE',  ( 1.246238145344578996, -1.949999999999999956, 1.100000000000000089 ) ) ;
#4919 = DIRECTION ( 'NONE',  ( 1.000000000000000000, 0.000000000000000000, 0.000000000000000000 ) ) ;
#4920 = FILL_AREA_STYLE_COLOUR ( '', #5328 ) ;
#4921 = ORIENTED_EDGE ( 'NONE', *, *, #5743, .T. ) ;
#4922 = VECTOR ( 'NONE', #3949, 1000.000000000000000 ) ;
#4923 = VECTOR ( 'NONE', #545, 1000.000000000000000 ) ;
#4924 = CARTESIAN_POINT ( 'NONE',  ( -0.03408225236687983939, 0.002078463733595553239, 0.000000000000000000 ) ) ;
#4925 = CARTESIAN_POINT ( 'NONE',  ( -0.2109868174863502033, 0.01069714394960501018, 5.421010862427522170E-17 ) ) ;
#4926 = CARTESIAN_POINT ( 'NONE',  ( 0.2761876717568694239, 0.1638125229659231075, -1.355252715606880543E-17 ) ) ;
#4927 = CARTESIAN_POINT ( 'NONE',  ( -0.1946140974865453177, 0.1371006590074069220, 8.131516293641283255E-17 ) ) ;
#4928 =( NAMED_UNIT ( * ) PLANE_ANGLE_UNIT ( ) SI_UNIT ( $, .RADIAN. ) );
#4929 = EDGE_CURVE ( 'NONE', #3859, #4954, #2293, .T. ) ;
#4930 = DIRECTION ( 'NONE',  ( -0.000000000000000000, -1.000000000000000000, -0.000000000000000000 ) ) ;
#4931 = CARTESIAN_POINT ( 'NONE',  ( -0.1141839010245510183, 0.002092640669256565309, 0.1000000000000000056 ) ) ;
#4932 = LINE ( 'NONE', #5555, #4581 ) ;
#4933 = DIRECTION ( 'NONE',  ( 1.000000000000000000, 0.000000000000000000, -0.000000000000000000 ) ) ;
#4934 = CARTESIAN_POINT ( 'NONE',  ( 0.2290912338580530783, 0.1849849533657699774, 0.000000000000000000 ) ) ;
#4935 = ORIENTED_EDGE ( 'NONE', *, *, #3756, .F. ) ;
#4936 = ADVANCED_FACE ( 'NONE', ( #5470 ), #6730, .F. ) ;
#4937 = MECHANICAL_DESIGN_GEOMETRIC_PRESENTATION_REPRESENTATION (  '', ( #4409 ), #3642 ) ;
#4938 = COLOUR_RGB ( '',0.7960784313725489669, 0.8235294117647058432, 0.9372549019607843146 ) ;
#4939 = CARTESIAN_POINT ( 'NONE',  ( 0.3084481639917725504, 0.04400037210176452329, 0.000000000000000000 ) ) ;
#4940 = CARTESIAN_POINT ( 'NONE',  ( 0.2081453117356843185, 0.1661810278361596782, 0.000000000000000000 ) ) ;
#4941 = UNCERTAINTY_MEASURE_WITH_UNIT (LENGTH_MEASURE( 1.000000000000000082E-05 ), #5871, 'distance_accuracy_value', 'NONE');
#4942 = MECHANICAL_DESIGN_GEOMETRIC_PRESENTATION_REPRESENTATION (  '', ( #4702 ), #4030 ) ;
#4943 = ORIENTED_EDGE ( 'NONE', *, *, #6721, .F. ) ;
#4944 = CARTESIAN_POINT ( 'NONE',  ( -1.391402837117598157, 0.2500000000000001110, 0.4151791245819074216 ) ) ;
#4945 = DIRECTION ( 'NONE',  ( 1.000000000000000000, 0.000000000000000000, 0.000000000000000000 ) ) ;
#4946 = FACE_OUTER_BOUND ( 'NONE', #3599, .T. ) ;
#4947 =( NAMED_UNIT ( * ) PLANE_ANGLE_UNIT ( ) SI_UNIT ( $, .RADIAN. ) );
#4948 = CARTESIAN_POINT ( 'NONE',  ( -0.2244696576097481300, 0.03194580670247221255, 0.1000000000000000056 ) ) ;
#4949 = VERTEX_POINT ( 'NONE', #2305 ) ;
#4950 = CARTESIAN_POINT ( 'NONE',  ( 0.2840486623454269166, 0.1568102742446508824, -1.355252715606880543E-17 ) ) ;
#4951 = EDGE_CURVE ( 'NONE', #5747, #4890, #1238, .T. ) ;
#4952 = CARTESIAN_POINT ( 'NONE',  ( 0.2131876669430445848, -0.02351798759933488789, 0.1000000000000000056 ) ) ;
#4953 = FILL_AREA_STYLE ('',( #5468 ) ) ;
#4954 = VERTEX_POINT ( 'NONE', #6820 ) ;
#4955 = DIRECTION ( 'NONE',  ( 1.000000000000000000, 0.000000000000000000, 0.000000000000000000 ) ) ;
#4956 = CARTESIAN_POINT ( 'NONE',  ( -1.476984712635663444, 1.550000000000000044, 0.07373471887023937132 ) ) ;
#4957 = COLOUR_RGB ( '',0.1960784313725490169, 0.1960784313725490169, 0.1960784313725490169 ) ;
#4958 = SURFACE_STYLE_USAGE ( .BOTH. , #2752 ) ;
#4959 = ORIENTED_EDGE ( 'NONE', *, *, #4287, .F. ) ;
#4960 = CARTESIAN_POINT ( 'NONE',  ( -2.000000000000000000, 0.2500000000000001110, 0.06000000000000001166 ) ) ;
#4961 = CARTESIAN_POINT ( 'NONE',  ( -1.391402837117598157, -1.150000000000000133, 0.4151791245819074216 ) ) ;
#4962 = ORIENTED_EDGE ( 'NONE', *, *, #6714, .F. ) ;
#4963 = DIRECTION ( 'NONE',  ( 0.000000000000000000, -1.000000000000000000, 0.000000000000000000 ) ) ;
#4964 = ORIENTED_EDGE ( 'NONE', *, *, #2595, .F. ) ;
#4965 = LINE ( 'NONE', #6830, #3270 ) ;
#4966 = VERTEX_POINT ( 'NONE', #142 ) ;
#4967 = EDGE_LOOP ( 'NONE', ( #1091, #4522, #65, #5061 ) ) ;
#4968 = EDGE_CURVE ( 'NONE', #1406, #2479, #957, .T. ) ;
#4969 = CARTESIAN_POINT ( 'NONE',  ( 0.2892751194279920002, 0.01141339963103145047, 0.000000000000000000 ) ) ;
#4970 = CARTESIAN_POINT ( 'NONE',  ( -0.2181943738230529839, 0.1390311203131656959, 0.1000000000000000056 ) ) ;
#4971 = EDGE_CURVE ( 'NONE', #4983, #1406, #1502, .T. ) ;
#4972 = LINE ( 'NONE', #717, #3451 ) ;
#4973 = CARTESIAN_POINT ( 'NONE',  ( -1.391402837117598157, -1.150000000000000133, 0.4151791245819074216 ) ) ;
#4974 = ORIENTED_EDGE ( 'NONE', *, *, #5368, .T. ) ;
#4975 = CARTESIAN_POINT ( 'NONE',  ( -1.476984712635663444, 1.149999999999999911, 0.07373471887023946847 ) ) ;
#4976 = CARTESIAN_POINT ( 'NONE',  ( 0.2932988264780962973, 0.05596016904545931397, 0.1000000000000000056 ) ) ;
#4977 = DIRECTION ( 'NONE',  ( -0.000000000000000000, -1.000000000000000000, -0.000000000000000000 ) ) ;
#4978 = VECTOR ( 'NONE', #3041, 1000.000000000000000 ) ;
#4979 = CARTESIAN_POINT ( 'NONE',  ( -0.2022594387833965557, 0.1277836290237849837, 0.1000000000000000056 ) ) ;
#4980 = FILL_AREA_STYLE ('',( #5587 ) ) ;
#4981 = LINE ( 'NONE', #3831, #4348 ) ;
#4982 =( NAMED_UNIT ( * ) SI_UNIT ( $, .STERADIAN. ) SOLID_ANGLE_UNIT ( ) );
#4983 = VERTEX_POINT ( 'NONE', #6276 ) ;
#4984 = CARTESIAN_POINT ( 'NONE',  ( -0.1379879120058470632, 0.002750144716262590411, 0.1000000000000000056 ) ) ;
#4985 = FILL_AREA_STYLE_COLOUR ( '', #4993 ) ;
#4986 = PRESENTATION_STYLE_ASSIGNMENT (( #2859 ) ) ;
#4987 = CARTESIAN_POINT ( 'NONE',  ( -0.1683156056789085198, 0.1761758943979656600, 0.000000000000000000 ) ) ;
#4988 = CARTESIAN_POINT ( 'NONE',  ( 0.2588104854219183126, 0.1750995926657752944, 0.000000000000000000 ) ) ;
#4989 = LINE ( 'NONE', #950, #3465 ) ;
#4990 =( NAMED_UNIT ( * ) SI_UNIT ( $, .STERADIAN. ) SOLID_ANGLE_UNIT ( ) );
#4991 = SURFACE_STYLE_FILL_AREA ( #2819 ) ;
#4992 = COLOUR_RGB ( '',0.7960784313725489669, 0.8235294117647058432, 0.9372549019607843146 ) ;
#4993 = COLOUR_RGB ( '',0.7960784313725489669, 0.8235294117647058432, 0.9372549019607843146 ) ;
#4994 = LINE ( 'NONE', #6903, #3926 ) ;
#4995 = SURFACE_SIDE_STYLE ('',( #6045 ) ) ;
#4996 = LINE ( 'NONE', #239, #90 ) ;
#4997 = CARTESIAN_POINT ( 'NONE',  ( 0.2952134031231617439, 0.06410420754718919312, 1.355252715606880543E-17 ) ) ;
#4998 = DIRECTION ( 'NONE',  ( -1.000000000000000000, 0.000000000000000000, 0.000000000000000000 ) ) ;
#4999 = PRESENTATION_LAYER_ASSIGNMENT (  '', '', ( #1690 ) ) ;
#5000 = VECTOR ( 'NONE', #1696, 1000.000000000000000 ) ;
#5001 = CARTESIAN_POINT ( 'NONE',  ( -0.2160465832790796070, 0.08601582112837209693, 8.131516293641283255E-17 ) ) ;
#5002 = CARTESIAN_POINT ( 'NONE',  ( 0.3112346058863228460, 0.05314479422979109802, 0.000000000000000000 ) ) ;
#5003 = ORIENTED_EDGE ( 'NONE', *, *, #4624, .T. ) ;
#5004 = AXIS2_PLACEMENT_3D ( 'NONE', #4576, #6819, #4551 ) ;
#5005 = EDGE_CURVE ( 'NONE', #7133, #7095, #3772, .T. ) ;
#5006 = FILL_AREA_STYLE ('',( #5592 ) ) ;
#5007 =( NAMED_UNIT ( * ) PLANE_ANGLE_UNIT ( ) SI_UNIT ( $, .RADIAN. ) );
#5008 = CARTESIAN_POINT ( 'NONE',  ( -0.2301784902370728469, 0.1114174336295460227, 0.1000000000000000056 ) ) ;
#5009 = DIRECTION ( 'NONE',  ( 0.000000000000000000, 0.000000000000000000, -1.000000000000000000 ) ) ;
#5010 = CARTESIAN_POINT ( 'NONE',  ( 0.06078954250491507005, 0.002078463733595553239, 0.1000000000000000056 ) ) ;
#5011 = EDGE_CURVE ( 'NONE', #2584, #6151, #1075, .T. ) ;
#5012 = ADVANCED_FACE ( 'NONE', ( #5642 ), #662, .T. ) ;
#5013 = EDGE_CURVE ( 'NONE', #3610, #3278, #3686, .T. ) ;
#5014 = SURFACE_STYLE_USAGE ( .BOTH. , #3376 ) ;
#5015 = DIRECTION ( 'NONE',  ( 2.710505431213761479E-15, -0.000000000000000000, -1.000000000000000000 ) ) ;
#5016 = VECTOR ( 'NONE', #2873, 1000.000000000000000 ) ;
#5017 =( LENGTH_UNIT ( ) NAMED_UNIT ( * ) SI_UNIT ( .MILLI., .METRE. ) );
#5018 = COLOUR_RGB ( '',0.7529411764705882248, 0.7529411764705882248, 0.7529411764705882248 ) ;
#5019 = CARTESIAN_POINT ( 'NONE',  ( 0.1276328387440125445, 0.008913103881670223286, 0.000000000000000000 ) ) ;
#5020 = CARTESIAN_POINT ( 'NONE',  ( 0.2868911334783142419, 0.04080084331009222604, 1.355252715606880543E-17 ) ) ;
#5021 = CARTESIAN_POINT ( 'NONE',  ( -0.08792840621303361914, 0.002078463733595553239, 0.000000000000000000 ) ) ;
#5022 = ORIENTED_EDGE ( 'NONE', *, *, #2866, .T. ) ;
#5023 = DIRECTION ( 'NONE',  ( -0.000000000000000000, -0.000000000000000000, -1.000000000000000000 ) ) ;
#5024 = CARTESIAN_POINT ( 'NONE',  ( -1.391402837117598379, 0.6500000000000001332, 0.4151791245819074216 ) ) ;
#5025 = LINE ( 'NONE', #5440, #4665 ) ;
#5026 = EDGE_CURVE ( 'NONE', #6418, #5833, #1160, .T. ) ;
#5027 = AXIS2_PLACEMENT_3D ( 'NONE', #3802, #6065, #4379 ) ;
#5028 = VECTOR ( 'NONE', #6008, 1000.000000000000000 ) ;
#5029 = DIRECTION ( 'NONE',  ( -0.000000000000000000, -0.000000000000000000, -1.000000000000000000 ) ) ;
#5030 = PRESENTATION_LAYER_ASSIGNMENT (  '', '', ( #4896 ) ) ;
#5031 = CARTESIAN_POINT ( 'NONE',  ( -0.9323315412195577467, 1.408911553841009523, 1.080000000000000071 ) ) ;
#5032 = ORIENTED_EDGE ( 'NONE', *, *, #6798, .T. ) ;
#5033 = CARTESIAN_POINT ( 'NONE',  ( 2.000000000000000444, -1.853522474313894719, 1.099999999999999201 ) ) ;
#5034 = DIRECTION ( 'NONE',  ( -0.000000000000000000, -0.000000000000000000, -1.000000000000000000 ) ) ;
#5035 = DIRECTION ( 'NONE',  ( -0.000000000000000000, 1.000000000000000000, -0.000000000000000000 ) ) ;
#5036 = CARTESIAN_POINT ( 'NONE',  ( 0.1409076820002939101, 0.1662428147583187021, 0.000000000000000000 ) ) ;
#5037 = VECTOR ( 'NONE', #1937, 1000.000000000000000 ) ;
#5038 = ORIENTED_EDGE ( 'NONE', *, *, #3860, .F. ) ;
#5039 = UNCERTAINTY_MEASURE_WITH_UNIT (LENGTH_MEASURE( 1.000000000000000082E-05 ), #1556, 'distance_accuracy_value', 'NONE');
#5040 = PRESENTATION_LAYER_ASSIGNMENT (  '', '', ( #4518 ) ) ;
#5041 = VERTEX_POINT ( 'NONE', #2951 ) ;
#5042 = ORIENTED_EDGE ( 'NONE', *, *, #3348, .T. ) ;
#5043 = FILL_AREA_STYLE ('',( #581 ) ) ;
#5044 = CARTESIAN_POINT ( 'NONE',  ( -0.2339613119005412856, 0.08749803744292733443, 0.000000000000000000 ) ) ;
#5045 = STYLED_ITEM ( 'NONE', ( #1559 ), #2953 ) ;
#5046 = ORIENTED_EDGE ( 'NONE', *, *, #3815, .F. ) ;
#5047 = ORIENTED_EDGE ( 'NONE', *, *, #5115, .F. ) ;
#5048 = ORIENTED_EDGE ( 'NONE', *, *, #5622, .T. ) ;
#5049 = CARTESIAN_POINT ( 'NONE',  ( 1.675252549177989714, -0.1350000000000001477, 0.09999999999999995004 ) ) ;
#5050 = CARTESIAN_POINT ( 'NONE',  ( 0.1973522745792741784, 0.1659081931207602723, 0.000000000000000000 ) ) ;
#5051 = FILL_AREA_STYLE_COLOUR ( '', #6554 ) ;
#5052 = AXIS2_PLACEMENT_3D ( 'NONE', #2989, #6305, #2937 ) ;
#5053 =( LENGTH_UNIT ( ) NAMED_UNIT ( * ) SI_UNIT ( .MILLI., .METRE. ) );
#5054 = DIRECTION ( 'NONE',  ( 2.710505431213761479E-15, -0.000000000000000000, -1.000000000000000000 ) ) ;
#5055 = EDGE_CURVE ( 'NONE', #1685, #2564, #2019, .T. ) ;
#5056 = CARTESIAN_POINT ( 'NONE',  ( -0.08792840621303361914, 0.002078463733595553239, 0.1000000000000000056 ) ) ;
#5057 = EDGE_LOOP ( 'NONE', ( #3033, #3254, #1100, #3983, #1421, #3525 ) ) ;
#5058 = CARTESIAN_POINT ( 'NONE',  ( 0.3144193372896115224, 0.07257127746481303876, 0.000000000000000000 ) ) ;
#5059 = EDGE_LOOP ( 'NONE', ( #7205, #1023, #902, #2483 ) ) ;
#5060 = DIRECTION ( 'NONE',  ( -0.1313264056488092912, 0.000000000000000000, 0.9913391827116309063 ) ) ;
#5061 = ORIENTED_EDGE ( 'NONE', *, *, #3101, .T. ) ;
#5062 = SURFACE_SIDE_STYLE ('',( #6129 ) ) ;
#5063 = DIRECTION ( 'NONE',  ( 0.000000000000000000, 1.000000000000000000, 0.000000000000000000 ) ) ;
#5064 = CARTESIAN_POINT ( 'NONE',  ( -0.1216527710719216421, 0.1607307470501804780, 0.1000000000000000056 ) ) ;
#5065 = VERTEX_POINT ( 'NONE', #2420 ) ;
#5066 = CARTESIAN_POINT ( 'NONE',  ( -0.2160465832790796070, 0.08601582112837209693, 0.1000000000000000056 ) ) ;
#5067 = COLOUR_RGB ( '',0.7960784313725489669, 0.8235294117647058432, 0.9372549019607843146 ) ;
#5068 = EDGE_CURVE ( 'NONE', #2024, #1305, #2200, .T. ) ;
#5069 = SURFACE_STYLE_USAGE ( .BOTH. , #3916 ) ;
#5070 = ORIENTED_EDGE ( 'NONE', *, *, #4929, .T. ) ;
#5071 = ORIENTED_EDGE ( 'NONE', *, *, #91, .F. ) ;
#5072 = CARTESIAN_POINT ( 'NONE',  ( -2.000000000000000000, -1.150000000000000133, 0.06000000000000001166 ) ) ;
#5073 = VECTOR ( 'NONE', #2599, 1000.000000000000000 ) ;
#5074 = EDGE_CURVE ( 'NONE', #3072, #7118, #907, .T. ) ;
#5075 = ORIENTED_EDGE ( 'NONE', *, *, #2783, .T. ) ;
#5076 = DIRECTION ( 'NONE',  ( -0.000000000000000000, -1.000000000000000000, -0.000000000000000000 ) ) ;
#5077 =( NAMED_UNIT ( * ) PLANE_ANGLE_UNIT ( ) SI_UNIT ( $, .RADIAN. ) );
#5078 = LINE ( 'NONE', #1877, #4706 ) ;
#5079 = SURFACE_STYLE_FILL_AREA ( #5994 ) ;
#5080 = B_SPLINE_SURFACE_WITH_KNOTS ( 'NONE', 3, 1, ( 
 ( #3008, #808 ),
 ( #837, #2501 ),
 ( #1874, #6911 ),
 ( #2447, #5791 ),
 ( #1364, #5866 ),
 ( #4772, #1381 ),
 ( #780, #2978 ),
 ( #5769, #6894 ),
 ( #4675, #2957 ),
 ( #1340, #3522 ),
 ( #733, #1297 ),
 ( #5240, #5285 ),
 ( #3547, #212 ),
 ( #762, #5261 ),
 ( #1896, #2474 ),
 ( #6395, #3026 ),
 ( #5986, #3121 ),
 ( #3168, #2547 ),
 ( #4801, #6541 ),
 ( #3142, #7083 ),
 ( #2047, #4238 ),
 ( #1944, #351 ),
 ( #5438, #6984 ),
 ( #2597, #376 ),
 ( #2569, #5939 ),
 ( #3692, #2617 ),
 ( #916, #5890 ) ),
 .UNSPECIFIED., .F., .F., .F.,
 ( 4, 1, 1, 1, 1, 1, 1, 1, 1, 1, 1, 1, 1, 1, 1, 1, 1, 1, 1, 1, 1, 1, 1, 1, 4 ),
 ( 2, 2 ),
 ( 0.000000000000000000, 0.04395490890619430102, 0.08750187479760462850, 0.1304626267314902832, 0.1727520205665172559, 0.2154030673796033246, 0.2576498297432394669, 0.3001527489572936025, 0.3431214895020865407, 0.3859251632064336635, 0.4276857274028017519, 0.4688179504865898073, 0.5094918001549956221, 0.5498830310733489046, 0.5899800229668863416, 0.6304052300068399006, 0.6708686260826384196, 0.7113839438381759361, 0.7516272580635843248, 0.7917755768651916215, 0.8324589188037425647, 0.8733190450172881869, 0.9145429556263491300, 0.9569235582098846171, 1.000000000000000000 ),
 ( 0.000000000000000000, 1.000000000000000000 ),
 .UNSPECIFIED. ) ;
#5081 = DIRECTION ( 'NONE',  ( -0.000000000000000000, -0.000000000000000000, -1.000000000000000000 ) ) ;
#5082 = CARTESIAN_POINT ( 'NONE',  ( -0.1319588549309823888, -0.01843435677922496130, 2.710505431213761085E-17 ) ) ;
#5083 = CARTESIAN_POINT ( 'NONE',  ( -0.1734898684990129336, 0.009080086558740849828, 0.1000000000000000056 ) ) ;
#5084 = ORIENTED_EDGE ( 'NONE', *, *, #2255, .F. ) ;
#5085 = DIRECTION ( 'NONE',  ( 0.1313264056488086529, -0.000000000000000000, -0.9913391827116310173 ) ) ;
#5086 =( NAMED_UNIT ( * ) SI_UNIT ( $, .STERADIAN. ) SOLID_ANGLE_UNIT ( ) );
#5087 = VECTOR ( 'NONE', #6042, 1000.000000000000000 ) ;
#5088 = DIRECTION ( 'NONE',  ( -0.000000000000000000, -1.000000000000000000, -0.000000000000000000 ) ) ;
#5089 = LINE ( 'NONE', #4421, #3552 ) ;
#5090 = FILL_AREA_STYLE ('',( #1168 ) ) ;
#5091 = B_SPLINE_SURFACE_WITH_KNOTS ( 'NONE', 3, 1, ( 
 ( #7126, #3291 ),
 ( #4931, #7094 ),
 ( #4402, #2135 ),
 ( #6063, #1048 ),
 ( #4984, #1550 ),
 ( #2719, #5496 ),
 ( #6644, #7197 ),
 ( #502, #3934 ),
 ( #6664, #2797 ),
 ( #528, #2268 ),
 ( #6735, #6694 ) ),
 .UNSPECIFIED., .F., .F., .F.,
 ( 4, 1, 1, 1, 1, 1, 1, 1, 4 ),
 ( 2, 2 ),
 ( 0.000000000000000000, 0.1719006646132689997, 0.3306279320958805945, 0.4755488358809185634, 0.6067461903123634315, 0.7250238034674904020, 0.8297423869584565903, 0.9213228203439755015, 0.9999999999999998890 ),
 ( 0.000000000000000000, 1.000000000000000000 ),
 .UNSPECIFIED. ) ;
#5092 = CARTESIAN_POINT ( 'NONE',  ( 0.2000292879179935424, -0.02348611192562014699, 0.000000000000000000 ) ) ;
#5093 = DIRECTION ( 'NONE',  ( -0.000000000000000000, -0.000000000000000000, -1.000000000000000000 ) ) ;
#5094 = PRESENTATION_LAYER_ASSIGNMENT (  '', '', ( #4799 ) ) ;
#5095 = SURFACE_STYLE_FILL_AREA ( #2164 ) ;
#5096 = DIRECTION ( 'NONE',  ( 0.000000000000000000, 0.000000000000000000, 1.000000000000000000 ) ) ;
#5097 =( NAMED_UNIT ( * ) SI_UNIT ( $, .STERADIAN. ) SOLID_ANGLE_UNIT ( ) );
#5098 = CARTESIAN_POINT ( 'NONE',  ( 1.391402837117596825, -0.6850000000000002753, -0.1000000000000000472 ) ) ;
#5099 = LINE ( 'NONE', #3946, #165 ) ;
#5100 = CARTESIAN_POINT ( 'NONE',  ( -0.2160465832790796070, 0.08601582112837209693, 0.000000000000000000 ) ) ;
#5101 = ORIENTED_EDGE ( 'NONE', *, *, #1984, .T. ) ;
#5102 = CIRCLE ( 'NONE', #874, 0.1999999999999999833 ) ;
#5103 = CARTESIAN_POINT ( 'NONE',  ( 0.07873826045363301052, 0.1815656432207750637, 0.1000000000000000056 ) ) ;
#5104 = FILL_AREA_STYLE ('',( #1161 ) ) ;
#5105 = CARTESIAN_POINT ( 'NONE',  ( -0.1734898684990129336, 0.009080086558740849828, 0.000000000000000000 ) ) ;
#5106 = DIRECTION ( 'NONE',  ( -0.000000000000000000, -0.000000000000000000, -1.000000000000000000 ) ) ;
#5107 =( NAMED_UNIT ( * ) SI_UNIT ( $, .STERADIAN. ) SOLID_ANGLE_UNIT ( ) );
#5108 = CARTESIAN_POINT ( 'NONE',  ( 2.000000000000000000, -0.1350000000000001477, -0.09999999999999995004 ) ) ;
#5109 = LINE ( 'NONE', #3499, #693 ) ;
#5110 = CARTESIAN_POINT ( 'NONE',  ( -0.2597232780079054559, -0.01843435677922496130, 0.000000000000000000 ) ) ;
#5111 = CARTESIAN_POINT ( 'NONE',  ( -0.2094787726897268387, 0.1507261676388193805, 0.000000000000000000 ) ) ;
#5112 = CARTESIAN_POINT ( 'NONE',  ( -0.1554235627637500505, 0.1788552415253401029, 0.000000000000000000 ) ) ;
#5113 = DIRECTION ( 'NONE',  ( -0.000000000000000000, -0.000000000000000000, 1.000000000000000000 ) ) ;
#5114 = EDGE_CURVE ( 'NONE', #1868, #5748, #3868, .T. ) ;
#5115 = EDGE_CURVE ( 'NONE', #1382, #4622, #3593, .T. ) ;
#5116 = ORIENTED_EDGE ( 'NONE', *, *, #6352, .F. ) ;
#5117 = CARTESIAN_POINT ( 'NONE',  ( -0.2127334660241901876, 0.1054700806250325335, 0.000000000000000000 ) ) ;
#5118 = SURFACE_STYLE_FILL_AREA ( #790 ) ;
#5119 = DIRECTION ( 'NONE',  ( -0.000000000000000000, -0.000000000000000000, -1.000000000000000000 ) ) ;
#5120 = ORIENTED_EDGE ( 'NONE', *, *, #2446, .F. ) ;
#5121 = SURFACE_STYLE_FILL_AREA ( #1384 ) ;
#5122 = DIRECTION ( 'NONE',  ( 0.000000000000000000, 0.000000000000000000, 1.000000000000000000 ) ) ;
#5123 = DIRECTION ( 'NONE',  ( 0.000000000000000000, 0.000000000000000000, 1.000000000000000000 ) ) ;
#5124 = DIRECTION ( 'NONE',  ( -1.112002228190260952E-16, 1.000000000000000000, 0.000000000000000000 ) ) ;
#5125 = CARTESIAN_POINT ( 'NONE',  ( 0.2814323265038181643, 0.003181460303659732879, 0.1000000000000000056 ) ) ;
#5126 = PLANE ( 'NONE',  #3749 ) ;
#5127 = LINE ( 'NONE', #6719, #6920 ) ;
#5128 = DIRECTION ( 'NONE',  ( -0.1313264056488087361, 0.000000000000000000, 0.9913391827116310173 ) ) ;
#5129 = ORIENTED_EDGE ( 'NONE', *, *, #7185, .F. ) ;
#5130 = CARTESIAN_POINT ( 'NONE',  ( -0.1582058260233322744, 0.1568938015167473665, 0.000000000000000000 ) ) ;
#5131 = UNCERTAINTY_MEASURE_WITH_UNIT (LENGTH_MEASURE( 1.000000000000000082E-05 ), #2434, 'distance_accuracy_value', 'NONE');
#5132 = ORIENTED_EDGE ( 'NONE', *, *, #5277, .F. ) ;
#5133 = DIRECTION ( 'NONE',  ( 1.000000000000000000, 1.549790303122160425E-16, 4.173251282424003099E-16 ) ) ;
#5134 = ORIENTED_EDGE ( 'NONE', *, *, #1760, .T. ) ;
#5135 = AXIS2_PLACEMENT_3D ( 'NONE', #3719, #371, #1489 ) ;
#5136 = ORIENTED_EDGE ( 'NONE', *, *, #3098, .T. ) ;
#5137 = SURFACE_STYLE_USAGE ( .BOTH. , #650 ) ;
#5138 = ORIENTED_EDGE ( 'NONE', *, *, #2354, .T. ) ;
#5139 = CARTESIAN_POINT ( 'NONE',  ( -0.1019909062130336941, 0.1610528227079545405, 0.1000000000000000056 ) ) ;
#5140 = CARTESIAN_POINT ( 'NONE',  ( -1.675252549177989714, 0.2500000000000001110, 0.09999999999999996392 ) ) ;
#5141 = STYLED_ITEM ( 'NONE', ( #510 ), #3107 ) ;
#5142 = ORIENTED_EDGE ( 'NONE', *, *, #3237, .F. ) ;
#5143 = FACE_OUTER_BOUND ( 'NONE', #44, .T. ) ;
#5144 = VERTEX_POINT ( 'NONE', #3640 ) ;
#5145 = FILL_AREA_STYLE_COLOUR ( '', #1892 ) ;
#5146 = AXIS2_PLACEMENT_3D ( 'NONE', #5197, #1095, #5591 ) ;
#5147 = ORIENTED_EDGE ( 'NONE', *, *, #4726, .T. ) ;
#5148 = APPLICATION_CONTEXT ( 'automotive_design' ) ;
#5149 = CARTESIAN_POINT ( 'NONE',  ( 1.431056404426063855, -0.1350000000000001477, 0.4204321808078592682 ) ) ;
#5150 = PRESENTATION_LAYER_ASSIGNMENT (  '', '', ( #4761 ) ) ;
#5151 = EDGE_CURVE ( 'NONE', #3440, #6033, #1679, .T. ) ;
#5152 = ORIENTED_EDGE ( 'NONE', *, *, #3966, .T. ) ;
#5153 = EDGE_CURVE ( 'NONE', #56, #5379, #4674, .T. ) ;
#5154 = CARTESIAN_POINT ( 'NONE',  ( 1.300000000000000044, 1.550000000000000266, 0.4551791245819074017 ) ) ;
#5155 = FACE_OUTER_BOUND ( 'NONE', #3007, .T. ) ;
#5156 = CIRCLE ( 'NONE', #152, 0.2000000000000000944 ) ;
#5157 = CARTESIAN_POINT ( 'NONE',  ( -0.2161042037116477077, 0.08142072487880305798, 0.1000000000000000056 ) ) ;
#5158 = CARTESIAN_POINT ( 'NONE',  ( -0.3556768036489311169, 0.1425832714259032685, 0.1000000000000000056 ) ) ;
#5159 = PLANE ( 'NONE',  #276 ) ;
#5160 = VECTOR ( 'NONE', #6353, 1000.000000000000114 ) ;
#5161 = VERTEX_POINT ( 'NONE', #2543 ) ;
#5162 = COLOUR_RGB ( '',0.7960784313725489669, 0.8235294117647058432, 0.9372549019607843146 ) ;
#5163 = CARTESIAN_POINT ( 'NONE',  ( -0.2147260572232526088, 0.01548429948167788679, 0.1000000000000000056 ) ) ;
#5164 = FACE_OUTER_BOUND ( 'NONE', #896, .T. ) ;
#5165 =( NAMED_UNIT ( * ) PLANE_ANGLE_UNIT ( ) SI_UNIT ( $, .RADIAN. ) );
#5166 = COLOUR_RGB ( '',0.7960784313725489669, 0.8235294117647058432, 0.9372549019607843146 ) ;
#5167 = LINE ( 'NONE', #3255, #2416 ) ;
#5168 = EDGE_CURVE ( 'NONE', #2281, #3070, #4121, .T. ) ;
#5169 = AXIS2_PLACEMENT_3D ( 'NONE', #4944, #4416, #4339 ) ;
#5170 = COLOUR_RGB ( '',0.7960784313725489669, 0.8235294117647058432, 0.9372549019607843146 ) ;
#5171 = CARTESIAN_POINT ( 'NONE',  ( 0.2341212861752799412, 0.0002002587892882471527, 1.355252715606880543E-17 ) ) ;
#5172 = CARTESIAN_POINT ( 'NONE',  ( 1.675252549177989714, -0.6850000000000002753, -0.1000000000000000472 ) ) ;
#5173 = UNCERTAINTY_MEASURE_WITH_UNIT (LENGTH_MEASURE( 1.000000000000000082E-05 ), #1901, 'distance_accuracy_value', 'NONE');
#5174 = CARTESIAN_POINT ( 'NONE',  ( 0.1583292136826905672, 0.1530166910604634778, 0.000000000000000000 ) ) ;
#5175 = ORIENTED_EDGE ( 'NONE', *, *, #3191, .T. ) ;
#5176 = COLOUR_RGB ( '',0.7960784313725489669, 0.8235294117647058432, 0.9372549019607843146 ) ;
#5177 = FILL_AREA_STYLE_COLOUR ( '', #2620 ) ;
#5178 = AXIS2_PLACEMENT_3D ( 'NONE', #5429, #6976, #1456 ) ;
#5179 = CARTESIAN_POINT ( 'NONE',  ( -0.1103643036489311419, 0.1815656432207750637, 0.1000000000000000056 ) ) ;
#5180 = VERTEX_POINT ( 'NONE', #883 ) ;
#5181 = PRESENTATION_LAYER_ASSIGNMENT (  '', '', ( #4644 ) ) ;
#5182 = FACE_OUTER_BOUND ( 'NONE', #645, .T. ) ;
#5183 = CARTESIAN_POINT ( 'NONE',  ( 0.2101500716979935179, 0.1661579442641687998, -0.000000000000000000 ) ) ;
#5184 = CARTESIAN_POINT ( 'NONE',  ( -0.1523864280790177550, 0.1579695370894122763, 0.1000000000000000056 ) ) ;
#5185 = MECHANICAL_DESIGN_GEOMETRIC_PRESENTATION_REPRESENTATION (  '', ( #6388 ), #5554 ) ;
#5186 = DIRECTION ( 'NONE',  ( -1.000000000000000000, 0.000000000000000000, -0.000000000000000000 ) ) ;
#5187 = EDGE_CURVE ( 'NONE', #3766, #5821, #6752, .T. ) ;
#5188 = SURFACE_SIDE_STYLE ('',( #952 ) ) ;
#5189 = CARTESIAN_POINT ( 'NONE',  ( 0.2647461400886072513, 0.01537158096926331471, 1.355252715606880543E-17 ) ) ;
#5190 = CARTESIAN_POINT ( 'NONE',  ( 0.2372898917045837275, -0.02023648043140311228, 0.1000000000000000056 ) ) ;
#5191 = LINE ( 'NONE', #1723, #5960 ) ;
#5192 = DIRECTION ( 'NONE',  ( -0.000000000000000000, -1.000000000000000000, -0.000000000000000000 ) ) ;
#5193 = SURFACE_STYLE_FILL_AREA ( #1803 ) ;
#5194 = CARTESIAN_POINT ( 'NONE',  ( 1.391402837117598379, 0.9500000000000000666, 0.4551791245819072351 ) ) ;
#5195 = ORIENTED_EDGE ( 'NONE', *, *, #2830, .F. ) ;
#5196 = FILL_AREA_STYLE ('',( #5794 ) ) ;
#5197 = CARTESIAN_POINT ( 'NONE',  ( -1.675252549177989714, 1.550000000000000044, 0.1000000000000000056 ) ) ;
#5198 = CARTESIAN_POINT ( 'NONE',  ( -1.391402837117597047, -1.550000000000000266, 0.6151791245819073772 ) ) ;
#5199 = VECTOR ( 'NONE', #4876, 1000.000000000000000 ) ;
#5200 = EDGE_CURVE ( 'NONE', #1868, #4612, #627, .T. ) ;
#5201 = CARTESIAN_POINT ( 'NONE',  ( -1.675252549177989714, 0.6500000000000001332, 0.1000000000000000056 ) ) ;
#5202 = AXIS2_PLACEMENT_3D ( 'NONE', #5033, #5520, #2652 ) ;
#5203 = CARTESIAN_POINT ( 'NONE',  ( 0.2258759298238646462, 0.1646536864861089799, 0.000000000000000000 ) ) ;
#5204 = DIRECTION ( 'NONE',  ( 0.000000000000000000, 0.000000000000000000, 1.000000000000000000 ) ) ;
#5205 = VERTEX_POINT ( 'NONE', #1378 ) ;
#5206 = ORIENTED_EDGE ( 'NONE', *, *, #5754, .T. ) ;
#5207 = ORIENTED_EDGE ( 'NONE', *, *, #6640, .F. ) ;
#5208 = ORIENTED_EDGE ( 'NONE', *, *, #4573, .F. ) ;
#5209 = ORIENTED_EDGE ( 'NONE', *, *, #5622, .F. ) ;
#5210 = CARTESIAN_POINT ( 'NONE',  ( -0.1582801567814543509, 0.004828350187376672688, 0.1000000000000000056 ) ) ;
#5211 =( NAMED_UNIT ( * ) SI_UNIT ( $, .STERADIAN. ) SOLID_ANGLE_UNIT ( ) );
#5212 =( GEOMETRIC_REPRESENTATION_CONTEXT ( 3 ) GLOBAL_UNCERTAINTY_ASSIGNED_CONTEXT ( ( #4587 ) ) GLOBAL_UNIT_ASSIGNED_CONTEXT ( ( #2841, #3408, #78 ) ) REPRESENTATION_CONTEXT ( 'NONE', 'WORKASPACE' ) );
#5213 = VERTEX_POINT ( 'NONE', #6369 ) ;
#5214 = CARTESIAN_POINT ( 'NONE',  ( 0.2824202413922963228, 0.03381576597258217909, 0.1000000000000000056 ) ) ;
#5215 = DIRECTION ( 'NONE',  ( -0.000000000000000000, -0.000000000000000000, -1.000000000000000000 ) ) ;
#5216 = ORIENTED_EDGE ( 'NONE', *, *, #1108, .T. ) ;
#5217 = ORIENTED_EDGE ( 'NONE', *, *, #5977, .T. ) ;
#5218 = CARTESIAN_POINT ( 'NONE',  ( 0.06078954250491507005, 0.1610528227079545405, 0.000000000000000000 ) ) ;
#5219 = CARTESIAN_POINT ( 'NONE',  ( 0.2939015970083577178, 0.1040486885114065979, 0.000000000000000000 ) ) ;
#5220 = VERTEX_POINT ( 'NONE', #2469 ) ;
#5221 = FILL_AREA_STYLE_COLOUR ( '', #6441 ) ;
#5222 = VECTOR ( 'NONE', #6552, 1000.000000000000000 ) ;
#5223 = VERTEX_POINT ( 'NONE', #5936 ) ;
#5224 = ORIENTED_EDGE ( 'NONE', *, *, #5479, .F. ) ;
#5225 = DIRECTION ( 'NONE',  ( 0.000000000000000000, 1.000000000000000000, -0.000000000000000000 ) ) ;
#5226 = PRESENTATION_LAYER_ASSIGNMENT (  '', '', ( #5141 ) ) ;
#5227 = ADVANCED_FACE ( 'NONE', ( #707 ), #1914, .F. ) ;
#5228 = VECTOR ( 'NONE', #2080, 1000.000000000000000 ) ;
#5229 = ORIENTED_EDGE ( 'NONE', *, *, #2004, .T. ) ;
#5230 = SURFACE_SIDE_STYLE ('',( #5523 ) ) ;
#5231 = AXIS2_PLACEMENT_3D ( 'NONE', #3973, #6133, #1645 ) ;
#5232 = ORIENTED_EDGE ( 'NONE', *, *, #3404, .T. ) ;
#5233 = CARTESIAN_POINT ( 'NONE',  ( 0.2255812859381173263, -0.02238416449528067564, 4.065758146820641628E-17 ) ) ;
#5234 = MECHANICAL_DESIGN_GEOMETRIC_PRESENTATION_REPRESENTATION (  '', ( #3473 ), #5475 ) ;
#5235 = EDGE_CURVE ( 'NONE', #781, #6173, #453, .T. ) ;
#5236 = CARTESIAN_POINT ( 'NONE',  ( 1.635598981869524238, 1.550000000000000266, 0.09474694377404781209 ) ) ;
#5237 = CARTESIAN_POINT ( 'NONE',  ( -0.1120756508109141125, 0.1610225546206020542, 0.000000000000000000 ) ) ;
#5238 = LINE ( 'NONE', #2982, #2248 ) ;
#5239 = EDGE_CURVE ( 'NONE', #5205, #6859, #2194, .T. ) ;
#5240 = CARTESIAN_POINT ( 'NONE',  ( 0.2629644968871500121, 0.1487378434766042645, 0.1000000000000000056 ) ) ;
#5241 = CARTESIAN_POINT ( 'NONE',  ( -1.300000000000000044, 1.149999999999999911, 0.4551791245819074017 ) ) ;
#5242 = DIRECTION ( 'NONE',  ( -0.000000000000000000, 1.000000000000000000, -0.000000000000000000 ) ) ;
#5243 = EDGE_CURVE ( 'NONE', #3453, #5482, #4037, .T. ) ;
#5244 = CARTESIAN_POINT ( 'NONE',  ( -0.2083491505612418415, 0.1171562441891191159, 0.1000000000000000056 ) ) ;
#5245 = CARTESIAN_POINT ( 'NONE',  ( -1.300000000000000044, 1.549999999999999822, 0.4551791245819074017 ) ) ;
#5246 =( LENGTH_UNIT ( ) NAMED_UNIT ( * ) SI_UNIT ( .MILLI., .METRE. ) );
#5247 = VECTOR ( 'NONE', #7031, 1000.000000000000000 ) ;
#5248 = VECTOR ( 'NONE', #2700, 1000.000000000000000 ) ;
#5249 = CARTESIAN_POINT ( 'NONE',  ( 0.2258759298238646462, 0.1646536864861089799, 0.1000000000000000056 ) ) ;
#5250 = CARTESIAN_POINT ( 'NONE',  ( 0.1682381575660238937, 0.1805384243418090284, 0.1000000000000000056 ) ) ;
#5251 = DIRECTION ( 'NONE',  ( -1.000000000000000000, -0.000000000000000000, -0.000000000000000000 ) ) ;
#5252 = CARTESIAN_POINT ( 'NONE',  ( -0.2144144535310540944, 0.05996783450032986545, 0.000000000000000000 ) ) ;
#5253 = LINE ( 'NONE', #6128, #5945 ) ;
#5254 = PRESENTATION_LAYER_ASSIGNMENT (  '', '', ( #5498 ) ) ;
#5255 =( LENGTH_UNIT ( ) NAMED_UNIT ( * ) SI_UNIT ( .MILLI., .METRE. ) );
#5256 = ORIENTED_EDGE ( 'NONE', *, *, #3287, .F. ) ;
#5257 =( GEOMETRIC_REPRESENTATION_CONTEXT ( 3 ) GLOBAL_UNCERTAINTY_ASSIGNED_CONTEXT ( ( #5964 ) ) GLOBAL_UNIT_ASSIGNED_CONTEXT ( ( #5462, #3169, #7084 ) ) REPRESENTATION_CONTEXT ( 'NONE', 'WORKASPACE' ) );
#5258 = CARTESIAN_POINT ( 'NONE',  ( 0.2045064231293879098, 0.1660890412041411413, -0.000000000000000000 ) ) ;
#5259 = SURFACE_STYLE_USAGE ( .BOTH. , #160 ) ;
#5260 = CYLINDRICAL_SURFACE ( 'NONE', #1989, 0.04000000000000007022 ) ;
#5261 = CARTESIAN_POINT ( 'NONE',  ( 0.2715982443188281747, 0.1415938318870283430, -1.355252715606880543E-17 ) ) ;
#5262 = FILL_AREA_STYLE_COLOUR ( '', #7065 ) ;
#5263 = DIRECTION ( 'NONE',  ( 0.000000000000000000, -0.000000000000000000, 1.000000000000000000 ) ) ;
#5264 = PRESENTATION_LAYER_ASSIGNMENT (  '', '', ( #247 ) ) ;
#5265 = CARTESIAN_POINT ( 'NONE',  ( 0.2254118688944873605, -0.001660548268040787454, 0.1000000000000000056 ) ) ;
#5266 = ADVANCED_FACE ( 'NONE', ( #1584 ), #2810, .F. ) ;
#5267 = CARTESIAN_POINT ( 'NONE',  ( 0.2081453117356843185, 0.1661810278361596782, 0.1000000000000000056 ) ) ;
#5268 = VECTOR ( 'NONE', #734, 1000.000000000000114 ) ;
#5269 = AXIS2_PLACEMENT_3D ( 'NONE', #4002, #6804, #1719 ) ;
#5270 = DIRECTION ( 'NONE',  ( 0.000000000000000000, -1.000000000000000000, 0.000000000000000000 ) ) ;
#5271 = CARTESIAN_POINT ( 'NONE',  ( 0.2001769471929618627, 0.1866117636527248602, -1.355252715606880543E-17 ) ) ;
#5272 = VECTOR ( 'NONE', #6406, 1000.000000000000000 ) ;
#5273 = STYLED_ITEM ( 'NONE', ( #1278 ), #189 ) ;
#5274 = CARTESIAN_POINT ( 'NONE',  ( -1.391402837117598157, 0.6500000000000001332, 0.4551791245819074017 ) ) ;
#5275 = VERTEX_POINT ( 'NONE', #4311 ) ;
#5276 =( GEOMETRIC_REPRESENTATION_CONTEXT ( 3 ) GLOBAL_UNCERTAINTY_ASSIGNED_CONTEXT ( ( #2688 ) ) GLOBAL_UNIT_ASSIGNED_CONTEXT ( ( #476, #4401, #4982 ) ) REPRESENTATION_CONTEXT ( 'NONE', 'WORKASPACE' ) );
#5277 = EDGE_CURVE ( 'NONE', #4054, #3440, #6663, .T. ) ;
#5278 = LINE ( 'NONE', #3764, #4112 ) ;
#5279 = CARTESIAN_POINT ( 'NONE',  ( -1.476984712635663444, -1.150000000000000133, 0.07373471887023946847 ) ) ;
#5280 = CARTESIAN_POINT ( 'NONE',  ( 0.2535461280214645896, -0.01488074271905492560, 0.1000000000000000056 ) ) ;
#5281 = CARTESIAN_POINT ( 'NONE',  ( -0.1349111842150163554, -0.01840975699154204573, -0.000000000000000000 ) ) ;
#5282 = CARTESIAN_POINT ( 'NONE',  ( 1.222465627358930718, 1.874603525433344187, 0.000000000000000000 ) ) ;
#5283 = LINE ( 'NONE', #4778, #4117 ) ;
#5284 = VECTOR ( 'NONE', #4105, 1000.000000000000000 ) ;
#5285 = CARTESIAN_POINT ( 'NONE',  ( 0.2629644968871500121, 0.1487378434766042645, -1.355252715606880543E-17 ) ) ;
#5286 = DIRECTION ( 'NONE',  ( 0.000000000000000000, 0.000000000000000000, 1.000000000000000000 ) ) ;
#5287 = VERTEX_POINT ( 'NONE', #1464 ) ;
#5288 = CARTESIAN_POINT ( 'NONE',  ( -1.675252549177989936, 0.6500000000000001332, 0.05999999999999992839 ) ) ;
#5289 = SURFACE_STYLE_USAGE ( .BOTH. , #2428 ) ;
#5290 = CIRCLE ( 'NONE', #4842, 0.04000000000000004247 ) ;
#5291 = ORIENTED_EDGE ( 'NONE', *, *, #856, .T. ) ;
#5292 = CARTESIAN_POINT ( 'NONE',  ( -0.03408225236687983939, 0.1815656432207750637, 0.000000000000000000 ) ) ;
#5293 = ORIENTED_EDGE ( 'NONE', *, *, #4813, .T. ) ;
#5294 = DIRECTION ( 'NONE',  ( -0.7970624896273539317, -0.6038968352533770068, 0.000000000000000000 ) ) ;
#5295 = CARTESIAN_POINT ( 'NONE',  ( 0.1742838856162280126, 0.1824892985313283089, -1.355252715606880543E-17 ) ) ;
#5296 = EDGE_LOOP ( 'NONE', ( #1617, #7109, #2517, #2374 ) ) ;
#5297 = EDGE_CURVE ( 'NONE', #3636, #6324, #887, .T. ) ;
#5298 = CARTESIAN_POINT ( 'NONE',  ( -0.2130135630068628050, 0.05407474544798827887, 0.000000000000000000 ) ) ;
#5299 = ADVANCED_FACE ( 'NONE', ( #3862 ), #7052, .T. ) ;
#5300 = SURFACE_STYLE_FILL_AREA ( #4375 ) ;
#5301 = ORIENTED_EDGE ( 'NONE', *, *, #4951, .F. ) ;
#5302 = ADVANCED_FACE ( 'NONE', ( #3337 ), #3741, .F. ) ;
#5303 = ORIENTED_EDGE ( 'NONE', *, *, #2321, .F. ) ;
#5304 = DIRECTION ( 'NONE',  ( 0.4285842068721733567, -0.9035018415143104553, 0.000000000000000000 ) ) ;
#5305 = ORIENTED_EDGE ( 'NONE', *, *, #3575, .F. ) ;
#5306 = CARTESIAN_POINT ( 'NONE',  ( -1.635598981869524238, 0.6500000000000001332, 0.09474694377404786760 ) ) ;
#5307 = DIRECTION ( 'NONE',  ( -0.000000000000000000, -0.000000000000000000, -1.000000000000000000 ) ) ;
#5308 = DIRECTION ( 'NONE',  ( -1.000000000000000000, 0.000000000000000000, 0.000000000000000000 ) ) ;
#5309 = ORIENTED_EDGE ( 'NONE', *, *, #998, .T. ) ;
#5310 = EDGE_LOOP ( 'NONE', ( #2992, #297, #5733, #6771 ) ) ;
#5311 = UNCERTAINTY_MEASURE_WITH_UNIT (LENGTH_MEASURE( 1.000000000000000082E-05 ), #6205, 'distance_accuracy_value', 'NONE');
#5312 = VECTOR ( 'NONE', #497, 1000.000000000000000 ) ;
#5313 = CARTESIAN_POINT ( 'NONE',  ( 0.1965394732468539463, -0.002763301263726596676, 0.000000000000000000 ) ) ;
#5314 = DIRECTION ( 'NONE',  ( 0.000000000000000000, -1.000000000000000000, 0.000000000000000000 ) ) ;
#5315 = PRESENTATION_LAYER_ASSIGNMENT (  '', '', ( #4702 ) ) ;
#5316 = FILL_AREA_STYLE ('',( #738 ) ) ;
#5317 = VERTEX_POINT ( 'NONE', #295 ) ;
#5318 =( LENGTH_UNIT ( ) NAMED_UNIT ( * ) SI_UNIT ( .MILLI., .METRE. ) );
#5319 = VECTOR ( 'NONE', #5858, 1000.000000000000000 ) ;
#5320 = EDGE_CURVE ( 'NONE', #4954, #2249, #4212, .T. ) ;
#5321 = CARTESIAN_POINT ( 'NONE',  ( 0.2141409855591870914, 0.1661119913575085649, 0.1000000000000000056 ) ) ;
#5322 = ORIENTED_EDGE ( 'NONE', *, *, #4176, .F. ) ;
#5323 = VERTEX_POINT ( 'NONE', #1429 ) ;
#5324 = CYLINDRICAL_SURFACE ( 'NONE', #5146, 0.1999999999999999833 ) ;
#5325 = LINE ( 'NONE', #70, #5684 ) ;
#5326 = CARTESIAN_POINT ( 'NONE',  ( 0.1354690296844022757, 0.1328476945028263523, 0.1000000000000000056 ) ) ;
#5327 = EDGE_CURVE ( 'NONE', #2833, #4790, #6904, .T. ) ;
#5328 = COLOUR_RGB ( '',0.1960784313725490169, 0.1960784313725490169, 0.1960784313725490169 ) ;
#5329 = DIRECTION ( 'NONE',  ( -1.000000000000000000, -1.112002228190260952E-16, -0.000000000000000000 ) ) ;
#5330 = DIRECTION ( 'NONE',  ( 1.090617913447150792E-16, -0.9807695396636819662, -0.1951694393799636440 ) ) ;
#5331 = FACE_OUTER_BOUND ( 'NONE', #7029, .T. ) ;
#5332 = VECTOR ( 'NONE', #2545, 1000.000000000000000 ) ;
#5333 = EDGE_CURVE ( 'NONE', #7034, #3000, #882, .T. ) ;
#5334 = SURFACE_SIDE_STYLE ('',( #518 ) ) ;
#5335 = PLANE ( 'NONE',  #1824 ) ;
#5336 = CARTESIAN_POINT ( 'NONE',  ( -0.2339754858759921230, 0.07169806033437949033, 0.1000000000000000056 ) ) ;
#5337 = EDGE_CURVE ( 'NONE', #2820, #1467, #1156, .T. ) ;
#5338 = DIRECTION ( 'NONE',  ( -1.549790303122160425E-16, 1.000000000000000000, 0.000000000000000000 ) ) ;
#5339 = EDGE_LOOP ( 'NONE', ( #3332, #6171, #1829, #5900 ) ) ;
#5340 = ADVANCED_FACE ( 'NONE', ( #6478 ), #341, .F. ) ;
#5341 = DIRECTION ( 'NONE',  ( 1.000000000000000000, 0.000000000000000000, -0.000000000000000000 ) ) ;
#5342 = PLANE ( 'NONE',  #253 ) ;
#5343 = UNCERTAINTY_MEASURE_WITH_UNIT (LENGTH_MEASURE( 1.000000000000000082E-05 ), #6988, 'distance_accuracy_value', 'NONE');
#5344 = DIRECTION ( 'NONE',  ( 0.1313264056488092912, 0.000000000000000000, -0.9913391827116310173 ) ) ;
#5345 = VERTEX_POINT ( 'NONE', #6437 ) ;
#5346 = VECTOR ( 'NONE', #4465, 1000.000000000000114 ) ;
#5347 = AXIS2_PLACEMENT_3D ( 'NONE', #6453, #2453, #4777 ) ;
#5348 = CARTESIAN_POINT ( 'NONE',  ( 0.1365893661618995947, 0.1341828927788909775, 0.1000000000000000056 ) ) ;
#5349 = ORIENTED_EDGE ( 'NONE', *, *, #1043, .T. ) ;
#5350 = FILL_AREA_STYLE ('',( #204 ) ) ;
#5351 = CARTESIAN_POINT ( 'NONE',  ( -0.1710334102387661981, -0.01428610459537090621, 0.000000000000000000 ) ) ;
#5352 = CARTESIAN_POINT ( 'NONE',  ( 0.4325844142997869457, 0.1815656432207750637, 0.1000000000000000056 ) ) ;
#5353 = ORIENTED_EDGE ( 'NONE', *, *, #4253, .T. ) ;
#5354 = DIRECTION ( 'NONE',  ( 1.000000000000000000, 0.000000000000000000, 5.930899995426697620E-16 ) ) ;
#5355 = DIRECTION ( 'NONE',  ( -1.000000000000000000, -1.112002228190260952E-16, -0.000000000000000000 ) ) ;
#5356 = DIRECTION ( 'NONE',  ( 1.097054103630075589E-16, -0.9865574688779957802, 0.1634146890614258107 ) ) ;
#5357 = COLOUR_RGB ( '',0.7960784313725489669, 0.8235294117647058432, 0.9372549019607843146 ) ;
#5358 =( NAMED_UNIT ( * ) SI_UNIT ( $, .STERADIAN. ) SOLID_ANGLE_UNIT ( ) );
#5359 = LINE ( 'NONE', #5799, #976 ) ;
#5360 = ORIENTED_EDGE ( 'NONE', *, *, #3794, .T. ) ;
#5361 = MECHANICAL_DESIGN_GEOMETRIC_PRESENTATION_REPRESENTATION (  '', ( #573 ), #431 ) ;
#5362 = ORIENTED_EDGE ( 'NONE', *, *, #4826, .T. ) ;
#5363 = CARTESIAN_POINT ( 'NONE',  ( -0.2161335344181619378, 0.07908166886180068023, 0.000000000000000000 ) ) ;
#5364 = PLANE ( 'NONE',  #853 ) ;
#5365 = CARTESIAN_POINT ( 'NONE',  ( -1.300000000000000266, 1.949999999999999956, 1.100000000000000089 ) ) ;
#5366 = AXIS2_PLACEMENT_3D ( 'NONE', #949, #2581, #4784 ) ;
#5367 = DIRECTION ( 'NONE',  ( 1.000000000000000000, 0.000000000000000000, 0.000000000000000000 ) ) ;
#5368 = EDGE_CURVE ( 'NONE', #5041, #5323, #3676, .T. ) ;
#5369 = ORIENTED_EDGE ( 'NONE', *, *, #7171, .F. ) ;
#5370 = ADVANCED_FACE ( 'NONE', ( #4582 ), #6653, .F. ) ;
#5371 = CARTESIAN_POINT ( 'NONE',  ( 0.1423954604104042398, 0.1405598333616457918, 0.1000000000000000056 ) ) ;
#5372 = LINE ( 'NONE', #970, #6760 ) ;
#5373 = VECTOR ( 'NONE', #6165, 1000.000000000000000 ) ;
#5374 = EDGE_CURVE ( 'NONE', #4887, #7095, #1389, .T. ) ;
#5375 = CARTESIAN_POINT ( 'NONE',  ( -0.2027477689515817250, 0.002251761639257783120, 0.000000000000000000 ) ) ;
#5376 = ORIENTED_EDGE ( 'NONE', *, *, #6755, .T. ) ;
#5377 = EDGE_LOOP ( 'NONE', ( #3971, #4428, #2295, #4693 ) ) ;
#5378 = EDGE_CURVE ( 'NONE', #3443, #1862, #4207, .T. ) ;
#5379 = VERTEX_POINT ( 'NONE', #2539 ) ;
#5380 = CARTESIAN_POINT ( 'NONE',  ( 0.2482907942674005275, -0.01693245624732514151, 0.000000000000000000 ) ) ;
#5381 = DIRECTION ( 'NONE',  ( 1.000000000000000000, -0.000000000000000000, -0.000000000000000000 ) ) ;
#5382 = CARTESIAN_POINT ( 'NONE',  ( 0.2045064231293879098, 0.1660890412041411413, 0.000000000000000000 ) ) ;
#5383 = CARTESIAN_POINT ( 'NONE',  ( 0.4325844142997869457, -0.01843435677922496130, 0.1000000000000000056 ) ) ;
#5384 = ORIENTED_EDGE ( 'NONE', *, *, #5393, .T. ) ;
#5385 = CARTESIAN_POINT ( 'NONE',  ( -1.391402837117598379, 1.550000000000000044, 0.4151791245819074216 ) ) ;
#5386 = DIRECTION ( 'NONE',  ( 2.710505431213765029E-15, -0.000000000000000000, 1.000000000000000000 ) ) ;
#5387 = ORIENTED_EDGE ( 'NONE', *, *, #2352, .F. ) ;
#5388 = CARTESIAN_POINT ( 'NONE',  ( 0.1515181041064237455, -0.009794258283445555352, 0.000000000000000000 ) ) ;
#5389 = SURFACE_SIDE_STYLE ('',( #86 ) ) ;
#5390 = DIRECTION ( 'NONE',  ( -0.000000000000000000, -0.000000000000000000, 1.000000000000000000 ) ) ;
#5391 = EDGE_LOOP ( 'NONE', ( #1438, #2575, #400 ) ) ;
#5392 = SURFACE_SIDE_STYLE ('',( #1978 ) ) ;
#5393 = EDGE_CURVE ( 'NONE', #5220, #3178, #6237, .T. ) ;
#5394 = ORIENTED_EDGE ( 'NONE', *, *, #6812, .F. ) ;
#5395 =( NAMED_UNIT ( * ) SI_UNIT ( $, .STERADIAN. ) SOLID_ANGLE_UNIT ( ) );
#5396 = ORIENTED_EDGE ( 'NONE', *, *, #3132, .F. ) ;
#5397 = DIRECTION ( 'NONE',  ( -0.000000000000000000, -0.000000000000000000, -1.000000000000000000 ) ) ;
#5398 = MECHANICAL_DESIGN_GEOMETRIC_PRESENTATION_REPRESENTATION (  '', ( #6865 ), #2884 ) ;
#5399 = ORIENTED_EDGE ( 'NONE', *, *, #2072, .T. ) ;
#5400 = CARTESIAN_POINT ( 'NONE',  ( 0.1973522745792741784, 0.1659081931207602723, 0.1000000000000000056 ) ) ;
#5401 = CYLINDRICAL_SURFACE ( 'NONE', #7098, 0.1999999999999999278 ) ;
#5402 = ORIENTED_EDGE ( 'NONE', *, *, #3508, .F. ) ;
#5403 = ORIENTED_EDGE ( 'NONE', *, *, #585, .F. ) ;
#5404 = FILL_AREA_STYLE ('',( #5434 ) ) ;
#5405 = PRESENTATION_STYLE_ASSIGNMENT (( #384 ) ) ;
#5406 =( GEOMETRIC_REPRESENTATION_CONTEXT ( 3 ) GLOBAL_UNCERTAINTY_ASSIGNED_CONTEXT ( ( #5701 ) ) GLOBAL_UNIT_ASSIGNED_CONTEXT ( ( #6501, #3063, #4760 ) ) REPRESENTATION_CONTEXT ( 'NONE', 'WORKASPACE' ) );
#5407 = DIRECTION ( 'NONE',  ( 0.6077508431907272524, 0.7941277684358859501, -0.000000000000000000 ) ) ;
#5408 = ORIENTED_EDGE ( 'NONE', *, *, #3423, .T. ) ;
#5409 = DIRECTION ( 'NONE',  ( -0.4285960263555440020, 0.9034962347415942396, 0.000000000000000000 ) ) ;
#5410 = PLANE ( 'NONE',  #6215 ) ;
#5411 = CARTESIAN_POINT ( 'NONE',  ( 0.4146356963510689497, 0.1815656432207750637, 0.000000000000000000 ) ) ;
#5412 = AXIS2_PLACEMENT_3D ( 'NONE', #7119, #4347, #6589 ) ;
#5413 = LINE ( 'NONE', #312, #5837 ) ;
#5414 = DIRECTION ( 'NONE',  ( -0.000000000000000000, 1.000000000000000000, 0.000000000000000000 ) ) ;
#5415 = ADVANCED_FACE ( 'NONE', ( #2636 ), #1988, .T. ) ;
#5416 = DIRECTION ( 'NONE',  ( 0.000000000000000000, -0.000000000000000000, -1.000000000000000000 ) ) ;
#5417 = DIRECTION ( 'NONE',  ( -0.000000000000000000, -1.000000000000000000, -0.000000000000000000 ) ) ;
#5418 = VECTOR ( 'NONE', #5035, 1000.000000000000000 ) ;
#5419 = CARTESIAN_POINT ( 'NONE',  ( 0.2000292879179935424, -0.02348611192562014699, 0.000000000000000000 ) ) ;
#5420 = CARTESIAN_POINT ( 'NONE',  ( -2.000000000000000000, 0.6500000000000001332, -0.1000000000000000056 ) ) ;
#5421 = STYLED_ITEM ( 'NONE', ( #1759 ), #6890 ) ;
#5422 = EDGE_CURVE ( 'NONE', #623, #3997, #787, .T. ) ;
#5423 = FACE_OUTER_BOUND ( 'NONE', #2827, .T. ) ;
#5424 = CARTESIAN_POINT ( 'NONE',  ( -0.1734898684990129336, 0.009080086558740849828, 0.1000000000000000056 ) ) ;
#5425 =( LENGTH_UNIT ( ) NAMED_UNIT ( * ) SI_UNIT ( .MILLI., .METRE. ) );
#5426 = LINE ( 'NONE', #2126, #4632 ) ;
#5427 = DIRECTION ( 'NONE',  ( -0.000000000000000000, -1.000000000000000000, -0.000000000000000000 ) ) ;
#5428 = LINE ( 'NONE', #862, #3921 ) ;
#5429 = CARTESIAN_POINT ( 'NONE',  ( 1.675252549177989714, -0.1350000000000001477, 0.05999999999999984512 ) ) ;
#5430 = VECTOR ( 'NONE', #1602, 1000.000000000000000 ) ;
#5431 = VECTOR ( 'NONE', #1991, 1000.000000000000227 ) ;
#5432 = B_SPLINE_CURVE_WITH_KNOTS ( 'NONE', 3,
 ( #3873, #1090, #6690, #4505, #1122, #1144, #5002, #4398, #5058, #5536, #6085 ),
 .UNSPECIFIED., .F., .F.,
 ( 4, 1, 1, 1, 1, 1, 1, 1, 4 ),
 ( 0.000000000000000000, 0.1243285095938499452, 0.2471560163611868921, 0.3687797492913396646, 0.4907338624016479578, 0.6136137718478438252, 0.7389575757222155428, 0.8673105751912625339, 1.000000000000000000 ),
 .UNSPECIFIED. ) ;
#5433 =( NAMED_UNIT ( * ) PLANE_ANGLE_UNIT ( ) SI_UNIT ( $, .RADIAN. ) );
#5434 = FILL_AREA_STYLE_COLOUR ( '', #5170 ) ;
#5435 = VECTOR ( 'NONE', #6795, 1000.000000000000000 ) ;
#5436 = ORIENTED_EDGE ( 'NONE', *, *, #770, .F. ) ;
#5437 = EDGE_CURVE ( 'NONE', #6340, #6179, #2003, .T. ) ;
#5438 = CARTESIAN_POINT ( 'NONE',  ( 0.2951544265415779189, 0.09858910189179279082, 0.1000000000000000056 ) ) ;
#5439 = PLANE ( 'NONE',  #6367 ) ;
#5440 = CARTESIAN_POINT ( 'NONE',  ( -0.03408225236687983939, -0.01843435677922496130, 0.1000000000000000056 ) ) ;
#5441 = CARTESIAN_POINT ( 'NONE',  ( -0.2793146241617516234, -0.01843435677922496130, 0.1000000000000000056 ) ) ;
#5442 = UNCERTAINTY_MEASURE_WITH_UNIT (LENGTH_MEASURE( 1.000000000000000082E-05 ), #3653, 'distance_accuracy_value', 'NONE');
#5443 = DIRECTION ( 'NONE',  ( 0.000000000000000000, 1.000000000000000000, -0.000000000000000000 ) ) ;
#5444 = FACE_OUTER_BOUND ( 'NONE', #3800, .T. ) ;
#5445 = CARTESIAN_POINT ( 'NONE',  ( -2.000000000000000000, 1.550000000000000044, 0.06000000000000001166 ) ) ;
#5446 = DIRECTION ( 'NONE',  ( -0.000000000000000000, -1.000000000000000000, -0.000000000000000000 ) ) ;
#5447 = CARTESIAN_POINT ( 'NONE',  ( -0.2089489844807147778, 0.04309669008378330668, 0.1000000000000000056 ) ) ;
#5448 = FILL_AREA_STYLE ('',( #7022 ) ) ;
#5449 = CARTESIAN_POINT ( 'NONE',  ( 0.1868659260944337819, 0.1642384116530856142, 0.000000000000000000 ) ) ;
#5450 = ORIENTED_EDGE ( 'NONE', *, *, #211, .F. ) ;
#5451 = DIRECTION ( 'NONE',  ( -1.000000000000000000, -0.000000000000000000, -0.000000000000000000 ) ) ;
#5452 = CIRCLE ( 'NONE', #5879, 0.04000000000000004247 ) ;
#5453 = ADVANCED_FACE ( 'NONE', ( #106 ), #2387, .F. ) ;
#5454 = MECHANICAL_DESIGN_GEOMETRIC_PRESENTATION_REPRESENTATION (  '', ( #4799 ), #6193 ) ;
#5455 = FACE_OUTER_BOUND ( 'NONE', #4745, .T. ) ;
#5456 = ORIENTED_EDGE ( 'NONE', *, *, #6618, .T. ) ;
#5457 = SURFACE_SIDE_STYLE ('',( #6831 ) ) ;
#5458 = MECHANICAL_DESIGN_GEOMETRIC_PRESENTATION_REPRESENTATION (  '', ( #1680 ), #6915 ) ;
#5459 = VECTOR ( 'NONE', #941, 1000.000000000000000 ) ;
#5460 = FACE_OUTER_BOUND ( 'NONE', #6837, .T. ) ;
#5461 = DIRECTION ( 'NONE',  ( -0.1313264056488086806, -0.000000000000000000, -0.9913391827116310173 ) ) ;
#5462 =( LENGTH_UNIT ( ) NAMED_UNIT ( * ) SI_UNIT ( .MILLI., .METRE. ) );
#5463 = FILL_AREA_STYLE ('',( #6607 ) ) ;
#5464 = PLANE ( 'NONE',  #5740 ) ;
#5465 = ORIENTED_EDGE ( 'NONE', *, *, #347, .T. ) ;
#5466 = CARTESIAN_POINT ( 'NONE',  ( 0.3145468281478077111, 0.08632495668320712412, -0.000000000000000000 ) ) ;
#5467 = CARTESIAN_POINT ( 'NONE',  ( 0.2162991834516253820, -0.002874387156133224354, 0.000000000000000000 ) ) ;
#5468 = FILL_AREA_STYLE_COLOUR ( '', #6941 ) ;
#5469 = CARTESIAN_POINT ( 'NONE',  ( 0.1462684451061230517, -0.006634779181595874993, 0.000000000000000000 ) ) ;
#5470 = FACE_OUTER_BOUND ( 'NONE', #724, .T. ) ;
#5471 = PRESENTATION_LAYER_ASSIGNMENT (  '', '', ( #1909 ) ) ;
#5472 = CARTESIAN_POINT ( 'NONE',  ( -0.1923512839606858482, 0.02065997266943309790, 0.1000000000000000056 ) ) ;
#5473 = DIRECTION ( 'NONE',  ( -0.000000000000000000, -1.000000000000000000, -0.000000000000000000 ) ) ;
#5474 =( NAMED_UNIT ( * ) PLANE_ANGLE_UNIT ( ) SI_UNIT ( $, .RADIAN. ) );
#5475 =( GEOMETRIC_REPRESENTATION_CONTEXT ( 3 ) GLOBAL_UNCERTAINTY_ASSIGNED_CONTEXT ( ( #3219 ) ) GLOBAL_UNIT_ASSIGNED_CONTEXT ( ( #7085, #6035, #3252 ) ) REPRESENTATION_CONTEXT ( 'NONE', 'WORKASPACE' ) );
#5476 = EDGE_LOOP ( 'NONE', ( #368, #5450, #4490, #2911 ) ) ;
#5477 = VERTEX_POINT ( 'NONE', #4593 ) ;
#5478 = ORIENTED_EDGE ( 'NONE', *, *, #6978, .T. ) ;
#5479 = EDGE_CURVE ( 'NONE', #2479, #6126, #6628, .T. ) ;
#5480 = UNCERTAINTY_MEASURE_WITH_UNIT (LENGTH_MEASURE( 1.000000000000000082E-05 ), #5682, 'distance_accuracy_value', 'NONE');
#5481 = EDGE_CURVE ( 'NONE', #5323, #4597, #3957, .T. ) ;
#5482 = VERTEX_POINT ( 'NONE', #2343 ) ;
#5483 = EDGE_LOOP ( 'NONE', ( #6196, #2796, #6762, #4219 ) ) ;
#5484 = VERTEX_POINT ( 'NONE', #6816 ) ;
#5485 = DIRECTION ( 'NONE',  ( -0.000000000000000000, -1.000000000000000000, -0.000000000000000000 ) ) ;
#5486 = DIRECTION ( 'NONE',  ( 1.549790303122160425E-16, -1.000000000000000000, -0.000000000000000000 ) ) ;
#5487 = SURFACE_SIDE_STYLE ('',( #1154 ) ) ;
#5488 = CARTESIAN_POINT ( 'NONE',  ( -0.1710334102387661981, -0.01428610459537090621, 0.1000000000000000056 ) ) ;
#5489 = CARTESIAN_POINT ( 'NONE',  ( 0.1583292136826905672, 0.1530166910604634778, 0.000000000000000000 ) ) ;
#5490 = ADVANCED_FACE ( 'NONE', ( #3419 ), #6768, .T. ) ;
#5491 = PLANE ( 'NONE',  #6417 ) ;
#5492 = ORIENTED_EDGE ( 'NONE', *, *, #2950, .T. ) ;
#5493 = ORIENTED_EDGE ( 'NONE', *, *, #1917, .T. ) ;
#5494 = CARTESIAN_POINT ( 'NONE',  ( 0.1319343985951956233, 0.004598587567434045398, 0.000000000000000000 ) ) ;
#5495 = ORIENTED_EDGE ( 'NONE', *, *, #2728, .T. ) ;
#5496 = CARTESIAN_POINT ( 'NONE',  ( -0.1455377125426004781, 0.003297292019614240632, 0.000000000000000000 ) ) ;
#5497 = LINE ( 'NONE', #969, #146 ) ;
#5498 = STYLED_ITEM ( 'NONE', ( #3460 ), #3887 ) ;
#5499 =( NAMED_UNIT ( * ) SI_UNIT ( $, .STERADIAN. ) SOLID_ANGLE_UNIT ( ) );
#5500 = DIRECTION ( 'NONE',  ( 0.000000000000000000, -0.000000000000000000, -1.000000000000000000 ) ) ;
#5501 = VERTEX_POINT ( 'NONE', #3016 ) ;
#5502 = VECTOR ( 'NONE', #1441, 1000.000000000000000 ) ;
#5503 = VECTOR ( 'NONE', #2313, 1000.000000000000000 ) ;
#5504 = EDGE_LOOP ( 'NONE', ( #2629, #3797, #712, #1977 ) ) ;
#5505 = CARTESIAN_POINT ( 'NONE',  ( 0.3144193372896115224, 0.07257127746481303876, 0.000000000000000000 ) ) ;
#5506 = STYLED_ITEM ( 'NONE', ( #5975 ), #5302 ) ;
#5507 = LINE ( 'NONE', #2761, #3296 ) ;
#5508 = CARTESIAN_POINT ( 'NONE',  ( 0.1515181041064237455, -0.009794258283445555352, 0.1000000000000000056 ) ) ;
#5509 = DIRECTION ( 'NONE',  ( -0.000000000000000000, -0.000000000000000000, -1.000000000000000000 ) ) ;
#5510 = PLANE ( 'NONE',  #205 ) ;
#5511 = CARTESIAN_POINT ( 'NONE',  ( -0.2147260572232526088, 0.01548429948167788679, 5.421010862427522170E-17 ) ) ;
#5512 = PRESENTATION_LAYER_ASSIGNMENT (  '', '', ( #6512 ) ) ;
#5513 = CARTESIAN_POINT ( 'NONE',  ( -0.1694659061034080871, 0.1534720796501449214, 8.131516293641283255E-17 ) ) ;
#5514 = CARTESIAN_POINT ( 'NONE',  ( 2.000000000000000000, -1.485000000000000320, -0.09999999999999995004 ) ) ;
#5515 = VECTOR ( 'NONE', #3954, 1000.000000000000000 ) ;
#5516 = PRESENTATION_LAYER_ASSIGNMENT (  '', '', ( #2350 ) ) ;
#5517 = SURFACE_STYLE_FILL_AREA ( #5404 ) ;
#5518 = STYLED_ITEM ( 'NONE', ( #2092 ), #7102 ) ;
#5519 = EDGE_CURVE ( 'NONE', #5643, #7108, #1912, .T. ) ;
#5520 = DIRECTION ( 'NONE',  ( -1.090617913447150916E-16, 0.9807695396636819662, -0.1951694393799638383 ) ) ;
#5521 = VECTOR ( 'NONE', #3133, 1000.000000000000000 ) ;
#5522 = CARTESIAN_POINT ( 'NONE',  ( -0.1738258421104695306, 0.1743541047592366000, 0.1000000000000000056 ) ) ;
#5523 = SURFACE_STYLE_FILL_AREA ( #1332 ) ;
#5524 = EDGE_CURVE ( 'NONE', #5827, #6849, #5359, .T. ) ;
#5525 = SURFACE_STYLE_FILL_AREA ( #5704 ) ;
#5526 = ADVANCED_FACE ( 'NONE', ( #5460 ), #6926, .F. ) ;
#5527 = B_SPLINE_CURVE_WITH_KNOTS ( 'NONE', 3,
 ( #1131, #3855, #509, #6742, #561, #5619, #2247, #1727, #6120, #6720, #16, #3941, #5036, #2806, #6220, #4436, #583, #4462, #4517 ),
 .UNSPECIFIED., .F., .F.,
 ( 4, 1, 1, 1, 1, 1, 1, 1, 1, 1, 1, 1, 1, 1, 1, 1, 4 ),
 ( 0.000000000000000000, 0.06854753670890291473, 0.1356829456230481956, 0.2012149895263285748, 0.2656822347546964336, 0.3292668348172592130, 0.3923954278443285149, 0.4550697616521436339, 0.5171268500645062050, 0.5787900352866527376, 0.6397398633435417148, 0.7001915036663086678, 0.7598062425966702893, 0.8196283192750081215, 0.8793547910462764516, 0.9395116077646616937, 1.000000000000000000 ),
 .UNSPECIFIED. ) ;
#5528 = EDGE_LOOP ( 'NONE', ( #1261, #6824, #6346, #6331 ) ) ;
#5529 = FACE_OUTER_BOUND ( 'NONE', #5930, .T. ) ;
#5530 = CARTESIAN_POINT ( 'NONE',  ( 0.3004753939353471681, 0.02686390709295607276, 0.000000000000000000 ) ) ;
#5531 = CYLINDRICAL_SURFACE ( 'NONE', #2786, 0.2000000000000000944 ) ;
#5532 = CARTESIAN_POINT ( 'NONE',  ( 1.675252549177989714, -0.1350000000000001477, 0.05999999999999984512 ) ) ;
#5533 = CARTESIAN_POINT ( 'NONE',  ( -0.2182301568346429188, 0.02066004394562526505, 0.1000000000000000056 ) ) ;
#5534 = DIRECTION ( 'NONE',  ( 0.1313264056488086529, -0.000000000000000000, 0.9913391827116310173 ) ) ;
#5535 = CARTESIAN_POINT ( 'NONE',  ( -1.300000000000000044, -1.949999999999999956, 0.4551791245819074017 ) ) ;
#5536 = CARTESIAN_POINT ( 'NONE',  ( 0.3145627823628214803, 0.07930480824537830542, -0.000000000000000000 ) ) ;
#5537 = LINE ( 'NONE', #1450, #3231 ) ;
#5538 = EDGE_CURVE ( 'NONE', #4754, #2309, #6227, .T. ) ;
#5539 = PRESENTATION_LAYER_ASSIGNMENT (  '', '', ( #4787 ) ) ;
#5540 = ORIENTED_EDGE ( 'NONE', *, *, #3101, .F. ) ;
#5541 = SURFACE_SIDE_STYLE ('',( #1539 ) ) ;
#5542 = PLANE ( 'NONE',  #5027 ) ;
#5543 = VECTOR ( 'NONE', #519, 1000.000000000000000 ) ;
#5544 = CARTESIAN_POINT ( 'NONE',  ( -0.1991468456532291265, 0.1605445353020785726, 0.1000000000000000056 ) ) ;
#5545 = CARTESIAN_POINT ( 'NONE',  ( -0.1554235627637500505, 0.1788552415253401029, 0.1000000000000000056 ) ) ;
#5546 = ORIENTED_EDGE ( 'NONE', *, *, #1832, .T. ) ;
#5547 = EDGE_LOOP ( 'NONE', ( #1196, #3780, #6467, #3006 ) ) ;
#5548 = AXIS2_PLACEMENT_3D ( 'NONE', #1931, #2560, #4284 ) ;
#5549 = PLANE ( 'NONE',  #2436 ) ;
#5550 = CARTESIAN_POINT ( 'NONE',  ( -0.2140281854784732429, 0.1450925481979941645, 0.000000000000000000 ) ) ;
#5551 = AXIS2_PLACEMENT_3D ( 'NONE', #2438, #701, #2418 ) ;
#5552 = SURFACE_STYLE_USAGE ( .BOTH. , #4995 ) ;
#5553 = DIRECTION ( 'NONE',  ( 0.000000000000000000, 0.000000000000000000, -1.000000000000000000 ) ) ;
#5554 =( GEOMETRIC_REPRESENTATION_CONTEXT ( 3 ) GLOBAL_UNCERTAINTY_ASSIGNED_CONTEXT ( ( #1851 ) ) GLOBAL_UNIT_ASSIGNED_CONTEXT ( ( #711, #1277, #5211 ) ) REPRESENTATION_CONTEXT ( 'NONE', 'WORKASPACE' ) );
#5555 = CARTESIAN_POINT ( 'NONE',  ( 0.4146356963510689497, 0.1815656432207750637, 0.1000000000000000056 ) ) ;
#5556 = FILL_AREA_STYLE ('',( #1543 ) ) ;
#5557 = ORIENTED_EDGE ( 'NONE', *, *, #5654, .F. ) ;
#5558 = MECHANICAL_DESIGN_GEOMETRIC_PRESENTATION_REPRESENTATION (  '', ( #4761 ), #4812 ) ;
#5559 = EDGE_CURVE ( 'NONE', #7210, #6615, #1753, .T. ) ;
#5560 = CARTESIAN_POINT ( 'NONE',  ( -0.2142639623692610684, 0.09924275517396943802, 8.131516293641283255E-17 ) ) ;
#5561 = EDGE_LOOP ( 'NONE', ( #3346, #2317, #7180, #4415, #79, #422, #5301 ) ) ;
#5562 = DIRECTION ( 'NONE',  ( -0.000000000000000000, -0.000000000000000000, -1.000000000000000000 ) ) ;
#5563 = ORIENTED_EDGE ( 'NONE', *, *, #7020, .T. ) ;
#5564 = CARTESIAN_POINT ( 'NONE',  ( 1.218185641514980544, 1.803181276523637466, 1.352975637680383869 ) ) ;
#5565 = PRESENTATION_STYLE_ASSIGNMENT (( #4429 ) ) ;
#5566 = CARTESIAN_POINT ( 'NONE',  ( 1.300000000000000266, 1.550000000000000266, 0.6151791245819073772 ) ) ;
#5567 = CARTESIAN_POINT ( 'NONE',  ( 1.635598981869524238, 1.550000000000000266, 0.09474694377404781209 ) ) ;
#5568 = EDGE_LOOP ( 'NONE', ( #4234, #1001, #4881, #6692 ) ) ;
#5569 = CARTESIAN_POINT ( 'NONE',  ( -0.2339613119005412856, 0.08749803744292733443, 0.1000000000000000056 ) ) ;
#5570 = CARTESIAN_POINT ( 'NONE',  ( -1.300000000000000044, -1.949999999999999956, 0.4551791245819074017 ) ) ;
#5571 = ORIENTED_EDGE ( 'NONE', *, *, #2367, .T. ) ;
#5572 = UNCERTAINTY_MEASURE_WITH_UNIT (LENGTH_MEASURE( 1.000000000000000082E-05 ), #5017, 'distance_accuracy_value', 'NONE');
#5573 = ORIENTED_EDGE ( 'NONE', *, *, #5711, .T. ) ;
#5574 = VERTEX_POINT ( 'NONE', #1956 ) ;
#5575 = PLANE ( 'NONE',  #5902 ) ;
#5576 = ORIENTED_EDGE ( 'NONE', *, *, #4000, .F. ) ;
#5577 = EDGE_CURVE ( 'NONE', #4731, #228, #3304, .T. ) ;
#5578 =( GEOMETRIC_REPRESENTATION_CONTEXT ( 3 ) GLOBAL_UNCERTAINTY_ASSIGNED_CONTEXT ( ( #54 ) ) GLOBAL_UNIT_ASSIGNED_CONTEXT ( ( #7231, #1099, #4432 ) ) REPRESENTATION_CONTEXT ( 'NONE', 'WORKASPACE' ) );
#5579 = ORIENTED_EDGE ( 'NONE', *, *, #2318, .F. ) ;
#5580 = CARTESIAN_POINT ( 'NONE',  ( 0.1462684451061230517, -0.006634779181595874993, 0.000000000000000000 ) ) ;
#5581 = ORIENTED_EDGE ( 'NONE', *, *, #6022, .F. ) ;
#5582 = PLANE ( 'NONE',  #1126 ) ;
#5583 = ORIENTED_EDGE ( 'NONE', *, *, #1142, .T. ) ;
#5584 = CARTESIAN_POINT ( 'NONE',  ( 0.2868911334783142419, 0.04080084331009222604, 0.1000000000000000056 ) ) ;
#5585 = CARTESIAN_POINT ( 'NONE',  ( -0.1963183763211054089, 0.02446402917251683240, 0.1000000000000000056 ) ) ;
#5586 = CARTESIAN_POINT ( 'NONE',  ( -0.2022594387833965557, 0.1277836290237849837, 8.131516293641283255E-17 ) ) ;
#5587 = FILL_AREA_STYLE_COLOUR ( '', #574 ) ;
#5588 = LINE ( 'NONE', #5288, #4338 ) ;
#5589 = FILL_AREA_STYLE_COLOUR ( '', #4227 ) ;
#5590 = ORIENTED_EDGE ( 'NONE', *, *, #5559, .T. ) ;
#5591 = DIRECTION ( 'NONE',  ( 0.000000000000000000, 0.000000000000000000, -1.000000000000000000 ) ) ;
#5592 = FILL_AREA_STYLE_COLOUR ( '', #4832 ) ;
#5593 = VECTOR ( 'NONE', #4088, 1000.000000000000000 ) ;
#5594 =( LENGTH_UNIT ( ) NAMED_UNIT ( * ) SI_UNIT ( .MILLI., .METRE. ) );
#5595 = CARTESIAN_POINT ( 'NONE',  ( -0.1385284366194120542, 0.1597216821387897057, 0.1000000000000000056 ) ) ;
#5596 =( GEOMETRIC_REPRESENTATION_CONTEXT ( 3 ) GLOBAL_UNCERTAINTY_ASSIGNED_CONTEXT ( ( #480 ) ) GLOBAL_UNIT_ASSIGNED_CONTEXT ( ( #923, #1475, #4809 ) ) REPRESENTATION_CONTEXT ( 'NONE', 'WORKASPACE' ) );
#5597 = CARTESIAN_POINT ( 'NONE',  ( -0.2793146241617516234, -0.01843435677922496130, 0.1000000000000000056 ) ) ;
#5598 = CARTESIAN_POINT ( 'NONE',  ( 1.431056404426063855, -0.6850000000000002753, 0.4204321808078592682 ) ) ;
#5599 = LINE ( 'NONE', #2755, #4077 ) ;
#5600 = AXIS2_PLACEMENT_3D ( 'NONE', #1804, #3491, #158 ) ;
#5601 = CARTESIAN_POINT ( 'NONE',  ( -0.2161042037116477077, 0.08142072487880305798, -0.000000000000000000 ) ) ;
#5602 = LINE ( 'NONE', #3295, #5430 ) ;
#5603 = CARTESIAN_POINT ( 'NONE',  ( -0.7584421074882420344, 1.408911553841009523, 1.100000000000000089 ) ) ;
#5604 = CARTESIAN_POINT ( 'NONE',  ( -0.2033501539983059991, 0.03314076840878274477, 0.000000000000000000 ) ) ;
#5605 = AXIS2_PLACEMENT_3D ( 'NONE', #758, #2499, #2443 ) ;
#5606 = CARTESIAN_POINT ( 'NONE',  ( -1.431056404426063855, -1.150000000000000133, 0.4204321808078594902 ) ) ;
#5607 = VECTOR ( 'NONE', #6861, 1000.000000000000000 ) ;
#5608 = DIRECTION ( 'NONE',  ( -0.000000000000000000, 1.000000000000000000, -0.000000000000000000 ) ) ;
#5609 = CARTESIAN_POINT ( 'NONE',  ( 0.2034117423279921955, -0.002953239694557773572, 0.1000000000000000056 ) ) ;
#5610 = EDGE_LOOP ( 'NONE', ( #5208, #1064, #3874, #641 ) ) ;
#5611 = FACE_OUTER_BOUND ( 'NONE', #138, .T. ) ;
#5612 = FILL_AREA_STYLE ('',( #5589 ) ) ;
#5613 =( GEOMETRIC_REPRESENTATION_CONTEXT ( 3 ) GLOBAL_UNCERTAINTY_ASSIGNED_CONTEXT ( ( #1790 ) ) GLOBAL_UNIT_ASSIGNED_CONTEXT ( ( #2766, #4393, #6160 ) ) REPRESENTATION_CONTEXT ( 'NONE', 'WORKASPACE' ) );
#5614 = EDGE_CURVE ( 'NONE', #187, #5909, #4743, .T. ) ;
#5615 = DIRECTION ( 'NONE',  ( 0.000000000000000000, -1.000000000000000000, 0.000000000000000000 ) ) ;
#5616 = CARTESIAN_POINT ( 'NONE',  ( 0.2913000133422662397, 0.01390146756915284186, 0.1000000000000000056 ) ) ;
#5617 = CARTESIAN_POINT ( 'NONE',  ( -0.1120756508109141125, 0.1610225546206020542, 0.1000000000000000056 ) ) ;
#5618 = SURFACE_SIDE_STYLE ('',( #7135 ) ) ;
#5619 = CARTESIAN_POINT ( 'NONE',  ( 0.1805194636849652701, 0.1839868597581612308, 0.000000000000000000 ) ) ;
#5620 = LINE ( 'NONE', #4239, #1992 ) ;
#5621 = EDGE_CURVE ( 'NONE', #648, #2309, #3581, .T. ) ;
#5622 = EDGE_CURVE ( 'NONE', #825, #2502, #5537, .T. ) ;
#5623 = ORIENTED_EDGE ( 'NONE', *, *, #3141, .T. ) ;
#5624 = CARTESIAN_POINT ( 'NONE',  ( -0.1738258421104695306, 0.1743541047592366000, 0.000000000000000000 ) ) ;
#5625 = CARTESIAN_POINT ( 'NONE',  ( -0.1680566113412387819, 0.007166604759236580753, 0.1000000000000000056 ) ) ;
#5626 = CARTESIAN_POINT ( 'NONE',  ( -0.03408225236687983939, 0.1815656432207750637, 0.1000000000000000056 ) ) ;
#5627 = CARTESIAN_POINT ( 'NONE',  ( -0.1698822320313572720, 0.007809550944535721510, 0.1000000000000000056 ) ) ;
#5628 = ORIENTED_EDGE ( 'NONE', *, *, #1563, .T. ) ;
#5629 = ORIENTED_EDGE ( 'NONE', *, *, #5925, .F. ) ;
#5630 = SURFACE_STYLE_USAGE ( .BOTH. , #5680 ) ;
#5631 = CARTESIAN_POINT ( 'NONE',  ( 0.2494094653261708927, 0.1793850876615533940, 0.1000000000000000056 ) ) ;
#5632 = CARTESIAN_POINT ( 'NONE',  ( 0.1965394732468539463, -0.002763301263726596676, 0.1000000000000000056 ) ) ;
#5633 = MECHANICAL_DESIGN_GEOMETRIC_PRESENTATION_REPRESENTATION (  '', ( #5498 ), #4506 ) ;
#5634 = PLANE ( 'NONE',  #3131 ) ;
#5635 = PLANE ( 'NONE',  #7186 ) ;
#5636 = VERTEX_POINT ( 'NONE', #4893 ) ;
#5637 = CARTESIAN_POINT ( 'NONE',  ( 0.4146356963510689497, 0.002078463733595553239, 0.1000000000000000056 ) ) ;
#5638 = CARTESIAN_POINT ( 'NONE',  ( -0.2127334660241901876, 0.1054700806250325335, 0.1000000000000000056 ) ) ;
#5639 = LINE ( 'NONE', #6426, #370 ) ;
#5640 = CARTESIAN_POINT ( 'NONE',  ( 1.300000000000000266, -0.1350000000000001477, 0.6151791245819069331 ) ) ;
#5641 = PLANE ( 'NONE',  #4065 ) ;
#5642 = FACE_OUTER_BOUND ( 'NONE', #6848, .T. ) ;
#5643 = VERTEX_POINT ( 'NONE', #6359 ) ;
#5644 = CARTESIAN_POINT ( 'NONE',  ( -0.2107831300901663041, 0.1114522721779059589, 0.000000000000000000 ) ) ;
#5645 = VECTOR ( 'NONE', #3985, 1000.000000000000000 ) ;
#5646 = DIRECTION ( 'NONE',  ( 0.000000000000000000, -1.000000000000000000, 0.000000000000000000 ) ) ;
#5647 = CARTESIAN_POINT ( 'NONE',  ( -1.476984712635663444, -1.150000000000000133, 0.07373471887023937132 ) ) ;
#5648 = MECHANICAL_DESIGN_GEOMETRIC_PRESENTATION_REPRESENTATION (  '', ( #6748 ), #5873 ) ;
#5649 = ORIENTED_EDGE ( 'NONE', *, *, #134, .T. ) ;
#5650 = ORIENTED_EDGE ( 'NONE', *, *, #6676, .T. ) ;
#5651 = CARTESIAN_POINT ( 'NONE',  ( 0.2577319737118117238, 0.01041440488290236790, 1.355252715606880543E-17 ) ) ;
#5652 = CARTESIAN_POINT ( 'NONE',  ( -0.2130135630068628050, 0.05407474544798827887, 0.000000000000000000 ) ) ;
#5653 = FILL_AREA_STYLE_COLOUR ( '', #6964 ) ;
#5654 = EDGE_CURVE ( 'NONE', #1532, #1952, #2445, .T. ) ;
#5655 = LINE ( 'NONE', #3912, #905 ) ;
#5656 = CARTESIAN_POINT ( 'NONE',  ( 0.2761876717568694239, 0.1638125229659231075, 0.1000000000000000056 ) ) ;
#5657 = ORIENTED_EDGE ( 'NONE', *, *, #350, .F. ) ;
#5658 = ORIENTED_EDGE ( 'NONE', *, *, #5055, .T. ) ;
#5659 = ORIENTED_EDGE ( 'NONE', *, *, #6291, .F. ) ;
#5660 = PLANE ( 'NONE',  #475 ) ;
#5661 = UNCERTAINTY_MEASURE_WITH_UNIT (LENGTH_MEASURE( 1.000000000000000082E-05 ), #4289, 'distance_accuracy_value', 'NONE');
#5662 = ORIENTED_EDGE ( 'NONE', *, *, #6655, .F. ) ;
#5663 = DIRECTION ( 'NONE',  ( 1.000000000000000000, 0.000000000000000000, -0.000000000000000000 ) ) ;
#5664 = CARTESIAN_POINT ( 'NONE',  ( -0.1622326260845571855, 0.1776266469913774793, 0.000000000000000000 ) ) ;
#5665 = DIRECTION ( 'NONE',  ( -0.000000000000000000, 1.000000000000000000, -0.000000000000000000 ) ) ;
#5666 = EDGE_LOOP ( 'NONE', ( #6956, #484, #5813, #7153 ) ) ;
#5667 = ORIENTED_EDGE ( 'NONE', *, *, #5838, .T. ) ;
#5668 = LINE ( 'NONE', #5514, #1435 ) ;
#5669 = CARTESIAN_POINT ( 'NONE',  ( -0.1694659061034080871, 0.1534720796501449214, 0.000000000000000000 ) ) ;
#5670 = SURFACE_STYLE_FILL_AREA ( #7013 ) ;
#5671 = ORIENTED_EDGE ( 'NONE', *, *, #6303, .T. ) ;
#5672 = CARTESIAN_POINT ( 'NONE',  ( 1.300000000000000044, -1.485000000000000320, 0.6151791245819072662 ) ) ;
#5673 = DIRECTION ( 'NONE',  ( 0.000000000000000000, 0.000000000000000000, -1.000000000000000000 ) ) ;
#5674 = LINE ( 'NONE', #2549, #4897 ) ;
#5675 = EDGE_CURVE ( 'NONE', #3453, #1891, #1905, .T. ) ;
#5676 = PLANE ( 'NONE',  #3263 ) ;
#5677 = CARTESIAN_POINT ( 'NONE',  ( 0.2772421535429130390, 0.02716339085763684949, 0.1000000000000000056 ) ) ;
#5678 = CARTESIAN_POINT ( 'NONE',  ( -0.2063506285144937058, 0.03798018530252178504, 0.1000000000000000056 ) ) ;
#5679 = ORIENTED_EDGE ( 'NONE', *, *, #5749, .T. ) ;
#5680 = SURFACE_SIDE_STYLE ('',( #1635 ) ) ;
#5681 = ORIENTED_EDGE ( 'NONE', *, *, #4384, .F. ) ;
#5682 =( LENGTH_UNIT ( ) NAMED_UNIT ( * ) SI_UNIT ( .MILLI., .METRE. ) );
#5683 = CARTESIAN_POINT ( 'NONE',  ( 1.431056404426063855, -0.1350000000000001477, 0.4204321808078592682 ) ) ;
#5684 = VECTOR ( 'NONE', #2297, 1000.000000000000000 ) ;
#5685 = SURFACE_SIDE_STYLE ('',( #1599 ) ) ;
#5686 = CARTESIAN_POINT ( 'NONE',  ( 0.06078954250491507005, 0.1610528227079545405, 0.1000000000000000056 ) ) ;
#5687 =( GEOMETRIC_REPRESENTATION_CONTEXT ( 3 ) GLOBAL_UNCERTAINTY_ASSIGNED_CONTEXT ( ( #2632 ) ) GLOBAL_UNIT_ASSIGNED_CONTEXT ( ( #3242, #4329, #458 ) ) REPRESENTATION_CONTEXT ( 'NONE', 'WORKASPACE' ) );
#5688 = CARTESIAN_POINT ( 'NONE',  ( -2.000000000000000000, -1.150000000000000133, -0.1000000000000000056 ) ) ;
#5689 = CARTESIAN_POINT ( 'NONE',  ( 1.675252549177989714, -0.9350000000000001643, 0.05999999999999984512 ) ) ;
#5690 = LINE ( 'NONE', #2515, #3472 ) ;
#5691 = MECHANICAL_DESIGN_GEOMETRIC_PRESENTATION_REPRESENTATION (  '', ( #4644 ), #6053 ) ;
#5692 = EDGE_LOOP ( 'NONE', ( #4512, #3683, #305, #4063 ) ) ;
#5693 = LINE ( 'NONE', #6668, #6633 ) ;
#5694 = CARTESIAN_POINT ( 'NONE',  ( 0.2853617697170834355, 0.1243840099933015003, 0.000000000000000000 ) ) ;
#5695 = CARTESIAN_POINT ( 'NONE',  ( -0.2214953788350352004, 0.02615052236484502815, 0.1000000000000000056 ) ) ;
#5696 = FACE_OUTER_BOUND ( 'NONE', #1514, .T. ) ;
#5697 = EDGE_CURVE ( 'NONE', #3070, #2386, #2090, .T. ) ;
#5698 =( NAMED_UNIT ( * ) PLANE_ANGLE_UNIT ( ) SI_UNIT ( $, .RADIAN. ) );
#5699 = ORIENTED_EDGE ( 'NONE', *, *, #3287, .T. ) ;
#5700 = SURFACE_STYLE_USAGE ( .BOTH. , #1763 ) ;
#5701 = UNCERTAINTY_MEASURE_WITH_UNIT (LENGTH_MEASURE( 1.000000000000000082E-05 ), #6501, 'distance_accuracy_value', 'NONE');
#5702 = CARTESIAN_POINT ( 'NONE',  ( 0.3146356963510689164, 0.08272750219513402836, 0.1000000000000000056 ) ) ;
#5703 = CARTESIAN_POINT ( 'NONE',  ( -1.391402837117597047, -1.150000000000000133, 0.6151791245819073772 ) ) ;
#5704 = FILL_AREA_STYLE ('',( #6782 ) ) ;
#5705 = DIRECTION ( 'NONE',  ( -0.000000000000000000, 0.000000000000000000, -1.000000000000000000 ) ) ;
#5706 = CARTESIAN_POINT ( 'NONE',  ( -0.2279274487172757158, 0.1187794420861758848, 0.000000000000000000 ) ) ;
#5707 = CYLINDRICAL_SURFACE ( 'NONE', #3375, 0.04000000000000003553 ) ;
#5708 = FILL_AREA_STYLE_COLOUR ( '', #3177 ) ;
#5709 = EDGE_CURVE ( 'NONE', #1263, #5983, #1220, .T. ) ;
#5710 = ORIENTED_EDGE ( 'NONE', *, *, #1105, .F. ) ;
#5711 = EDGE_CURVE ( 'NONE', #1822, #1510, #4202, .T. ) ;
#5712 = MECHANICAL_DESIGN_GEOMETRIC_PRESENTATION_REPRESENTATION (  '', ( #2029 ), #6814 ) ;
#5713 = CARTESIAN_POINT ( 'NONE',  ( 0.2923187831428700201, 0.1093716119873325149, 0.000000000000000000 ) ) ;
#5714 = VECTOR ( 'NONE', #5881, 1000.000000000000000 ) ;
#5715 = CARTESIAN_POINT ( 'NONE',  ( -0.1982720929191588433, -0.001433496380578347298, 0.1000000000000000056 ) ) ;
#5716 =( NAMED_UNIT ( * ) SI_UNIT ( $, .STERADIAN. ) SOLID_ANGLE_UNIT ( ) );
#5717 = ORIENTED_EDGE ( 'NONE', *, *, #2069, .T. ) ;
#5718 = ORIENTED_EDGE ( 'NONE', *, *, #3261, .T. ) ;
#5719 =( NAMED_UNIT ( * ) PLANE_ANGLE_UNIT ( ) SI_UNIT ( $, .RADIAN. ) );
#5720 = FILL_AREA_STYLE_COLOUR ( '', #669 ) ;
#5721 = CARTESIAN_POINT ( 'NONE',  ( -0.03408225236687983939, -0.01843435677922496130, 0.1000000000000000056 ) ) ;
#5722 = ORIENTED_EDGE ( 'NONE', *, *, #1865, .T. ) ;
#5723 = CARTESIAN_POINT ( 'NONE',  ( -0.3909332139053413591, 0.06618102783615967266, 0.1000000000000000056 ) ) ;
#5724 = PRESENTATION_LAYER_ASSIGNMENT (  '', '', ( #6822 ) ) ;
#5725 = VECTOR ( 'NONE', #4930, 1000.000000000000000 ) ;
#5726 = ORIENTED_EDGE ( 'NONE', *, *, #3609, .F. ) ;
#5727 = CARTESIAN_POINT ( 'NONE',  ( -0.1141839010245510183, 0.002092640669256565309, 0.1000000000000000056 ) ) ;
#5728 = ORIENTED_EDGE ( 'NONE', *, *, #587, .F. ) ;
#5729 = DIRECTION ( 'NONE',  ( -0.000000000000000000, -0.000000000000000000, -1.000000000000000000 ) ) ;
#5730 = DIRECTION ( 'NONE',  ( -0.000000000000000000, -0.000000000000000000, -1.000000000000000000 ) ) ;
#5731 = LINE ( 'NONE', #1673, #4053 ) ;
#5732 = ORIENTED_EDGE ( 'NONE', *, *, #994, .F. ) ;
#5733 = ORIENTED_EDGE ( 'NONE', *, *, #1198, .F. ) ;
#5734 = DIRECTION ( 'NONE',  ( -0.000000000000000000, -1.000000000000000000, -0.000000000000000000 ) ) ;
#5735 = CARTESIAN_POINT ( 'NONE',  ( 2.000000000000000000, 0.9500000000000000666, 0.05999999999999998390 ) ) ;
#5736 = PRESENTATION_LAYER_ASSIGNMENT (  '', '', ( #7066 ) ) ;
#5737 = ORIENTED_EDGE ( 'NONE', *, *, #2112, .T. ) ;
#5738 = ORIENTED_EDGE ( 'NONE', *, *, #2880, .T. ) ;
#5739 = DIRECTION ( 'NONE',  ( 0.1657246185374202374, 0.1611550021107267250, 0.9729154208384808156 ) ) ;
#5740 = AXIS2_PLACEMENT_3D ( 'NONE', #4394, #4998, #1040 ) ;
#5741 = ORIENTED_EDGE ( 'NONE', *, *, #2997, .F. ) ;
#5742 = CARTESIAN_POINT ( 'NONE',  ( 0.2069033245561971712, -0.003049741394609574528, 1.355252715606880543E-17 ) ) ;
#5743 = EDGE_CURVE ( 'NONE', #4061, #7196, #186, .T. ) ;
#5744 = CARTESIAN_POINT ( 'NONE',  ( 1.635598981869524238, -0.1350000000000001477, 0.09474694377404781209 ) ) ;
#5745 = ORIENTED_EDGE ( 'NONE', *, *, #6068, .F. ) ;
#5746 = VECTOR ( 'NONE', #5451, 1000.000000000000000 ) ;
#5747 = VERTEX_POINT ( 'NONE', #410 ) ;
#5748 = VERTEX_POINT ( 'NONE', #3657 ) ;
#5749 = EDGE_CURVE ( 'NONE', #5501, #1348, #1462, .T. ) ;
#5750 = DIRECTION ( 'NONE',  ( 0.000000000000000000, 0.000000000000000000, 1.000000000000000000 ) ) ;
#5751 = FACE_BOUND ( 'NONE', #5561, .T. ) ;
#5752 = CARTESIAN_POINT ( 'NONE',  ( -0.1296519464932273658, 0.002359176858930656789, 0.1000000000000000056 ) ) ;
#5753 = SURFACE_STYLE_FILL_AREA ( #4953 ) ;
#5754 = EDGE_CURVE ( 'NONE', #2658, #1146, #103, .T. ) ;
#5755 = CARTESIAN_POINT ( 'NONE',  ( 0.2100723606007671995, -0.002990597902941125735, 0.1000000000000000056 ) ) ;
#5756 = CARTESIAN_POINT ( 'NONE',  ( 1.476984712635663444, -1.485000000000000320, 0.07373471887023939908 ) ) ;
#5757 = VECTOR ( 'NONE', #357, 1000.000000000000000 ) ;
#5758 = ORIENTED_EDGE ( 'NONE', *, *, #1648, .T. ) ;
#5759 = CYLINDRICAL_SURFACE ( 'NONE', #3845, 0.04000000000000004940 ) ;
#5760 = CARTESIAN_POINT ( 'NONE',  ( 1.300000000000000266, 1.550000000000000266, 0.6151791245819069331 ) ) ;
#5761 = CARTESIAN_POINT ( 'NONE',  ( -0.1710334102387661981, -0.01428610459537090621, 0.1000000000000000056 ) ) ;
#5762 = CARTESIAN_POINT ( 'NONE',  ( -0.1923512839606858482, 0.02065997266943309790, 0.000000000000000000 ) ) ;
#5763 = EDGE_CURVE ( 'NONE', #6071, #5317, #270, .T. ) ;
#5764 = AXIS2_PLACEMENT_3D ( 'NONE', #1439, #7035, #4293 ) ;
#5765 = COLOUR_RGB ( '',0.1960784313725490169, 0.1960784313725490169, 0.1960784313725490169 ) ;
#5766 = CARTESIAN_POINT ( 'NONE',  ( 0.1627405305516382572, 0.1554891332286076622, 0.000000000000000000 ) ) ;
#5767 = LINE ( 'NONE', #7028, #6119 ) ;
#5768 = VECTOR ( 'NONE', #2843, 1000.000000000000000 ) ;
#5769 = CARTESIAN_POINT ( 'NONE',  ( 0.2426408913566373005, 0.1598809232732718855, 0.1000000000000000056 ) ) ;
#5770 = CARTESIAN_POINT ( 'NONE',  ( -0.1634673144000179656, 0.005833918802008623145, 0.1000000000000000056 ) ) ;
#5771 = LINE ( 'NONE', #4388, #2071 ) ;
#5772 = CARTESIAN_POINT ( 'NONE',  ( 0.2647461400886072513, 0.01537158096926331471, 0.1000000000000000056 ) ) ;
#5773 = DIRECTION ( 'NONE',  ( -1.000000000000000000, -0.000000000000000000, -0.000000000000000000 ) ) ;
#5774 = ORIENTED_EDGE ( 'NONE', *, *, #4003, .F. ) ;
#5775 = STYLED_ITEM ( 'NONE', ( #5405 ), #2742 ) ;
#5776 = CARTESIAN_POINT ( 'NONE',  ( 0.2880596401944972573, 0.1195532790427365072, 0.000000000000000000 ) ) ;
#5777 = CARTESIAN_POINT ( 'NONE',  ( -0.3194588549309824721, 0.06618102783615967266, 0.1000000000000000056 ) ) ;
#5778 = DIRECTION ( 'NONE',  ( 0.000000000000000000, 0.000000000000000000, -1.000000000000000000 ) ) ;
#5779 = AXIS2_PLACEMENT_3D ( 'NONE', #6548, #2651, #7150 ) ;
#5780 = VECTOR ( 'NONE', #3225, 1000.000000000000000 ) ;
#5781 = CARTESIAN_POINT ( 'NONE',  ( -0.2033501539983059991, 0.03314076840878274477, 0.000000000000000000 ) ) ;
#5782 = PRESENTATION_LAYER_ASSIGNMENT (  '', '', ( #5421 ) ) ;
#5783 = EDGE_CURVE ( 'NONE', #6832, #6497, #3759, .T. ) ;
#5784 = CIRCLE ( 'NONE', #2747, 0.1999999999999999278 ) ;
#5785 = FILL_AREA_STYLE_COLOUR ( '', #2869 ) ;
#5786 = VERTEX_POINT ( 'NONE', #5363 ) ;
#5787 = FACE_OUTER_BOUND ( 'NONE', #4859, .T. ) ;
#5788 = CARTESIAN_POINT ( 'NONE',  ( -0.2324151638236609807, 0.05755209079424068730, 0.000000000000000000 ) ) ;
#5789 = CARTESIAN_POINT ( 'NONE',  ( -1.300000000000000044, 0.2500000000000002220, 0.4551791245819074017 ) ) ;
#5790 = FACE_OUTER_BOUND ( 'NONE', #441, .T. ) ;
#5791 = CARTESIAN_POINT ( 'NONE',  ( 0.2200637554735007939, 0.1655057556315125689, -1.355252715606880543E-17 ) ) ;
#5792 = ORIENTED_EDGE ( 'NONE', *, *, #2172, .T. ) ;
#5793 = ORIENTED_EDGE ( 'NONE', *, *, #3195, .F. ) ;
#5794 = FILL_AREA_STYLE_COLOUR ( '', #1485 ) ;
#5795 = CARTESIAN_POINT ( 'NONE',  ( 0.2772421535429130390, 0.02716339085763684949, 0.1000000000000000056 ) ) ;
#5796 = PRESENTATION_STYLE_ASSIGNMENT (( #2050 ) ) ;
#5797 = FILL_AREA_STYLE_COLOUR ( '', #4785 ) ;
#5798 = ORIENTED_EDGE ( 'NONE', *, *, #4762, .T. ) ;
#5799 = CARTESIAN_POINT ( 'NONE',  ( 1.589670673659924649, -0.1350000000000001477, 0.4414444057116678755 ) ) ;
#5800 = LINE ( 'NONE', #3596, #3769 ) ;
#5801 = CARTESIAN_POINT ( 'NONE',  ( 0.1566469807065368203, 0.1757387102130377465, 0.1000000000000000056 ) ) ;
#5802 = CARTESIAN_POINT ( 'NONE',  ( -0.06997968826431572031, -0.01843435677922496130, 0.000000000000000000 ) ) ;
#5803 = VECTOR ( 'NONE', #1870, 1000.000000000000000 ) ;
#5804 = DIRECTION ( 'NONE',  ( -0.000000000000000000, -0.000000000000000000, -1.000000000000000000 ) ) ;
#5805 = ADVANCED_FACE ( 'NONE', ( #5455 ), #5707, .F. ) ;
#5806 = ORIENTED_EDGE ( 'NONE', *, *, #1108, .F. ) ;
#5807 = ADVANCED_FACE ( 'NONE', ( #4028 ), #3851, .T. ) ;
#5808 = CARTESIAN_POINT ( 'NONE',  ( 0.2482907942674005275, -0.01693245624732514151, 0.1000000000000000056 ) ) ;
#5809 = LINE ( 'NONE', #382, #1321 ) ;
#5810 = ORIENTED_EDGE ( 'NONE', *, *, #4337, .F. ) ;
#5811 = FILL_AREA_STYLE ('',( #260 ) ) ;
#5812 = ORIENTED_EDGE ( 'NONE', *, *, #6068, .T. ) ;
#5813 = ORIENTED_EDGE ( 'NONE', *, *, #959, .T. ) ;
#5814 = DIRECTION ( 'NONE',  ( 1.000000000000000000, 0.000000000000000000, 0.000000000000000000 ) ) ;
#5815 = CARTESIAN_POINT ( 'NONE',  ( -1.675252549177989714, 1.550000000000000044, 0.09999999999999996392 ) ) ;
#5816 = PLANE ( 'NONE',  #4044 ) ;
#5817 = AXIS2_PLACEMENT_3D ( 'NONE', #4533, #3471, #2864 ) ;
#5818 = ORIENTED_EDGE ( 'NONE', *, *, #6498, .F. ) ;
#5819 = CARTESIAN_POINT ( 'NONE',  ( -0.3097232780079054448, 0.04566820732333915639, 0.1000000000000000056 ) ) ;
#5820 = DIRECTION ( 'NONE',  ( 0.000000000000000000, 1.000000000000000000, -0.000000000000000000 ) ) ;
#5821 = VERTEX_POINT ( 'NONE', #530 ) ;
#5822 = CARTESIAN_POINT ( 'NONE',  ( -0.03408225236687983939, 0.002078463733595553239, 0.1000000000000000056 ) ) ;
#5823 = CARTESIAN_POINT ( 'NONE',  ( 0.2479672113450433202, 0.1575177895669895578, 0.1000000000000000056 ) ) ;
#5824 = ORIENTED_EDGE ( 'NONE', *, *, #4123, .F. ) ;
#5825 = CARTESIAN_POINT ( 'NONE',  ( 0.1197639014792740431, 0.1448669252720571066, -1.355252715606880543E-17 ) ) ;
#5826 = FACE_OUTER_BOUND ( 'NONE', #4149, .T. ) ;
#5827 = VERTEX_POINT ( 'NONE', #2215 ) ;
#5828 = FILL_AREA_STYLE ('',( #771 ) ) ;
#5829 = ORIENTED_EDGE ( 'NONE', *, *, #2452, .F. ) ;
#5830 = CARTESIAN_POINT ( 'NONE',  ( -0.2063506285144937058, 0.03798018530252178504, 0.000000000000000000 ) ) ;
#5831 = AXIS2_PLACEMENT_3D ( 'NONE', #6929, #4095, #1304 ) ;
#5832 =( NAMED_UNIT ( * ) SI_UNIT ( $, .STERADIAN. ) SOLID_ANGLE_UNIT ( ) );
#5833 = VERTEX_POINT ( 'NONE', #1553 ) ;
#5834 = CARTESIAN_POINT ( 'NONE',  ( 0.2586352537241270455, -0.01256553228834741270, 0.1000000000000000056 ) ) ;
#5835 = PRESENTATION_LAYER_ASSIGNMENT (  '', '', ( #5518 ) ) ;
#5836 = SURFACE_SIDE_STYLE ('',( #2104 ) ) ;
#5837 = VECTOR ( 'NONE', #328, 1000.000000000000000 ) ;
#5838 = EDGE_CURVE ( 'NONE', #1532, #2281, #7174, .T. ) ;
#5839 = UNCERTAINTY_MEASURE_WITH_UNIT (LENGTH_MEASURE( 1.000000000000000082E-05 ), #245, 'distance_accuracy_value', 'NONE');
#5840 = SURFACE_STYLE_USAGE ( .BOTH. , #6258 ) ;
#5841 = ADVANCED_FACE ( 'NONE', ( #4486 ), #3238, .F. ) ;
#5842 = ORIENTED_EDGE ( 'NONE', *, *, #6721, .T. ) ;
#5843 =( LENGTH_UNIT ( ) NAMED_UNIT ( * ) SI_UNIT ( .MILLI., .METRE. ) );
#5844 = EDGE_LOOP ( 'NONE', ( #1249, #6101, #4776, #465, #3798, #6118 ) ) ;
#5845 = DIRECTION ( 'NONE',  ( 0.1313264056488087639, 0.000000000000000000, -0.9913391827116311283 ) ) ;
#5846 = DIRECTION ( 'NONE',  ( 1.000000000000000000, 0.000000000000000000, 0.000000000000000000 ) ) ;
#5847 = EDGE_CURVE ( 'NONE', #3724, #3859, #5784, .T. ) ;
#5848 = CARTESIAN_POINT ( 'NONE',  ( -0.03408225236687983939, -0.01843435677922496130, 0.1000000000000000056 ) ) ;
#5849 = FACE_OUTER_BOUND ( 'NONE', #3896, .T. ) ;
#5850 = CARTESIAN_POINT ( 'NONE',  ( 1.675252549177991046, -0.1350000000000001477, -0.09999999999999997780 ) ) ;
#5851 = ADVANCED_FACE ( 'NONE', ( #2086 ), #5542, .F. ) ;
#5852 = CARTESIAN_POINT ( 'NONE',  ( 1.391402837117597047, 1.550000000000000266, 0.6151791245819069331 ) ) ;
#5853 = DIRECTION ( 'NONE',  ( 0.000000000000000000, -1.000000000000000000, 0.000000000000000000 ) ) ;
#5854 = CARTESIAN_POINT ( 'NONE',  ( 0.1682381575660238937, 0.1805384243418090284, -1.355252715606880543E-17 ) ) ;
#5855 = COLOUR_RGB ( '',0.7960784313725489669, 0.8235294117647058432, 0.9372549019607843146 ) ;
#5856 = SURFACE_STYLE_USAGE ( .BOTH. , #1906 ) ;
#5857 = LINE ( 'NONE', #2952, #4359 ) ;
#5858 = DIRECTION ( 'NONE',  ( -1.000000000000000000, -0.000000000000000000, -0.000000000000000000 ) ) ;
#5859 = LINE ( 'NONE', #2835, #1646 ) ;
#5860 =( GEOMETRIC_REPRESENTATION_CONTEXT ( 3 ) GLOBAL_UNCERTAINTY_ASSIGNED_CONTEXT ( ( #5343 ) ) GLOBAL_UNIT_ASSIGNED_CONTEXT ( ( #6988, #891, #329 ) ) REPRESENTATION_CONTEXT ( 'NONE', 'WORKASPACE' ) );
#5861 = CARTESIAN_POINT ( 'NONE',  ( 0.1566469807065368203, 0.1757387102130377465, 0.1000000000000000056 ) ) ;
#5862 = CARTESIAN_POINT ( 'NONE',  ( 0.1197639014792740431, 0.1448669252720571066, 0.1000000000000000056 ) ) ;
#5863 =( NAMED_UNIT ( * ) PLANE_ANGLE_UNIT ( ) SI_UNIT ( $, .RADIAN. ) );
#5864 = FACE_OUTER_BOUND ( 'NONE', #1628, .T. ) ;
#5865 = PRESENTATION_STYLE_ASSIGNMENT (( #637 ) ) ;
#5866 = CARTESIAN_POINT ( 'NONE',  ( 0.2258759298238646462, 0.1646536864861089799, -1.355252715606880543E-17 ) ) ;
#5867 = CARTESIAN_POINT ( 'NONE',  ( 1.300000000000000044, -0.1350000000000001477, 0.4551791245819071796 ) ) ;
#5868 =( GEOMETRIC_REPRESENTATION_CONTEXT ( 3 ) GLOBAL_UNCERTAINTY_ASSIGNED_CONTEXT ( ( #6232 ) ) GLOBAL_UNIT_ASSIGNED_CONTEXT ( ( #2611, #3712, #3633 ) ) REPRESENTATION_CONTEXT ( 'NONE', 'WORKASPACE' ) );
#5869 = CARTESIAN_POINT ( 'NONE',  ( -1.391402837117598379, 1.550000000000000044, 0.4151791245819074216 ) ) ;
#5870 = CARTESIAN_POINT ( 'NONE',  ( 0.1461269828616128252, 0.1440492768715153360, 0.1000000000000000056 ) ) ;
#5871 =( LENGTH_UNIT ( ) NAMED_UNIT ( * ) SI_UNIT ( .MILLI., .METRE. ) );
#5872 = ORIENTED_EDGE ( 'NONE', *, *, #4951, .T. ) ;
#5873 =( GEOMETRIC_REPRESENTATION_CONTEXT ( 3 ) GLOBAL_UNCERTAINTY_ASSIGNED_CONTEXT ( ( #2039 ) ) GLOBAL_UNIT_ASSIGNED_CONTEXT ( ( #2602, #6516, #2626 ) ) REPRESENTATION_CONTEXT ( 'NONE', 'WORKASPACE' ) );
#5874 = CARTESIAN_POINT ( 'NONE',  ( 0.2966869784023509760, 0.08136532270795453214, 0.1000000000000000056 ) ) ;
#5875 = UNCERTAINTY_MEASURE_WITH_UNIT (LENGTH_MEASURE( 1.000000000000000082E-05 ), #1523, 'distance_accuracy_value', 'NONE');
#5876 = CARTESIAN_POINT ( 'NONE',  ( 0.2674232379112174707, 0.1452881808229027349, 0.1000000000000000056 ) ) ;
#5877 = CARTESIAN_POINT ( 'NONE',  ( 0.4146356963510689497, 0.1815656432207750637, 0.1000000000000000056 ) ) ;
#5878 = DIRECTION ( 'NONE',  ( 0.000000000000000000, 0.000000000000000000, -1.000000000000000000 ) ) ;
#5879 = AXIS2_PLACEMENT_3D ( 'NONE', #1697, #6783, #3961 ) ;
#5880 = ORIENTED_EDGE ( 'NONE', *, *, #5378, .F. ) ;
#5881 = DIRECTION ( 'NONE',  ( -0.000000000000000000, -0.000000000000000000, -1.000000000000000000 ) ) ;
#5882 =( GEOMETRIC_REPRESENTATION_CONTEXT ( 3 ) GLOBAL_UNCERTAINTY_ASSIGNED_CONTEXT ( ( #3857 ) ) GLOBAL_UNIT_ASSIGNED_CONTEXT ( ( #5053, #3357, #1665 ) ) REPRESENTATION_CONTEXT ( 'NONE', 'WORKASPACE' ) );
#5883 = EDGE_CURVE ( 'NONE', #5484, #4445, #4478, .T. ) ;
#5884 = ADVANCED_FACE ( 'NONE', ( #872 ), #2724, .F. ) ;
#5885 = CARTESIAN_POINT ( 'NONE',  ( 0.1623468040309042348, 0.1783077654094888664, 0.1000000000000000056 ) ) ;
#5886 = CARTESIAN_POINT ( 'NONE',  ( 0.2814323265038181643, 0.003181460303659732879, 0.1000000000000000056 ) ) ;
#5887 = EDGE_CURVE ( 'NONE', #5220, #2553, #7074, .T. ) ;
#5888 = ORIENTED_EDGE ( 'NONE', *, *, #444, .F. ) ;
#5889 =( NAMED_UNIT ( * ) SI_UNIT ( $, .STERADIAN. ) SOLID_ANGLE_UNIT ( ) );
#5890 = CARTESIAN_POINT ( 'NONE',  ( 0.2966869784023509760, 0.08136532270795453214, -1.355252715606880543E-17 ) ) ;
#5891 = CARTESIAN_POINT ( 'NONE',  ( 0.2034117423279921955, -0.002953239694557773572, -0.000000000000000000 ) ) ;
#5892 = DIRECTION ( 'NONE',  ( -0.1313264056488087084, -0.000000000000000000, 0.9913391827116310173 ) ) ;
#5893 = SURFACE_SIDE_STYLE ('',( #5670 ) ) ;
#5894 = DIRECTION ( 'NONE',  ( -1.000000000000000000, 0.000000000000000000, 0.000000000000000000 ) ) ;
#5895 = FILL_AREA_STYLE ('',( #5797 ) ) ;
#5896 = ORIENTED_EDGE ( 'NONE', *, *, #1606, .F. ) ;
#5897 =( NAMED_UNIT ( * ) SI_UNIT ( $, .STERADIAN. ) SOLID_ANGLE_UNIT ( ) );
#5898 = CARTESIAN_POINT ( 'NONE',  ( 0.2715982443188281747, 0.1415938318870283430, 0.1000000000000000056 ) ) ;
#5899 = PLANE ( 'NONE',  #3232 ) ;
#5900 = ORIENTED_EDGE ( 'NONE', *, *, #3048, .T. ) ;
#5901 = EDGE_CURVE ( 'NONE', #6021, #125, #526, .T. ) ;
#5902 = AXIS2_PLACEMENT_3D ( 'NONE', #4521, #1133, #2858 ) ;
#5903 = STYLED_ITEM ( 'NONE', ( #6975 ), #1766 ) ;
#5904 = PRESENTATION_STYLE_ASSIGNMENT (( #3979 ) ) ;
#5905 = ORIENTED_EDGE ( 'NONE', *, *, #3656, .T. ) ;
#5906 = CARTESIAN_POINT ( 'NONE',  ( 0.1768205067188268198, 0.1616153698645026449, 0.1000000000000000056 ) ) ;
#5907 = CARTESIAN_POINT ( 'NONE',  ( 0.2772235536268231604, -0.0005137759536909594898, 0.1000000000000000056 ) ) ;
#5908 = ORIENTED_EDGE ( 'NONE', *, *, #2223, .T. ) ;
#5909 = VERTEX_POINT ( 'NONE', #6145 ) ;
#5910 = ORIENTED_EDGE ( 'NONE', *, *, #4493, .T. ) ;
#5911 = CARTESIAN_POINT ( 'NONE',  ( -1.391402837117598379, 1.550000000000000044, 0.4551791245819074572 ) ) ;
#5912 = DIRECTION ( 'NONE',  ( 1.000000000000000000, 0.000000000000000000, -0.000000000000000000 ) ) ;
#5913 = CARTESIAN_POINT ( 'NONE',  ( -0.1738258421104695306, 0.1743541047592366000, 0.1000000000000000056 ) ) ;
#5914 = MECHANICAL_DESIGN_GEOMETRIC_PRESENTATION_REPRESENTATION (  '', ( #6791 ), #4806 ) ;
#5915 = CARTESIAN_POINT ( 'NONE',  ( 0.2840486623454269166, 0.1568102742446508824, 0.000000000000000000 ) ) ;
#5916 = ADVANCED_FACE ( 'NONE', ( #4098 ), #4650, .F. ) ;
#5917 = EDGE_LOOP ( 'NONE', ( #6594, #2655, #5959, #5384 ) ) ;
#5918 = LINE ( 'NONE', #483, #5222 ) ;
#5919 = ORIENTED_EDGE ( 'NONE', *, *, #1359, .F. ) ;
#5920 = EDGE_CURVE ( 'NONE', #4438, #2542, #6301, .T. ) ;
#5921 = ORIENTED_EDGE ( 'NONE', *, *, #3714, .T. ) ;
#5922 = PRESENTATION_STYLE_ASSIGNMENT (( #746 ) ) ;
#5923 = CARTESIAN_POINT ( 'NONE',  ( -0.03408225236687983939, 0.07900154065667248926, 0.1000000000000000056 ) ) ;
#5924 = FACE_OUTER_BOUND ( 'NONE', #29, .T. ) ;
#5925 = EDGE_CURVE ( 'NONE', #5786, #243, #4821, .T. ) ;
#5926 = DIRECTION ( 'NONE',  ( -0.000000000000000000, -0.000000000000000000, -1.000000000000000000 ) ) ;
#5927 = CARTESIAN_POINT ( 'NONE',  ( -1.589670673659924871, 1.550000000000000044, 0.4414444057116679865 ) ) ;
#5928 = CARTESIAN_POINT ( 'NONE',  ( -1.675252549177989936, -1.150000000000000133, 0.05999999999999992839 ) ) ;
#5929 = CARTESIAN_POINT ( 'NONE',  ( -1.675252549177989714, 1.149999999999999911, 0.1000000000000000056 ) ) ;
#5930 = EDGE_LOOP ( 'NONE', ( #48, #5305, #2306, #2646 ) ) ;
#5931 = LINE ( 'NONE', #1919, #4447 ) ;
#5932 = CARTESIAN_POINT ( 'NONE',  ( 1.675252549177989714, -0.1350000000000001477, 0.09999999999999995004 ) ) ;
#5933 = B_SPLINE_CURVE_WITH_KNOTS ( 'NONE', 3,
 ( #3455, #5727, #6826, #5752, #6351, #688, #1808, #5210, #5770, #6872, #3523 ),
 .UNSPECIFIED., .F., .F.,
 ( 4, 1, 1, 1, 1, 1, 1, 1, 4 ),
 ( 0.000000000000000000, 0.1719006646132689997, 0.3306279320958805945, 0.4755488358809185634, 0.6067461903123634315, 0.7250238034674904020, 0.8297423869584565903, 0.9213228203439755015, 0.9999999999999998890 ),
 .UNSPECIFIED. ) ;
#5934 = PRESENTATION_STYLE_ASSIGNMENT (( #2582 ) ) ;
#5935 = UNCERTAINTY_MEASURE_WITH_UNIT (LENGTH_MEASURE( 1.000000000000000082E-05 ), #4191, 'distance_accuracy_value', 'NONE');
#5936 = CARTESIAN_POINT ( 'NONE',  ( -0.03408225236687983939, 0.1815656432207750637, 0.000000000000000000 ) ) ;
#5937 = PRESENTATION_STYLE_ASSIGNMENT (( #6936 ) ) ;
#5938 = EDGE_CURVE ( 'NONE', #5213, #4430, #3321, .T. ) ;
#5939 = CARTESIAN_POINT ( 'NONE',  ( 0.2966182056540222489, 0.08722770374623713130, -1.355252715606880543E-17 ) ) ;
#5940 = COLOUR_RGB ( '',0.7960784313725489669, 0.8235294117647058432, 0.9372549019607843146 ) ;
#5941 = CARTESIAN_POINT ( 'NONE',  ( 0.2290912338580530783, 0.1849849533657699774, -1.355252715606880543E-17 ) ) ;
#5942 = FACE_OUTER_BOUND ( 'NONE', #2713, .T. ) ;
#5943 = LINE ( 'NONE', #5683, #4274 ) ;
#5944 = CARTESIAN_POINT ( 'NONE',  ( 0.1588337004059202640, 0.009852720289405068194, 0.1000000000000000056 ) ) ;
#5945 = VECTOR ( 'NONE', #3323, 1000.000000000000000 ) ;
#5946 = PRESENTATION_STYLE_ASSIGNMENT (( #3594 ) ) ;
#5947 = CARTESIAN_POINT ( 'NONE',  ( -2.000000000000000000, -1.150000000000000133, 0.06000000000000001166 ) ) ;
#5948 = DIRECTION ( 'NONE',  ( -0.1313264056488086529, 0.000000000000000000, -0.9913391827116311283 ) ) ;
#5949 = VERTEX_POINT ( 'NONE', #6723 ) ;
#5950 = VECTOR ( 'NONE', #6080, 1000.000000000000227 ) ;
#5951 = FACE_OUTER_BOUND ( 'NONE', #2882, .T. ) ;
#5952 = ADVANCED_FACE ( 'NONE', ( #1819 ), #5575, .F. ) ;
#5953 = PRESENTATION_LAYER_ASSIGNMENT (  '', '', ( #933 ) ) ;
#5954 = CARTESIAN_POINT ( 'NONE',  ( -0.2597232780079054559, -0.01843435677922496130, 0.1000000000000000056 ) ) ;
#5955 = VECTOR ( 'NONE', #1897, 1000.000000000000000 ) ;
#5956 = CARTESIAN_POINT ( 'NONE',  ( 1.391402837117598157, 1.550000000000000266, 0.4151791245819071996 ) ) ;
#5957 = PRESENTATION_LAYER_ASSIGNMENT (  '', '', ( #2427 ) ) ;
#5958 = EDGE_LOOP ( 'NONE', ( #988, #6509, #1840, #7215 ) ) ;
#5959 = ORIENTED_EDGE ( 'NONE', *, *, #4875, .T. ) ;
#5960 = VECTOR ( 'NONE', #4513, 1000.000000000000000 ) ;
#5961 = CARTESIAN_POINT ( 'NONE',  ( -0.1683156056789085198, 0.1761758943979656600, 0.1000000000000000056 ) ) ;
#5962 = CARTESIAN_POINT ( 'NONE',  ( 0.3071027580625657616, 0.1232386721856291445, 0.1000000000000000056 ) ) ;
#5963 = LINE ( 'NONE', #6560, #4390 ) ;
#5964 = UNCERTAINTY_MEASURE_WITH_UNIT (LENGTH_MEASURE( 1.000000000000000082E-05 ), #5462, 'distance_accuracy_value', 'NONE');
#5965 = CARTESIAN_POINT ( 'NONE',  ( 0.2966148744581278973, 0.07840924728379930486, -0.000000000000000000 ) ) ;
#5966 = DIRECTION ( 'NONE',  ( 0.000000000000000000, -1.000000000000000000, 0.000000000000000000 ) ) ;
#5967 = COLOUR_RGB ( '',0.7960784313725489669, 0.8235294117647058432, 0.9372549019607843146 ) ;
#5968 = CARTESIAN_POINT ( 'NONE',  ( 0.1569669314724594922, -0.01268722539842218576, 0.000000000000000000 ) ) ;
#5969 = MECHANICAL_DESIGN_GEOMETRIC_PRESENTATION_REPRESENTATION (  '', ( #1818 ), #1185 ) ;
#5970 = CARTESIAN_POINT ( 'NONE',  ( -0.3545950728797003793, 0.1815656432207750637, 0.1000000000000000056 ) ) ;
#5971 = CARTESIAN_POINT ( 'NONE',  ( -0.03408225236687983939, 0.1610528227079545405, 0.1000000000000000056 ) ) ;
#5972 = COLOUR_RGB ( '',0.1960784313725490169, 0.1960784313725490169, 0.1960784313725490169 ) ;
#5973 =( NAMED_UNIT ( * ) SI_UNIT ( $, .STERADIAN. ) SOLID_ANGLE_UNIT ( ) );
#5974 = CARTESIAN_POINT ( 'NONE',  ( 1.476984712635663444, -0.9350000000000001643, 0.07373471887023939908 ) ) ;
#5975 = PRESENTATION_STYLE_ASSIGNMENT (( #2014 ) ) ;
#5976 = DIRECTION ( 'NONE',  ( -0.000000000000000000, -1.000000000000000000, -0.000000000000000000 ) ) ;
#5977 = EDGE_CURVE ( 'NONE', #2833, #56, #4381, .T. ) ;
#5978 = ORIENTED_EDGE ( 'NONE', *, *, #1963, .T. ) ;
#5979 = VECTOR ( 'NONE', #5894, 1000.000000000000000 ) ;
#5980 = B_SPLINE_CURVE_WITH_KNOTS ( 'NONE', 3,
 ( #6587, #7117, #4952, #991, #1571, #3230, #2127, #6061, #2696, #4504, #2867, #1120, #1205, #599, #1717, #5125, #2333, #4001, #6778 ),
 .UNSPECIFIED., .F., .F.,
 ( 4, 1, 1, 1, 1, 1, 1, 1, 1, 1, 1, 1, 1, 1, 1, 1, 4 ),
 ( 0.000000000000000000, 0.06966280089907736506, 0.1377495622582728674, 0.2039167435177827170, 0.2687798623293365941, 0.3324137064772236805, 0.3947535404471393394, 0.4561800316591684279, 0.5169956491967199197, 0.5773959379659518998, 0.6371983435092755110, 0.6969991842614546851, 0.7567561942255596197, 0.8165539052726078495, 0.8769479965978702607, 0.9381317879205951504, 0.9999999999999998890 ),
 .UNSPECIFIED. ) ;
#5981 = EDGE_CURVE ( 'NONE', #1433, #6497, #2175, .T. ) ;
#5982 = FILL_AREA_STYLE_COLOUR ( '', #4938 ) ;
#5983 = VERTEX_POINT ( 'NONE', #5072 ) ;
#5984 = EDGE_CURVE ( 'NONE', #7133, #6832, #515, .T. ) ;
#5985 = VECTOR ( 'NONE', #4588, 1000.000000000000000 ) ;
#5986 = CARTESIAN_POINT ( 'NONE',  ( 0.2823493682848887687, 0.1290304904252070894, 0.1000000000000000056 ) ) ;
#5987 = COLOUR_RGB ( '',0.1960784313725490169, 0.1960784313725490169, 0.1960784313725490169 ) ;
#5988 = DIRECTION ( 'NONE',  ( -0.000000000000000000, -0.000000000000000000, -1.000000000000000000 ) ) ;
#5989 = ORIENTED_EDGE ( 'NONE', *, *, #2025, .T. ) ;
#5990 = CARTESIAN_POINT ( 'NONE',  ( 0.2070235168638894507, 0.1866938483489801737, 0.1000000000000000056 ) ) ;
#5991 = ADVANCED_FACE ( 'NONE', ( #5951 ), #3920, .T. ) ;
#5992 = CARTESIAN_POINT ( 'NONE',  ( -1.589670673659924871, -1.150000000000000133, 0.4414444057116679865 ) ) ;
#5993 = ORIENTED_EDGE ( 'NONE', *, *, #5847, .T. ) ;
#5994 = FILL_AREA_STYLE ('',( #6862 ) ) ;
#5995 = ORIENTED_EDGE ( 'NONE', *, *, #5675, .F. ) ;
#5996 = CARTESIAN_POINT ( 'NONE',  ( 0.1365893661618995947, 0.1341828927788909775, 0.000000000000000000 ) ) ;
#5997 =( NAMED_UNIT ( * ) PLANE_ANGLE_UNIT ( ) SI_UNIT ( $, .RADIAN. ) );
#5998 = DIRECTION ( 'NONE',  ( -0.000000000000000000, 1.000000000000000000, -0.000000000000000000 ) ) ;
#5999 = ORIENTED_EDGE ( 'NONE', *, *, #3404, .F. ) ;
#6000 = SURFACE_STYLE_USAGE ( .BOTH. , #5392 ) ;
#6001 = AXIS2_PLACEMENT_3D ( 'NONE', #6378, #5356, #3576 ) ;
#6002 = ORIENTED_EDGE ( 'NONE', *, *, #1105, .T. ) ;
#6003 = VERTEX_POINT ( 'NONE', #2093 ) ;
#6004 = FILL_AREA_STYLE_COLOUR ( '', #6528 ) ;
#6005 = PRESENTATION_LAYER_ASSIGNMENT (  '', '', ( #6974 ) ) ;
#6006 = EDGE_LOOP ( 'NONE', ( #1178, #908, #5399, #1789 ) ) ;
#6007 = ORIENTED_EDGE ( 'NONE', *, *, #6944, .T. ) ;
#6008 = DIRECTION ( 'NONE',  ( 0.000000000000000000, 1.000000000000000000, 0.000000000000000000 ) ) ;
#6009 = MECHANICAL_DESIGN_GEOMETRIC_PRESENTATION_REPRESENTATION (  '', ( #1852 ), #6377 ) ;
#6010 = LINE ( 'NONE', #3793, #5073 ) ;
#6011 = CARTESIAN_POINT ( 'NONE',  ( 0.1805803675671850128, -0.02090138774544553213, 0.1000000000000000056 ) ) ;
#6012 = ORIENTED_EDGE ( 'NONE', *, *, #1053, .T. ) ;
#6013 = CARTESIAN_POINT ( 'NONE',  ( 0.07873826045363301052, -0.01843435677922496130, 0.000000000000000000 ) ) ;
#6014 = DIRECTION ( 'NONE',  ( 1.000000000000000000, -0.000000000000000000, -1.251975384727201669E-16 ) ) ;
#6015 = CARTESIAN_POINT ( 'NONE',  ( -0.1885673058600708385, -0.007674848555774059326, 5.421010862427522170E-17 ) ) ;
#6016 = MECHANICAL_DESIGN_GEOMETRIC_PRESENTATION_REPRESENTATION (  '', ( #6512 ), #379 ) ;
#6017 = DIRECTION ( 'NONE',  ( -0.000000000000000000, -1.000000000000000000, -0.000000000000000000 ) ) ;
#6018 = LINE ( 'NONE', #6612, #72 ) ;
#6019 = CARTESIAN_POINT ( 'NONE',  ( 1.300000000000000266, 0.9500000000000000666, 0.6151791245819069331 ) ) ;
#6020 = PRESENTATION_LAYER_ASSIGNMENT (  '', '', ( #4529 ) ) ;
#6021 = VERTEX_POINT ( 'NONE', #4449 ) ;
#6022 = EDGE_CURVE ( 'NONE', #648, #5275, #7182, .T. ) ;
#6023 = CARTESIAN_POINT ( 'NONE',  ( -0.2160247056693180567, 0.07251180564993413291, 0.1000000000000000056 ) ) ;
#6024 = SURFACE_SIDE_STYLE ('',( #6624 ) ) ;
#6025 = PLANE ( 'NONE',  #1578 ) ;
#6026 = ADVANCED_FACE ( 'NONE', ( #2431 ), #1037, .T. ) ;
#6027 = LINE ( 'NONE', #3982, #1288 ) ;
#6028 = FACE_BOUND ( 'NONE', #3678, .T. ) ;
#6029 = PRODUCT_DEFINITION_CONTEXT ( 'detailed design', #5148, 'design' ) ;
#6030 = CARTESIAN_POINT ( 'NONE',  ( 0.3004753939353471681, 0.02686390709295607276, 0.1000000000000000056 ) ) ;
#6031 = COLOUR_RGB ( '',0.7960784313725489669, 0.8235294117647058432, 0.9372549019607843146 ) ;
#6032 = EDGE_LOOP ( 'NONE', ( #6588, #2325, #4962, #3603, #1241, #6304, #5818, #2134, #1875, #7136 ) ) ;
#6033 = VERTEX_POINT ( 'NONE', #3197 ) ;
#6034 = CARTESIAN_POINT ( 'NONE',  ( 0.1684379627719808370, -0.01745128338793616729, 0.1000000000000000056 ) ) ;
#6035 =( NAMED_UNIT ( * ) PLANE_ANGLE_UNIT ( ) SI_UNIT ( $, .RADIAN. ) );
#6036 = CARTESIAN_POINT ( 'NONE',  ( -0.2069767813201129070, 0.006284080404624399138, 5.421010862427522170E-17 ) ) ;
#6037 = CARTESIAN_POINT ( 'NONE',  ( 0.1627405305516382572, 0.1554891332286076622, 0.1000000000000000056 ) ) ;
#6038 = LINE ( 'NONE', #4483, #5000 ) ;
#6039 = CARTESIAN_POINT ( 'NONE',  ( -0.1805572982162080287, 0.1481176469403770457, 8.131516293641283255E-17 ) ) ;
#6040 = EDGE_CURVE ( 'NONE', #1428, #1731, #4196, .T. ) ;
#6041 = CARTESIAN_POINT ( 'NONE',  ( 0.1805803675671850128, -0.02090138774544553213, 0.000000000000000000 ) ) ;
#6042 = DIRECTION ( 'NONE',  ( -0.000000000000000000, -1.000000000000000000, -0.000000000000000000 ) ) ;
#6043 = CARTESIAN_POINT ( 'NONE',  ( 0.4146356963510689497, 0.002078463733595553239, 0.000000000000000000 ) ) ;
#6044 = DIRECTION ( 'NONE',  ( 0.000000000000000000, 0.000000000000000000, -1.000000000000000000 ) ) ;
#6045 = SURFACE_STYLE_FILL_AREA ( #1060 ) ;
#6046 = CARTESIAN_POINT ( 'NONE',  ( -0.7584421074882420344, 1.408911553841009523, 1.080000000000000071 ) ) ;
#6047 = DIRECTION ( 'NONE',  ( -0.000000000000000000, -1.000000000000000000, -0.000000000000000000 ) ) ;
#6048 = VECTOR ( 'NONE', #39, 1000.000000000000000 ) ;
#6049 =( GEOMETRIC_REPRESENTATION_CONTEXT ( 3 ) GLOBAL_UNCERTAINTY_ASSIGNED_CONTEXT ( ( #5173 ) ) GLOBAL_UNIT_ASSIGNED_CONTEXT ( ( #1901, #768, #2530 ) ) REPRESENTATION_CONTEXT ( 'NONE', 'WORKASPACE' ) );
#6050 = SURFACE_STYLE_FILL_AREA ( #389 ) ;
#6051 = ORIENTED_EDGE ( 'NONE', *, *, #2721, .F. ) ;
#6052 = CARTESIAN_POINT ( 'NONE',  ( 0.3145627823628214803, 0.07930480824537830542, 0.000000000000000000 ) ) ;
#6053 =( GEOMETRIC_REPRESENTATION_CONTEXT ( 3 ) GLOBAL_UNCERTAINTY_ASSIGNED_CONTEXT ( ( #6313 ) ) GLOBAL_UNIT_ASSIGNED_CONTEXT ( ( #3514, #774, #202 ) ) REPRESENTATION_CONTEXT ( 'NONE', 'WORKASPACE' ) );
#6054 = CARTESIAN_POINT ( 'NONE',  ( 0.2067831322485048362, -0.02356256190743008863, 0.1000000000000000056 ) ) ;
#6055 = DIRECTION ( 'NONE',  ( -0.1657246185374202097, -0.1611550021107268083, 0.9729154208384808156 ) ) ;
#6056 = CARTESIAN_POINT ( 'NONE',  ( -0.1832143841915747084, -0.01027029744253206249, 5.421010862427522170E-17 ) ) ;
#6057 = ORIENTED_EDGE ( 'NONE', *, *, #343, .T. ) ;
#6058 = DIRECTION ( 'NONE',  ( -0.000000000000000000, -0.000000000000000000, -1.000000000000000000 ) ) ;
#6059 = EDGE_CURVE ( 'NONE', #3952, #1784, #4285, .T. ) ;
#6060 = ADVANCED_FACE ( 'NONE', ( #5182 ), #5531, .T. ) ;
#6061 = CARTESIAN_POINT ( 'NONE',  ( 0.2428647822469168494, -0.01867812290996185426, 0.1000000000000000056 ) ) ;
#6062 = DIRECTION ( 'NONE',  ( 0.000000000000000000, -0.000000000000000000, -1.000000000000000000 ) ) ;
#6063 = CARTESIAN_POINT ( 'NONE',  ( -0.1296519464932273658, 0.002359176858930656789, 0.1000000000000000056 ) ) ;
#6064 = ORIENTED_EDGE ( 'NONE', *, *, #5519, .F. ) ;
#6065 = DIRECTION ( 'NONE',  ( 0.000000000000000000, -1.000000000000000000, 0.000000000000000000 ) ) ;
#6066 = DIRECTION ( 'NONE',  ( 0.000000000000000000, 0.000000000000000000, -1.000000000000000000 ) ) ;
#6067 = CARTESIAN_POINT ( 'NONE',  ( -0.1720567165697217960, 0.1749390115268092405, 0.1000000000000000056 ) ) ;
#6068 = EDGE_CURVE ( 'NONE', #5574, #4430, #1214, .T. ) ;
#6069 = CARTESIAN_POINT ( 'NONE',  ( 0.2107940144048766895, 0.1866016576053538545, -0.000000000000000000 ) ) ;
#6070 =( GEOMETRIC_REPRESENTATION_CONTEXT ( 3 ) GLOBAL_UNCERTAINTY_ASSIGNED_CONTEXT ( ( #4106 ) ) GLOBAL_UNIT_ASSIGNED_CONTEXT ( ( #6360, #4710, #2459 ) ) REPRESENTATION_CONTEXT ( 'NONE', 'WORKASPACE' ) );
#6071 = VERTEX_POINT ( 'NONE', #4363 ) ;
#6072 = ORIENTED_EDGE ( 'NONE', *, *, #4917, .T. ) ;
#6073 = EDGE_LOOP ( 'NONE', ( #647, #6247, #460, #2384 ) ) ;
#6074 = EDGE_CURVE ( 'NONE', #6853, #2887, #3662, .T. ) ;
#6075 = CARTESIAN_POINT ( 'NONE',  ( 0.3112346058863228460, 0.05314479422979109802, 0.1000000000000000056 ) ) ;
#6076 = CARTESIAN_POINT ( 'NONE',  ( -0.2219506972203794670, 0.1326132887578431174, 0.000000000000000000 ) ) ;
#6077 = EDGE_CURVE ( 'NONE', #2309, #3057, #2018, .T. ) ;
#6078 = ORIENTED_EDGE ( 'NONE', *, *, #5743, .F. ) ;
#6079 = CARTESIAN_POINT ( 'NONE',  ( 0.2045116548394640132, -0.02353684997240393720, 0.1000000000000000056 ) ) ;
#6080 = DIRECTION ( 'NONE',  ( 0.7941277684358859501, -0.6077508431907271413, 0.000000000000000000 ) ) ;
#6081 = CARTESIAN_POINT ( 'NONE',  ( -2.000000000000000000, 1.550000000000000044, -0.1000000000000000056 ) ) ;
#6082 = DIRECTION ( 'NONE',  ( 0.000000000000000000, 0.000000000000000000, -1.000000000000000000 ) ) ;
#6083 = CARTESIAN_POINT ( 'NONE',  ( -0.2083491505612418415, 0.1171562441891191159, 0.1000000000000000056 ) ) ;
#6084 = VERTEX_POINT ( 'NONE', #6604 ) ;
#6085 = CARTESIAN_POINT ( 'NONE',  ( 0.3146356963510689164, 0.08272750219513402836, 0.000000000000000000 ) ) ;
#6086 = CIRCLE ( 'NONE', #2289, 0.1999999999999999833 ) ;
#6087 = ORIENTED_EDGE ( 'NONE', *, *, #2956, .T. ) ;
#6088 = PLANE ( 'NONE',  #1358 ) ;
#6089 = ORIENTED_EDGE ( 'NONE', *, *, #1394, .T. ) ;
#6090 = CARTESIAN_POINT ( 'NONE',  ( 0.2045116548394640132, -0.02353684997240393720, -0.000000000000000000 ) ) ;
#6091 = AXIS2_PLACEMENT_3D ( 'NONE', #4216, #5338, #1345 ) ;
#6092 = ORIENTED_EDGE ( 'NONE', *, *, #2768, .F. ) ;
#6093 = PLANE ( 'NONE',  #2336 ) ;
#6094 = VECTOR ( 'NONE', #4565, 1000.000000000000000 ) ;
#6095 = CARTESIAN_POINT ( 'NONE',  ( -1.300000000000000044, 1.550000000000000044, 0.4551791245819074017 ) ) ;
#6096 = ORIENTED_EDGE ( 'NONE', *, *, #2262, .F. ) ;
#6097 = CYLINDRICAL_SURFACE ( 'NONE', #987, 0.2000000000000000944 ) ;
#6098 = ADVANCED_FACE ( 'NONE', ( #2528 ), #5635, .T. ) ;
#6099 = UNCERTAINTY_MEASURE_WITH_UNIT (LENGTH_MEASURE( 1.000000000000000082E-05 ), #5843, 'distance_accuracy_value', 'NONE');
#6100 = VECTOR ( 'NONE', #3833, 1000.000000000000000 ) ;
#6101 = ORIENTED_EDGE ( 'NONE', *, *, #5297, .T. ) ;
#6102 = COLOUR_RGB ( '',0.7960784313725489669, 0.8235294117647058432, 0.9372549019607843146 ) ;
#6103 = CARTESIAN_POINT ( 'NONE',  ( 0.1276328387440125445, 0.008913103881670223286, 0.1000000000000000056 ) ) ;
#6104 = CARTESIAN_POINT ( 'NONE',  ( 0.2904293649389135257, 0.04822417805626384724, 0.1000000000000000056 ) ) ;
#6105 = CARTESIAN_POINT ( 'NONE',  ( -0.2270202573912332988, 0.03802259580719256210, 0.1000000000000000056 ) ) ;
#6106 = MECHANICAL_DESIGN_GEOMETRIC_PRESENTATION_REPRESENTATION (  '', ( #1690 ), #2944 ) ;
#6107 = CARTESIAN_POINT ( 'NONE',  ( -0.1634492395463669756, 0.1554438483489801737, 8.131516293641283255E-17 ) ) ;
#6108 = PRESENTATION_STYLE_ASSIGNMENT (( #1370 ) ) ;
#6109 = CARTESIAN_POINT ( 'NONE',  ( 0.1675956801890539360, 0.005106132409248856363, 0.1000000000000000056 ) ) ;
#6110 = VECTOR ( 'NONE', #5534, 1000.000000000000114 ) ;
#6111 = MECHANICAL_DESIGN_GEOMETRIC_PRESENTATION_REPRESENTATION (  '', ( #2350 ), #4866 ) ;
#6112 = CARTESIAN_POINT ( 'NONE',  ( -0.4299556498027773399, -0.01843435677922496130, 0.1000000000000000056 ) ) ;
#6113 = FACE_OUTER_BOUND ( 'NONE', #4608, .T. ) ;
#6114 = STYLED_ITEM ( 'NONE', ( #7170 ), #6685 ) ;
#6115 = EDGE_CURVE ( 'NONE', #6916, #4754, #4022, .T. ) ;
#6116 = CARTESIAN_POINT ( 'NONE',  ( -1.300000000000000044, -1.949999999999999956, 0.4551791245819074017 ) ) ;
#6117 = FILL_AREA_STYLE_COLOUR ( '', #1480 ) ;
#6118 = ORIENTED_EDGE ( 'NONE', *, *, #5074, .T. ) ;
#6119 = VECTOR ( 'NONE', #3685, 1000.000000000000000 ) ;
#6120 = CARTESIAN_POINT ( 'NONE',  ( 0.1623468040309042348, 0.1783077654094888664, 0.000000000000000000 ) ) ;
#6121 = EDGE_CURVE ( 'NONE', #1339, #7004, #2701, .T. ) ;
#6122 = FACE_OUTER_BOUND ( 'NONE', #2030, .T. ) ;
#6123 = FACE_OUTER_BOUND ( 'NONE', #3402, .T. ) ;
#6124 = EDGE_CURVE ( 'NONE', #6839, #781, #3317, .T. ) ;
#6125 = DIRECTION ( 'NONE',  ( -0.000000000000000000, -0.000000000000000000, 1.000000000000000000 ) ) ;
#6126 = VERTEX_POINT ( 'NONE', #3959 ) ;
#6127 = VECTOR ( 'NONE', #1045, 1000.000000000000000 ) ;
#6128 = CARTESIAN_POINT ( 'NONE',  ( 2.000000000000000000, -0.9350000000000001643, 0.05999999999999998390 ) ) ;
#6129 = SURFACE_STYLE_FILL_AREA ( #5006 ) ;
#6130 = CARTESIAN_POINT ( 'NONE',  ( 0.1569669314724594922, -0.01268722539842218576, 0.000000000000000000 ) ) ;
#6131 = FILL_AREA_STYLE ('',( #5051 ) ) ;
#6132 = DIRECTION ( 'NONE',  ( -0.000000000000000000, -0.000000000000000000, -1.000000000000000000 ) ) ;
#6133 = DIRECTION ( 'NONE',  ( 0.000000000000000000, 0.000000000000000000, -1.000000000000000000 ) ) ;
#6134 = ADVANCED_FACE ( 'NONE', ( #6979 ), #1147, .F. ) ;
#6135 = FILL_AREA_STYLE ('',( #7193 ) ) ;
#6136 =( LENGTH_UNIT ( ) NAMED_UNIT ( * ) SI_UNIT ( .MILLI., .METRE. ) );
#6137 = SURFACE_STYLE_FILL_AREA ( #5043 ) ;
#6138 = EDGE_CURVE ( 'NONE', #1891, #6853, #6218, .T. ) ;
#6139 = PRESENTATION_LAYER_ASSIGNMENT (  '', '', ( #2029 ) ) ;
#6140 = CARTESIAN_POINT ( 'NONE',  ( -1.635598981869524238, 1.550000000000000044, 0.09474694377404786760 ) ) ;
#6141 = ORIENTED_EDGE ( 'NONE', *, *, #708, .T. ) ;
#6142 = CARTESIAN_POINT ( 'NONE',  ( 0.07873826045363301052, -0.01843435677922496130, -0.000000000000000000 ) ) ;
#6143 = STYLED_ITEM ( 'NONE', ( #3671 ), #1419 ) ;
#6144 = VECTOR ( 'NONE', #2826, 1000.000000000000000 ) ;
#6145 = CARTESIAN_POINT ( 'NONE',  ( 0.4325844142997869457, -0.01843435677922496130, 0.000000000000000000 ) ) ;
#6146 = CARTESIAN_POINT ( 'NONE',  ( -0.1385284366194120542, 0.1597216821387897057, 0.000000000000000000 ) ) ;
#6147 = SURFACE_STYLE_USAGE ( .BOTH. , #5618 ) ;
#6148 = DIRECTION ( 'NONE',  ( -1.000000000000000000, 0.000000000000000000, -2.372359998170735057E-15 ) ) ;
#6149 = CARTESIAN_POINT ( 'NONE',  ( -0.1634673144000179656, 0.005833918802008623145, 0.000000000000000000 ) ) ;
#6150 = ORIENTED_EDGE ( 'NONE', *, *, #1798, .T. ) ;
#6151 = VERTEX_POINT ( 'NONE', #6189 ) ;
#6152 = MECHANICAL_DESIGN_GEOMETRIC_PRESENTATION_REPRESENTATION (  '', ( #5506 ), #5868 ) ;
#6153 = DIRECTION ( 'NONE',  ( 1.000000000000000000, -0.000000000000000000, -0.000000000000000000 ) ) ;
#6154 = CARTESIAN_POINT ( 'NONE',  ( -0.08792840621303361914, 0.002078463733595553239, 0.1000000000000000056 ) ) ;
#6155 = PLANE ( 'NONE',  #1999 ) ;
#6156 = PRESENTATION_LAYER_ASSIGNMENT (  '', '', ( #5775 ) ) ;
#6157 = CARTESIAN_POINT ( 'NONE',  ( 0.1364861534527319065, 0.0005912949258635862319, 0.000000000000000000 ) ) ;
#6158 = MECHANICAL_DESIGN_GEOMETRIC_PRESENTATION_REPRESENTATION (  '', ( #5273 ), #7016 ) ;
#6159 = LINE ( 'NONE', #1746, #6671 ) ;
#6160 =( NAMED_UNIT ( * ) SI_UNIT ( $, .STERADIAN. ) SOLID_ANGLE_UNIT ( ) );
#6161 = CARTESIAN_POINT ( 'NONE',  ( -0.2160247056693180567, 0.07251180564993413291, 0.1000000000000000056 ) ) ;
#6162 = ORIENTED_EDGE ( 'NONE', *, *, #6040, .T. ) ;
#6163 = MECHANICAL_DESIGN_GEOMETRIC_PRESENTATION_REPRESENTATION (  '', ( #5421 ), #6522 ) ;
#6164 = EDGE_CURVE ( 'NONE', #1323, #5144, #6466, .T. ) ;
#6165 = DIRECTION ( 'NONE',  ( 1.000000000000000000, 0.000000000000000000, 0.000000000000000000 ) ) ;
#6166 = ORIENTED_EDGE ( 'NONE', *, *, #994, .T. ) ;
#6167 = DIRECTION ( 'NONE',  ( 0.000000000000000000, 0.000000000000000000, 1.000000000000000000 ) ) ;
#6168 = EDGE_LOOP ( 'NONE', ( #1336, #5573, #5628, #287, #2330, #5206, #1769, #136 ) ) ;
#6169 = CARTESIAN_POINT ( 'NONE',  ( -0.3571591754438029342, 0.1815656432207750637, 0.1000000000000000056 ) ) ;
#6170 = CARTESIAN_POINT ( 'NONE',  ( 0.2953253548752818314, 0.01884756530675891356, 0.1000000000000000056 ) ) ;
#6171 = ORIENTED_EDGE ( 'NONE', *, *, #6889, .F. ) ;
#6172 = CARTESIAN_POINT ( 'NONE',  ( -0.1120756508109141125, 0.1610225546206020542, 0.000000000000000000 ) ) ;
#6173 = VERTEX_POINT ( 'NONE', #11 ) ;
#6174 = CARTESIAN_POINT ( 'NONE',  ( -0.1991468456532291265, 0.1605445353020785726, 0.000000000000000000 ) ) ;
#6175 = ORIENTED_EDGE ( 'NONE', *, *, #7077, .T. ) ;
#6176 = VERTEX_POINT ( 'NONE', #4511 ) ;
#6177 = ORIENTED_EDGE ( 'NONE', *, *, #4762, .F. ) ;
#6178 = CARTESIAN_POINT ( 'NONE',  ( -0.1654766091982566578, 0.1547794432365036665, -0.000000000000000000 ) ) ;
#6179 = VERTEX_POINT ( 'NONE', #5566 ) ;
#6180 = ORIENTED_EDGE ( 'NONE', *, *, #4766, .F. ) ;
#6181 = VECTOR ( 'NONE', #5113, 1000.000000000000000 ) ;
#6182 = VERTEX_POINT ( 'NONE', #1169 ) ;
#6183 = CARTESIAN_POINT ( 'NONE',  ( -0.1698822320313572720, 0.007809550944535721510, 0.000000000000000000 ) ) ;
#6184 = PLANE ( 'NONE',  #1538 ) ;
#6185 = FILL_AREA_STYLE ('',( #3909 ) ) ;
#6186 = DIRECTION ( 'NONE',  ( 1.000000000000000000, -0.000000000000000000, -0.000000000000000000 ) ) ;
#6187 = SURFACE_SIDE_STYLE ('',( #7099 ) ) ;
#6188 = ORIENTED_EDGE ( 'NONE', *, *, #1198, .T. ) ;
#6189 = CARTESIAN_POINT ( 'NONE',  ( -2.000000000000000000, -1.550000000000000266, -0.1000000000000000056 ) ) ;
#6190 = CIRCLE ( 'NONE', #4759, 0.04000000000000007716 ) ;
#6191 = CARTESIAN_POINT ( 'NONE',  ( -1.300000000000000044, -1.150000000000000133, 0.4551791245819074017 ) ) ;
#6192 = UNCERTAINTY_MEASURE_WITH_UNIT (LENGTH_MEASURE( 1.000000000000000082E-05 ), #697, 'distance_accuracy_value', 'NONE');
#6193 =( GEOMETRIC_REPRESENTATION_CONTEXT ( 3 ) GLOBAL_UNCERTAINTY_ASSIGNED_CONTEXT ( ( #2320 ) ) GLOBAL_UNIT_ASSIGNED_CONTEXT ( ( #2508, #285, #1388 ) ) REPRESENTATION_CONTEXT ( 'NONE', 'WORKASPACE' ) );
#6194 = CARTESIAN_POINT ( 'NONE',  ( -0.1108851369822644178, 0.002078463733595553239, 0.000000000000000000 ) ) ;
#6195 = LINE ( 'NONE', #5179, #2675 ) ;
#6196 = ORIENTED_EDGE ( 'NONE', *, *, #4826, .F. ) ;
#6197 = MECHANICAL_DESIGN_GEOMETRIC_PRESENTATION_REPRESENTATION (  '', ( #2427 ), #4170 ) ;
#6198 = FACE_OUTER_BOUND ( 'NONE', #219, .T. ) ;
#6199 = FACE_OUTER_BOUND ( 'NONE', #5059, .T. ) ;
#6200 = CARTESIAN_POINT ( 'NONE',  ( 1.391402837117596825, -0.9350000000000001643, -0.1000000000000000472 ) ) ;
#6201 = VECTOR ( 'NONE', #5015, 1000.000000000000000 ) ;
#6202 = FACE_OUTER_BOUND ( 'NONE', #4246, .T. ) ;
#6203 = COLOUR_RGB ( '',0.7960784313725489669, 0.8235294117647058432, 0.9372549019607843146 ) ;
#6204 = DIRECTION ( 'NONE',  ( -0.000000000000000000, 0.000000000000000000, -1.000000000000000000 ) ) ;
#6205 =( LENGTH_UNIT ( ) NAMED_UNIT ( * ) SI_UNIT ( .MILLI., .METRE. ) );
#6206 = CARTESIAN_POINT ( 'NONE',  ( -0.1680566113412387819, 0.007166604759236580753, 0.1000000000000000056 ) ) ;
#6207 =( GEOMETRIC_REPRESENTATION_CONTEXT ( 3 ) GLOBAL_UNCERTAINTY_ASSIGNED_CONTEXT ( ( #744 ) ) GLOBAL_UNIT_ASSIGNED_CONTEXT ( ( #3005, #4064, #6893 ) ) REPRESENTATION_CONTEXT ( 'NONE', 'WORKASPACE' ) );
#6208 = CARTESIAN_POINT ( 'NONE',  ( -1.300000000000000044, 0.2500000000000001110, 0.4551791245819074017 ) ) ;
#6209 = FACE_OUTER_BOUND ( 'NONE', #6495, .T. ) ;
#6210 = CARTESIAN_POINT ( 'NONE',  ( 1.589670673659924649, -1.485000000000000320, 0.4414444057116678755 ) ) ;
#6211 = FILL_AREA_STYLE_COLOUR ( '', #945 ) ;
#6212 = EDGE_LOOP ( 'NONE', ( #5908, #1094, #2697, #7213 ) ) ;
#6213 = ORIENTED_EDGE ( 'NONE', *, *, #2514, .F. ) ;
#6214 = CARTESIAN_POINT ( 'NONE',  ( -1.300000000000000044, 0.6500000000000001332, 0.4551791245819074017 ) ) ;
#6215 = AXIS2_PLACEMENT_3D ( 'NONE', #2201, #1644, #3903 ) ;
#6216 = DIRECTION ( 'NONE',  ( -0.000000000000000000, -1.000000000000000000, -0.000000000000000000 ) ) ;
#6217 = CARTESIAN_POINT ( 'NONE',  ( -0.1108851369822644178, 0.002078463733595553239, 0.1000000000000000056 ) ) ;
#6218 = LINE ( 'NONE', #580, #4733 ) ;
#6219 = CARTESIAN_POINT ( 'NONE',  ( -0.2153223369692251199, 0.09275814657252814954, 0.1000000000000000056 ) ) ;
#6220 = CARTESIAN_POINT ( 'NONE',  ( 0.1316731071710016687, 0.1585250013466016350, 0.000000000000000000 ) ) ;
#6221 = LINE ( 'NONE', #7059, #4643 ) ;
#6222 = EDGE_CURVE ( 'NONE', #6033, #3000, #5102, .T. ) ;
#6223 = EDGE_CURVE ( 'NONE', #6839, #1522, #3655, .T. ) ;
#6224 = CARTESIAN_POINT ( 'NONE',  ( 1.589670673659924649, -0.9350000000000001643, 0.4414444057116678755 ) ) ;
#6225 = LINE ( 'NONE', #6217, #354 ) ;
#6226 = CARTESIAN_POINT ( 'NONE',  ( -1.675252549177991046, -1.550000000000000266, -0.1000000000000000056 ) ) ;
#6227 = LINE ( 'NONE', #1302, #6566 ) ;
#6228 = DIRECTION ( 'NONE',  ( 1.000000000000000000, 0.000000000000000000, -0.000000000000000000 ) ) ;
#6229 = DIRECTION ( 'NONE',  ( 0.000000000000000000, -1.000000000000000000, 0.000000000000000000 ) ) ;
#6230 = CARTESIAN_POINT ( 'NONE',  ( -0.2160967884086693047, 0.07686335560805861167, 0.000000000000000000 ) ) ;
#6231 = EDGE_LOOP ( 'NONE', ( #3591, #5408, #4895, #2921 ) ) ;
#6232 = UNCERTAINTY_MEASURE_WITH_UNIT (LENGTH_MEASURE( 1.000000000000000082E-05 ), #2611, 'distance_accuracy_value', 'NONE');
#6233 = SURFACE_SIDE_STYLE ('',( #4042 ) ) ;
#6234 = CARTESIAN_POINT ( 'NONE',  ( 0.000000000000000000, 0.000000000000000000, 0.1000000000000000056 ) ) ;
#6235 = STYLED_ITEM ( 'NONE', ( #4704 ), #4182 ) ;
#6236 = FILL_AREA_STYLE ('',( #1187 ) ) ;
#6237 = LINE ( 'NONE', #4867, #446 ) ;
#6238 = PLANE ( 'NONE',  #2767 ) ;
#6239 = ORIENTED_EDGE ( 'NONE', *, *, #406, .T. ) ;
#6240 = CARTESIAN_POINT ( 'NONE',  ( -0.1458369909687660670, 0.1589183656046608828, 0.1000000000000000056 ) ) ;
#6241 = MECHANICAL_DESIGN_GEOMETRIC_PRESENTATION_REPRESENTATION (  '', ( #4901 ), #7005 ) ;
#6242 = ORIENTED_EDGE ( 'NONE', *, *, #6222, .F. ) ;
#6243 = CARTESIAN_POINT ( 'NONE',  ( 0.2371498969528869905, 0.1617909469260545297, 0.000000000000000000 ) ) ;
#6244 = CARTESIAN_POINT ( 'NONE',  ( 0.2081453117356843185, 0.1661810278361596782, 0.1000000000000000056 ) ) ;
#6245 = CARTESIAN_POINT ( 'NONE',  ( 0.06078954250491507005, 0.002078463733595553239, 0.000000000000000000 ) ) ;
#6246 = ORIENTED_EDGE ( 'NONE', *, *, #6269, .F. ) ;
#6247 = ORIENTED_EDGE ( 'NONE', *, *, #1043, .F. ) ;
#6248 = ORIENTED_EDGE ( 'NONE', *, *, #4226, .T. ) ;
#6249 = PLANE ( 'NONE',  #6999 ) ;
#6250 =( LENGTH_UNIT ( ) NAMED_UNIT ( * ) SI_UNIT ( .MILLI., .METRE. ) );
#6251 = EDGE_CURVE ( 'NONE', #825, #1339, #6038, .T. ) ;
#6252 = LINE ( 'NONE', #5352, #2904 ) ;
#6253 = CARTESIAN_POINT ( 'NONE',  ( 0.3128865114789359803, 0.1037898068461355627, 0.1000000000000000056 ) ) ;
#6254 = ORIENTED_EDGE ( 'NONE', *, *, #2690, .F. ) ;
#6255 = SURFACE_STYLE_USAGE ( .BOTH. , #4555 ) ;
#6256 = ADVANCED_FACE ( 'NONE', ( #955 ), #1654, .T. ) ;
#6257 = EDGE_CURVE ( 'NONE', #7006, #5287, #1737, .T. ) ;
#6258 = SURFACE_SIDE_STYLE ('',( #5525 ) ) ;
#6259 = DIRECTION ( 'NONE',  ( -0.000000000000000000, 1.000000000000000000, -0.000000000000000000 ) ) ;
#6260 = VERTEX_POINT ( 'NONE', #5031 ) ;
#6261 = CARTESIAN_POINT ( 'NONE',  ( -0.2055682008887697865, 0.1226422366961386345, 0.1000000000000000056 ) ) ;
#6262 = VERTEX_POINT ( 'NONE', #4628 ) ;
#6263 = ORIENTED_EDGE ( 'NONE', *, *, #1411, .F. ) ;
#6264 = DIRECTION ( 'NONE',  ( 0.000000000000000000, -0.000000000000000000, -1.000000000000000000 ) ) ;
#6265 = VECTOR ( 'NONE', #3400, 1000.000000000000114 ) ;
#6266 = EDGE_LOOP ( 'NONE', ( #2914, #2838, #6504, #6991 ) ) ;
#6267 = CARTESIAN_POINT ( 'NONE',  ( -0.1054366488764533205, 0.1610424807464979902, 0.1000000000000000056 ) ) ;
#6268 = LINE ( 'NONE', #4502, #1953 ) ;
#6269 = EDGE_CURVE ( 'NONE', #1731, #4060, #1809, .T. ) ;
#6270 =( GEOMETRIC_REPRESENTATION_CONTEXT ( 3 ) GLOBAL_UNCERTAINTY_ASSIGNED_CONTEXT ( ( #6967 ) ) GLOBAL_UNIT_ASSIGNED_CONTEXT ( ( #7200, #5007, #3264 ) ) REPRESENTATION_CONTEXT ( 'NONE', 'WORKASPACE' ) );
#6271 = FILL_AREA_STYLE ('',( #5145 ) ) ;
#6272 = FACE_OUTER_BOUND ( 'NONE', #3774, .T. ) ;
#6273 = CARTESIAN_POINT ( 'NONE',  ( 0.2069033245561971712, -0.003049741394609574528, 0.1000000000000000056 ) ) ;
#6274 = ORIENTED_EDGE ( 'NONE', *, *, #1195, .T. ) ;
#6275 = MECHANICAL_DESIGN_GEOMETRIC_PRESENTATION_REPRESENTATION (  '', ( #5903 ), #4257 ) ;
#6276 = CARTESIAN_POINT ( 'NONE',  ( 0.1354690296844022757, 0.1328476945028263523, 0.1000000000000000056 ) ) ;
#6277 = FACE_OUTER_BOUND ( 'NONE', #6321, .T. ) ;
#6278 =( LENGTH_UNIT ( ) NAMED_UNIT ( * ) SI_UNIT ( .MILLI., .METRE. ) );
#6279 = DIRECTION ( 'NONE',  ( 1.000000000000000000, 0.000000000000000000, -0.000000000000000000 ) ) ;
#6280 =( LENGTH_UNIT ( ) NAMED_UNIT ( * ) SI_UNIT ( .MILLI., .METRE. ) );
#6281 = MECHANICAL_DESIGN_GEOMETRIC_PRESENTATION_REPRESENTATION (  '', ( #3598 ), #609 ) ;
#6282 = CYLINDRICAL_SURFACE ( 'NONE', #2148, 0.1999999999999999278 ) ;
#6283 = CARTESIAN_POINT ( 'NONE',  ( 2.000000000000000000, -0.6850000000000001643, -0.1000000000000000472 ) ) ;
#6284 = LINE ( 'NONE', #2421, #1282 ) ;
#6285 = PRESENTATION_LAYER_ASSIGNMENT (  '', '', ( #649 ) ) ;
#6286 = SURFACE_STYLE_FILL_AREA ( #2608 ) ;
#6287 = CARTESIAN_POINT ( 'NONE',  ( 0.2315737278935006693, 0.1633893823019118008, 0.000000000000000000 ) ) ;
#6288 = CARTESIAN_POINT ( 'NONE',  ( -0.1385284366194120542, 0.1597216821387897057, 0.1000000000000000056 ) ) ;
#6289 = CARTESIAN_POINT ( 'NONE',  ( 2.000000000000000000, -1.485000000000000320, 0.05999999999999998390 ) ) ;
#6290 = AXIS2_PLACEMENT_3D ( 'NONE', #121, #2355, #4583 ) ;
#6291 = EDGE_CURVE ( 'NONE', #3699, #5065, #4187, .T. ) ;
#6292 = ORIENTED_EDGE ( 'NONE', *, *, #5187, .T. ) ;
#6293 = LINE ( 'NONE', #4450, #171 ) ;
#6294 = CARTESIAN_POINT ( 'NONE',  ( 0.2100723606007671995, -0.002990597902941125735, 1.355252715606880543E-17 ) ) ;
#6295 = CARTESIAN_POINT ( 'NONE',  ( 0.1354690296844022757, 0.1328476945028263523, 0.1000000000000000056 ) ) ;
#6296 = CIRCLE ( 'NONE', #141, 0.04000000000000007716 ) ;
#6297 = DIRECTION ( 'NONE',  ( -0.000000000000000000, -1.000000000000000000, 0.000000000000000000 ) ) ;
#6298 = CARTESIAN_POINT ( 'NONE',  ( 2.000000000000000000, 1.550000000000000266, -0.09999999999999995004 ) ) ;
#6299 = FILL_AREA_STYLE ('',( #4647 ) ) ;
#6300 = CARTESIAN_POINT ( 'NONE',  ( -0.1902585524277654039, 0.1411574761661241184, 0.1000000000000000056 ) ) ;
#6301 = LINE ( 'NONE', #1155, #2358 ) ;
#6302 = DIRECTION ( 'NONE',  ( 1.000000000000000000, 0.000000000000000000, 0.000000000000000000 ) ) ;
#6303 = EDGE_CURVE ( 'NONE', #4057, #6338, #863, .T. ) ;
#6304 = ORIENTED_EDGE ( 'NONE', *, *, #5847, .F. ) ;
#6305 = DIRECTION ( 'NONE',  ( -1.000000000000000000, 0.000000000000000000, 0.000000000000000000 ) ) ;
#6306 = CIRCLE ( 'NONE', #5004, 0.2000000000000000944 ) ;
#6307 = CARTESIAN_POINT ( 'NONE',  ( 0.1768205067188268198, 0.1616153698645026449, 0.1000000000000000056 ) ) ;
#6308 = DIRECTION ( 'NONE',  ( 2.710505431213765029E-15, -0.000000000000000000, 1.000000000000000000 ) ) ;
#6309 = COLOUR_RGB ( '',0.1960784313725490169, 0.1960784313725490169, 0.1960784313725490169 ) ;
#6310 = CARTESIAN_POINT ( 'NONE',  ( -0.1349111842150163554, -0.01840975699154204573, 0.1000000000000000056 ) ) ;
#6311 = CARTESIAN_POINT ( 'NONE',  ( -1.675252549177989936, -1.550000000000000266, 0.05999999999999997002 ) ) ;
#6312 = ORIENTED_EDGE ( 'NONE', *, *, #5981, .F. ) ;
#6313 = UNCERTAINTY_MEASURE_WITH_UNIT (LENGTH_MEASURE( 1.000000000000000082E-05 ), #3514, 'distance_accuracy_value', 'NONE');
#6314 = DIRECTION ( 'NONE',  ( -0.000000000000000000, -0.000000000000000000, -1.000000000000000000 ) ) ;
#6315 = DIRECTION ( 'NONE',  ( 0.000000000000000000, 0.000000000000000000, -1.000000000000000000 ) ) ;
#6316 = DIRECTION ( 'NONE',  ( -0.000000000000000000, -0.000000000000000000, -1.000000000000000000 ) ) ;
#6317 = VERTEX_POINT ( 'NONE', #1098 ) ;
#6318 = CARTESIAN_POINT ( 'NONE',  ( -0.2340822523668798227, 0.07904160475923659168, 0.000000000000000000 ) ) ;
#6319 = COLOUR_RGB ( '',0.7960784313725489669, 0.8235294117647058432, 0.9372549019607843146 ) ;
#6320 = CARTESIAN_POINT ( 'NONE',  ( -0.7584421074882420344, 1.408911553841009523, 1.080000000000000071 ) ) ;
#6321 = EDGE_LOOP ( 'NONE', ( #698, #3447, #727, #5022 ) ) ;
#6322 = DIRECTION ( 'NONE',  ( 0.000000000000000000, 1.000000000000000000, 0.000000000000000000 ) ) ;
#6323 = STYLED_ITEM ( 'NONE', ( #6800 ), #2417 ) ;
#6324 = VERTEX_POINT ( 'NONE', #2886 ) ;
#6325 = CARTESIAN_POINT ( 'NONE',  ( 0.2069033245561971712, -0.003049741394609574528, 0.1000000000000000056 ) ) ;
#6326 = ORIENTED_EDGE ( 'NONE', *, *, #3908, .T. ) ;
#6327 = CARTESIAN_POINT ( 'NONE',  ( -0.1319588549309823888, -0.01843435677922496130, 0.1000000000000000056 ) ) ;
#6328 = CARTESIAN_POINT ( 'NONE',  ( -0.5845526737569263220, 1.408911553841009523, 1.080000000000000071 ) ) ;
#6329 = ORIENTED_EDGE ( 'NONE', *, *, #5920, .T. ) ;
#6330 = CARTESIAN_POINT ( 'NONE',  ( 0.3377126194279920224, 0.002078463733595553239, 0.000000000000000000 ) ) ;
#6331 = ORIENTED_EDGE ( 'NONE', *, *, #3856, .T. ) ;
#6332 = CARTESIAN_POINT ( 'NONE',  ( 0.1566469807065368203, 0.1757387102130377465, -1.355252715606880543E-17 ) ) ;
#6333 = ORIENTED_EDGE ( 'NONE', *, *, #2072, .F. ) ;
#6334 = CARTESIAN_POINT ( 'NONE',  ( -0.1216527710719216421, 0.1607307470501804780, 0.1000000000000000056 ) ) ;
#6335 = SURFACE_STYLE_USAGE ( .BOTH. , #2489 ) ;
#6336 = STYLED_ITEM ( 'NONE', ( #4179 ), #3217 ) ;
#6337 = ORIENTED_EDGE ( 'NONE', *, *, #3018, .F. ) ;
#6338 = VERTEX_POINT ( 'NONE', #5194 ) ;
#6339 = DIRECTION ( 'NONE',  ( 0.000000000000000000, 0.000000000000000000, -1.000000000000000000 ) ) ;
#6340 = VERTEX_POINT ( 'NONE', #5154 ) ;
#6341 = EDGE_CURVE ( 'NONE', #3601, #5213, #337, .T. ) ;
#6342 = CARTESIAN_POINT ( 'NONE',  ( -0.2309840668044007839, 0.05083176507751323292, 0.000000000000000000 ) ) ;
#6343 = ADVANCED_FACE ( 'NONE', ( #5696 ), #3454, .T. ) ;
#6344 = VERTEX_POINT ( 'NONE', #2872 ) ;
#6345 = CIRCLE ( 'NONE', #6553, 0.1999999999999999278 ) ;
#6346 = ORIENTED_EDGE ( 'NONE', *, *, #4085, .T. ) ;
#6347 = ORIENTED_EDGE ( 'NONE', *, *, #5675, .T. ) ;
#6348 = EDGE_CURVE ( 'NONE', #3611, #2218, #3036, .T. ) ;
#6349 =( NAMED_UNIT ( * ) SI_UNIT ( $, .STERADIAN. ) SOLID_ANGLE_UNIT ( ) );
#6350 = ADVANCED_FACE ( 'NONE', ( #5864 ), #6238, .F. ) ;
#6351 = CARTESIAN_POINT ( 'NONE',  ( -0.1379879120058470632, 0.002750144716262590411, 0.1000000000000000056 ) ) ;
#6352 = EDGE_CURVE ( 'NONE', #1557, #560, #6970, .T. ) ;
#6353 = DIRECTION ( 'NONE',  ( -0.1313264056488086806, -0.000000000000000000, -0.9913391827116310173 ) ) ;
#6354 = ADVANCED_FACE ( 'NONE', ( #4012 ), #1189, .T. ) ;
#6355 =( NAMED_UNIT ( * ) SI_UNIT ( $, .STERADIAN. ) SOLID_ANGLE_UNIT ( ) );
#6356 = VECTOR ( 'NONE', #414, 1000.000000000000000 ) ;
#6357 = ORIENTED_EDGE ( 'NONE', *, *, #5984, .T. ) ;
#6358 = LINE ( 'NONE', #3727, #6531 ) ;
#6359 = CARTESIAN_POINT ( 'NONE',  ( -1.391402837117598379, 1.149999999999999911, 0.4551791245819074572 ) ) ;
#6360 =( LENGTH_UNIT ( ) NAMED_UNIT ( * ) SI_UNIT ( .MILLI., .METRE. ) );
#6361 = LINE ( 'NONE', #2961, #5160 ) ;
#6362 = VECTOR ( 'NONE', #2407, 999.9999999999998863 ) ;
#6363 = LINE ( 'NONE', #4956, #5087 ) ;
#6364 = STYLED_ITEM ( 'NONE', ( #233 ), #4331 ) ;
#6365 = CARTESIAN_POINT ( 'NONE',  ( 1.246238145344578996, 1.853522474313895163, 1.100000000000000089 ) ) ;
#6366 = VECTOR ( 'NONE', #7241, 1000.000000000000000 ) ;
#6367 = AXIS2_PLACEMENT_3D ( 'NONE', #2570, #6486, #5409 ) ;
#6368 = VECTOR ( 'NONE', #3659, 1000.000000000000000 ) ;
#6369 = CARTESIAN_POINT ( 'NONE',  ( -1.391402837117597047, 1.149999999999999911, 0.6151791245819073772 ) ) ;
#6370 = CIRCLE ( 'NONE', #6808, 0.04000000000000004940 ) ;
#6371 = FACE_OUTER_BOUND ( 'NONE', #5568, .T. ) ;
#6372 = PRESENTATION_STYLE_ASSIGNMENT (( #6255 ) ) ;
#6373 =( NAMED_UNIT ( * ) SI_UNIT ( $, .STERADIAN. ) SOLID_ANGLE_UNIT ( ) );
#6374 = DIRECTION ( 'NONE',  ( 0.000000000000000000, -1.000000000000000000, -0.000000000000000000 ) ) ;
#6375 = VECTOR ( 'NONE', #6601, 1000.000000000000227 ) ;
#6376 = CARTESIAN_POINT ( 'NONE',  ( -0.1019909062130336941, 0.1610528227079545405, 0.1000000000000000056 ) ) ;
#6377 =( GEOMETRIC_REPRESENTATION_CONTEXT ( 3 ) GLOBAL_UNCERTAINTY_ASSIGNED_CONTEXT ( ( #1777 ) ) GLOBAL_UNIT_ASSIGNED_CONTEXT ( ( #4158, #6962, #802 ) ) REPRESENTATION_CONTEXT ( 'NONE', 'WORKASPACE' ) );
#6378 = CARTESIAN_POINT ( 'NONE',  ( 2.000000000000000000, 1.950000000000000400, 0.4551791245819074017 ) ) ;
#6379 = SURFACE_SIDE_STYLE ('',( #4235 ) ) ;
#6380 = ORIENTED_EDGE ( 'NONE', *, *, #3875, .F. ) ;
#6381 = LINE ( 'NONE', #2348, #95 ) ;
#6382 = AXIS2_PLACEMENT_3D ( 'NONE', #4152, #773, #2943 ) ;
#6383 = DIRECTION ( 'NONE',  ( 1.000000000000000000, 0.000000000000000000, 0.000000000000000000 ) ) ;
#6384 = ADVANCED_FACE ( 'NONE', ( #6123 ), #2338, .F. ) ;
#6385 = FILL_AREA_STYLE_COLOUR ( '', #2456 ) ;
#6386 = CARTESIAN_POINT ( 'NONE',  ( 0.1361368906610620211, 0.1625477761634819274, 0.1000000000000000056 ) ) ;
#6387 = SURFACE_STYLE_USAGE ( .BOTH. , #1397 ) ;
#6388 = STYLED_ITEM ( 'NONE', ( #4545 ), #369 ) ;
#6389 = SURFACE_STYLE_FILL_AREA ( #1137 ) ;
#6390 = AXIS2_PLACEMENT_3D ( 'NONE', #2183, #452, #5060 ) ;
#6391 = EDGE_CURVE ( 'NONE', #818, #3611, #4, .T. ) ;
#6392 = SURFACE_STYLE_FILL_AREA ( #455 ) ;
#6393 = ADVANCED_FACE ( 'NONE', ( #166 ), #1828, .F. ) ;
#6394 = CARTESIAN_POINT ( 'NONE',  ( -0.1582058260233322744, 0.1568938015167473665, 0.000000000000000000 ) ) ;
#6395 = CARTESIAN_POINT ( 'NONE',  ( 0.2790816305554387755, 0.1334791860547645814, 0.1000000000000000056 ) ) ;
#6396 = VERTEX_POINT ( 'NONE', #3618 ) ;
#6397 = CARTESIAN_POINT ( 'NONE',  ( 2.000000000000000000, 1.550000000000000266, -0.09999999999999995004 ) ) ;
#6398 = FILL_AREA_STYLE_COLOUR ( '', #3918 ) ;
#6399 =( LENGTH_UNIT ( ) NAMED_UNIT ( * ) SI_UNIT ( .MILLI., .METRE. ) );
#6400 = VECTOR ( 'NONE', #2925, 1000.000000000000000 ) ;
#6401 = CARTESIAN_POINT ( 'NONE',  ( 1.675252549177989714, 1.550000000000000266, 0.09999999999999990841 ) ) ;
#6402 = VECTOR ( 'NONE', #3955, 1000.000000000000000 ) ;
#6403 = ORIENTED_EDGE ( 'NONE', *, *, #1625, .F. ) ;
#6404 = DIRECTION ( 'NONE',  ( 1.112002228190260952E-16, -1.000000000000000000, 0.000000000000000000 ) ) ;
#6405 = UNCERTAINTY_MEASURE_WITH_UNIT (LENGTH_MEASURE( 1.000000000000000082E-05 ), #1709, 'distance_accuracy_value', 'NONE');
#6406 = DIRECTION ( 'NONE',  ( 1.000000000000000000, 0.000000000000000000, 0.000000000000000000 ) ) ;
#6407 = CARTESIAN_POINT ( 'NONE',  ( 0.1316731071710016687, 0.1585250013466016350, 0.1000000000000000056 ) ) ;
#6408 = EDGE_CURVE ( 'NONE', #6260, #3978, #296, .T. ) ;
#6409 = CARTESIAN_POINT ( 'NONE',  ( -2.000000000000000000, 1.149999999999999911, -0.1000000000000000056 ) ) ;
#6410 = VECTOR ( 'NONE', #4020, 1000.000000000000000 ) ;
#6411 = CARTESIAN_POINT ( 'NONE',  ( -0.2160967884086693047, 0.07686335560805861167, -0.000000000000000000 ) ) ;
#6412 = ORIENTED_EDGE ( 'NONE', *, *, #2277, .T. ) ;
#6413 = CARTESIAN_POINT ( 'NONE',  ( 0.1627405305516382572, 0.1554891332286076622, 0.1000000000000000056 ) ) ;
#6414 = DIRECTION ( 'NONE',  ( 0.000000000000000000, 0.000000000000000000, 1.000000000000000000 ) ) ;
#6415 = ORIENTED_EDGE ( 'NONE', *, *, #499, .T. ) ;
#6416 = CARTESIAN_POINT ( 'NONE',  ( 0.2067831322485048362, -0.02356256190743008863, 0.000000000000000000 ) ) ;
#6417 = AXIS2_PLACEMENT_3D ( 'NONE', #5535, #3796, #1651 ) ;
#6418 = VERTEX_POINT ( 'NONE', #3574 ) ;
#6419 = ORIENTED_EDGE ( 'NONE', *, *, #2255, .T. ) ;
#6420 = DIRECTION ( 'NONE',  ( 1.000000000000000000, 0.000000000000000000, -0.000000000000000000 ) ) ;
#6421 =( LENGTH_UNIT ( ) NAMED_UNIT ( * ) SI_UNIT ( .MILLI., .METRE. ) );
#6422 = CIRCLE ( 'NONE', #7019, 0.1738894337313157124 ) ;
#6423 = DIRECTION ( 'NONE',  ( -5.930899995426697620E-16, 0.000000000000000000, 1.000000000000000000 ) ) ;
#6424 = DIRECTION ( 'NONE',  ( 1.000000000000000000, -0.000000000000000000, -0.000000000000000000 ) ) ;
#6425 = ORIENTED_EDGE ( 'NONE', *, *, #619, .T. ) ;
#6426 = CARTESIAN_POINT ( 'NONE',  ( -0.06997968826431572031, 0.1815656432207750637, 0.000000000000000000 ) ) ;
#6427 = ADVANCED_FACE ( 'NONE', ( #3693 ), #5080, .T. ) ;
#6428 = ORIENTED_EDGE ( 'NONE', *, *, #5243, .T. ) ;
#6429 = CARTESIAN_POINT ( 'NONE',  ( 0.2069033245561971712, -0.003049741394609574528, 0.000000000000000000 ) ) ;
#6430 = EDGE_CURVE ( 'NONE', #549, #1731, #718, .T. ) ;
#6431 = CARTESIAN_POINT ( 'NONE',  ( 0.2823493682848887687, 0.1290304904252070894, 0.1000000000000000056 ) ) ;
#6432 = VERTEX_POINT ( 'NONE', #3746 ) ;
#6433 = CARTESIAN_POINT ( 'NONE',  ( 0.1868972340869284043, 0.1851934923189104687, 0.1000000000000000056 ) ) ;
#6434 = EDGE_LOOP ( 'NONE', ( #7103, #5896, #6177, #1703, #1764, #5728, #4102, #4864, #2220, #3056, #1173, #2523 ) ) ;
#6435 =( NAMED_UNIT ( * ) SI_UNIT ( $, .STERADIAN. ) SOLID_ANGLE_UNIT ( ) );
#6436 = EDGE_LOOP ( 'NONE', ( #4685, #1240, #385, #3269 ) ) ;
#6437 = CARTESIAN_POINT ( 'NONE',  ( -0.03408225236687983939, 0.1815656432207750637, 0.1000000000000000056 ) ) ;
#6438 = DIRECTION ( 'NONE',  ( 0.000000000000000000, 0.000000000000000000, -1.000000000000000000 ) ) ;
#6439 = EDGE_LOOP ( 'NONE', ( #5563, #2990, #2488, #274 ) ) ;
#6440 = CARTESIAN_POINT ( 'NONE',  ( -0.1885673058600708385, -0.007674848555774059326, 0.000000000000000000 ) ) ;
#6441 = COLOUR_RGB ( '',0.7960784313725489669, 0.8235294117647058432, 0.9372549019607843146 ) ;
#6442 = DIRECTION ( 'NONE',  ( 0.000000000000000000, 0.1951694393799636440, -0.9807695396636819662 ) ) ;
#6443 = LINE ( 'NONE', #6886, #4978 ) ;
#6444 = PRESENTATION_STYLE_ASSIGNMENT (( #4748 ) ) ;
#6445 = EDGE_CURVE ( 'NONE', #5205, #6344, #6252, .T. ) ;
#6446 = DIRECTION ( 'NONE',  ( -0.000000000000000000, -0.000000000000000000, -1.000000000000000000 ) ) ;
#6447 = ORIENTED_EDGE ( 'NONE', *, *, #1525, .F. ) ;
#6448 = PLANE ( 'NONE',  #2371 ) ;
#6449 = CARTESIAN_POINT ( 'NONE',  ( 0.1768135422771350829, 0.001454822562438440586, 0.000000000000000000 ) ) ;
#6450 = UNCERTAINTY_MEASURE_WITH_UNIT (LENGTH_MEASURE( 1.000000000000000082E-05 ), #5594, 'distance_accuracy_value', 'NONE');
#6451 = VECTOR ( 'NONE', #3826, 1000.000000000000000 ) ;
#6452 = EDGE_CURVE ( 'NONE', #5041, #3039, #810, .T. ) ;
#6453 = CARTESIAN_POINT ( 'NONE',  ( -1.675252549177989714, -1.150000000000000133, 0.09999999999999996392 ) ) ;
#6454 = PRESENTATION_LAYER_ASSIGNMENT (  '', '', ( #173 ) ) ;
#6455 = VECTOR ( 'NONE', #2327, 1000.000000000000000 ) ;
#6456 = CARTESIAN_POINT ( 'NONE',  ( -0.2160967884086693047, 0.07686335560805861167, 0.1000000000000000056 ) ) ;
#6457 = PLANE ( 'NONE',  #3089 ) ;
#6458 = PRESENTATION_STYLE_ASSIGNMENT (( #5630 ) ) ;
#6459 = CARTESIAN_POINT ( 'NONE',  ( -1.675252549177989936, 0.2500000000000001110, 0.05999999999999992839 ) ) ;
#6460 = COLOUR_RGB ( '',0.7960784313725489669, 0.8235294117647058432, 0.9372549019607843146 ) ;
#6461 = ADVANCED_FACE ( 'NONE', ( #640 ), #3723, .T. ) ;
#6462 = MECHANICAL_DESIGN_GEOMETRIC_PRESENTATION_REPRESENTATION (  '', ( #3734 ), #4100 ) ;
#6463 = CARTESIAN_POINT ( 'NONE',  ( 0.1361368906610620211, 0.1625477761634819274, 0.1000000000000000056 ) ) ;
#6464 = SURFACE_STYLE_USAGE ( .BOTH. , #1913 ) ;
#6465 = CARTESIAN_POINT ( 'NONE',  ( -0.1773780489806030813, -0.01246629800273908913, 0.000000000000000000 ) ) ;
#6466 = LINE ( 'NONE', #6169, #4562 ) ;
#6467 = ORIENTED_EDGE ( 'NONE', *, *, #4335, .F. ) ;
#6468 = FACE_OUTER_BOUND ( 'NONE', #2760, .T. ) ;
#6469 = DIRECTION ( 'NONE',  ( -0.7941277684358859501, 0.6077508431907272524, 0.000000000000000000 ) ) ;
#6470 = CARTESIAN_POINT ( 'NONE',  ( 0.1505138912454053457, 0.01560688471268567232, 0.000000000000000000 ) ) ;
#6471 = FILL_AREA_STYLE ('',( #148 ) ) ;
#6472 = SURFACE_SIDE_STYLE ('',( #3779 ) ) ;
#6473 = CARTESIAN_POINT ( 'NONE',  ( 0.1588337004059202640, 0.009852720289405068194, 0.000000000000000000 ) ) ;
#6474 = COLOUR_RGB ( '',0.7960784313725489669, 0.8235294117647058432, 0.9372549019607843146 ) ;
#6475 = ORIENTED_EDGE ( 'NONE', *, *, #5074, .F. ) ;
#6476 = EDGE_CURVE ( 'NONE', #3057, #3178, #1610, .T. ) ;
#6477 = B_SPLINE_CURVE_WITH_KNOTS ( 'NONE', 3,
 ( #4090, #1854, #3501, #168, #737, #714, #1796, #5214, #5795, #4649, #5772, #4604, #689, #1254, #2402, #5265, #1811, #5755, #6325 ),
 .UNSPECIFIED., .F., .F.,
 ( 4, 1, 1, 1, 1, 1, 1, 1, 1, 1, 1, 1, 1, 1, 1, 1, 4 ),
 ( 0.000000000000000000, 0.06432321657984212127, 0.1262901037035559781, 0.1867264692161329231, 0.2461464323353447503, 0.3055756426461387343, 0.3654293856180519384, 0.4263263089482600132, 0.4888399064006415107, 0.5517249718140474490, 0.6139185964661594275, 0.6754837657683966379, 0.7373338970992860952, 0.8002290443945266896, 0.8645022981233231318, 0.9310407391556975165, 1.000000000000000000 ),
 .UNSPECIFIED. ) ;
#6478 = FACE_OUTER_BOUND ( 'NONE', #4307, .T. ) ;
#6479 = EDGE_CURVE ( 'NONE', #2887, #4966, #5731, .T. ) ;
#6480 = ORIENTED_EDGE ( 'NONE', *, *, #2687, .T. ) ;
#6481 =( LENGTH_UNIT ( ) NAMED_UNIT ( * ) SI_UNIT ( .MILLI., .METRE. ) );
#6482 = ORIENTED_EDGE ( 'NONE', *, *, #3482, .T. ) ;
#6483 = DIRECTION ( 'NONE',  ( 0.000000000000000000, 0.000000000000000000, -1.000000000000000000 ) ) ;
#6484 = EDGE_CURVE ( 'NONE', #3978, #6260, #6422, .T. ) ;
#6485 = CARTESIAN_POINT ( 'NONE',  ( 0.2682633819393788199, -0.007052765227638937984, 0.000000000000000000 ) ) ;
#6486 = DIRECTION ( 'NONE',  ( 0.9034962347415942396, 0.4285960263555440020, -0.000000000000000000 ) ) ;
#6487 = PLANE ( 'NONE',  #1695 ) ;
#6488 = DIRECTION ( 'NONE',  ( -0.000000000000000000, -1.000000000000000000, -0.000000000000000000 ) ) ;
#6489 = ORIENTED_EDGE ( 'NONE', *, *, #2831, .F. ) ;
#6490 = ADVANCED_FACE ( 'NONE', ( #7106 ), #6088, .T. ) ;
#6491 = DIRECTION ( 'NONE',  ( -0.000000000000000000, -1.000000000000000000, -0.000000000000000000 ) ) ;
#6492 = VECTOR ( 'NONE', #6946, 1000.000000000000114 ) ;
#6493 = CARTESIAN_POINT ( 'NONE',  ( 0.2045116548394640132, -0.02353684997240393720, 0.1000000000000000056 ) ) ;
#6494 = VECTOR ( 'NONE', #207, 1000.000000000000000 ) ;
#6495 = EDGE_LOOP ( 'NONE', ( #633, #464, #4696, #1702 ) ) ;
#6496 = CARTESIAN_POINT ( 'NONE',  ( 0.1965394732468539463, -0.002763301263726596676, 0.1000000000000000056 ) ) ;
#6497 = VERTEX_POINT ( 'NONE', #7226 ) ;
#6498 = EDGE_CURVE ( 'NONE', #2300, #3724, #5655, .T. ) ;
#6499 = STYLED_ITEM ( 'NONE', ( #2537 ), #5952 ) ;
#6500 =( NAMED_UNIT ( * ) SI_UNIT ( $, .STERADIAN. ) SOLID_ANGLE_UNIT ( ) );
#6501 =( LENGTH_UNIT ( ) NAMED_UNIT ( * ) SI_UNIT ( .MILLI., .METRE. ) );
#6502 = AXIS2_PLACEMENT_3D ( 'NONE', #2199, #3791, #5553 ) ;
#6503 = ORIENTED_EDGE ( 'NONE', *, *, #5838, .F. ) ;
#6504 = ORIENTED_EDGE ( 'NONE', *, *, #962, .T. ) ;
#6505 = FILL_AREA_STYLE ('',( #237 ) ) ;
#6506 = AXIS2_PLACEMENT_3D ( 'NONE', #4655, #1199, #1236 ) ;
#6507 = ORIENTED_EDGE ( 'NONE', *, *, #7077, .F. ) ;
#6508 = EDGE_LOOP ( 'NONE', ( #4326, #2120, #2988, #2037, #6415, #5291 ) ) ;
#6509 = ORIENTED_EDGE ( 'NONE', *, *, #656, .F. ) ;
#6510 = CARTESIAN_POINT ( 'NONE',  ( 0.1500080755025267609, 0.1473202414217390233, 0.000000000000000000 ) ) ;
#6511 = CARTESIAN_POINT ( 'NONE',  ( -1.391402837117598379, 0.6500000000000001332, 0.4551791245819074572 ) ) ;
#6512 = STYLED_ITEM ( 'NONE', ( #4798 ), #2562 ) ;
#6513 = CARTESIAN_POINT ( 'NONE',  ( 0.2588104854219183126, 0.1750995926657752944, -1.355252715606880543E-17 ) ) ;
#6514 = CARTESIAN_POINT ( 'NONE',  ( 0.2647461400886072513, 0.01537158096926331471, 0.000000000000000000 ) ) ;
#6515 = ORIENTED_EDGE ( 'NONE', *, *, #2765, .T. ) ;
#6516 =( NAMED_UNIT ( * ) PLANE_ANGLE_UNIT ( ) SI_UNIT ( $, .RADIAN. ) );
#6517 = ORIENTED_EDGE ( 'NONE', *, *, #172, .F. ) ;
#6518 = MECHANICAL_DESIGN_GEOMETRIC_PRESENTATION_REPRESENTATION (  '', ( #4273 ), #1354 ) ;
#6519 = CARTESIAN_POINT ( 'NONE',  ( 0.1197639014792740569, 0.01838455347718529961, 0.000000000000000000 ) ) ;
#6520 = VERTEX_POINT ( 'NONE', #6140 ) ;
#6521 = CARTESIAN_POINT ( 'NONE',  ( 0.1675956801890539360, 0.005106132409248856363, 0.1000000000000000056 ) ) ;
#6522 =( GEOMETRIC_REPRESENTATION_CONTEXT ( 3 ) GLOBAL_UNCERTAINTY_ASSIGNED_CONTEXT ( ( #3996 ) ) GLOBAL_UNIT_ASSIGNED_CONTEXT ( ( #1368, #362, #3153 ) ) REPRESENTATION_CONTEXT ( 'NONE', 'WORKASPACE' ) );
#6523 = EDGE_CURVE ( 'NONE', #374, #5223, #4136, .T. ) ;
#6524 = CARTESIAN_POINT ( 'NONE',  ( -1.675252549177989714, 1.550000000000000044, 0.09999999999999996392 ) ) ;
#6525 = ORIENTED_EDGE ( 'NONE', *, *, #1466, .T. ) ;
#6526 = SURFACE_STYLE_USAGE ( .BOTH. , #6549 ) ;
#6527 = DIRECTION ( 'NONE',  ( -0.000000000000000000, -1.000000000000000000, -0.000000000000000000 ) ) ;
#6528 = COLOUR_RGB ( '',0.7960784313725489669, 0.8235294117647058432, 0.9372549019607843146 ) ;
#6529 = FILL_AREA_STYLE ('',( #877 ) ) ;
#6530 = ORIENTED_EDGE ( 'NONE', *, *, #4664, .F. ) ;
#6531 = VECTOR ( 'NONE', #2572, 1000.000000000000000 ) ;
#6532 = VECTOR ( 'NONE', #5804, 1000.000000000000000 ) ;
#6533 = ADVANCED_FACE ( 'NONE', ( #7198 ), #7175, .F. ) ;
#6534 = B_SPLINE_CURVE_WITH_KNOTS ( 'NONE', 3,
 ( #2051, #919, #4241, #1494, #1947, #3076, #1975, #7010, #5961, #1415, #5913 ),
 .UNSPECIFIED., .F., .F.,
 ( 4, 1, 1, 1, 1, 1, 1, 1, 4 ),
 ( 0.000000000000000000, 0.1642892164747606909, 0.3174059112304910002, 0.4588436116410199439, 0.5893665423053090491, 0.7078313187781720695, 0.8157700306990054440, 0.9128799029021265055, 1.000000000000000000 ),
 .UNSPECIFIED. ) ;
#6535 = SURFACE_STYLE_FILL_AREA ( #6471 ) ;
#6536 = LINE ( 'NONE', #3602, #6362 ) ;
#6537 = CARTESIAN_POINT ( 'NONE',  ( 0.3146356963510689164, 0.08272750219513402836, 0.000000000000000000 ) ) ;
#6538 = UNCERTAINTY_MEASURE_WITH_UNIT (LENGTH_MEASURE( 1.000000000000000082E-05 ), #679, 'distance_accuracy_value', 'NONE');
#6539 = LINE ( 'NONE', #3313, #6110 ) ;
#6540 = LINE ( 'NONE', #6556, #3555 ) ;
#6541 = CARTESIAN_POINT ( 'NONE',  ( 0.2880596401944972573, 0.1195532790427365072, -1.355252715606880543E-17 ) ) ;
#6542 = CARTESIAN_POINT ( 'NONE',  ( -0.5845526737569263220, 1.408911553841009523, 1.100000000000000089 ) ) ;
#6543 = CARTESIAN_POINT ( 'NONE',  ( -1.391402837117597047, 1.550000000000000044, 0.6151791245819073772 ) ) ;
#6544 = CARTESIAN_POINT ( 'NONE',  ( 0.2394959978080777874, 0.1826790569836015121, 0.1000000000000000056 ) ) ;
#6545 = DIRECTION ( 'NONE',  ( 0.000000000000000000, -1.000000000000000000, 0.000000000000000000 ) ) ;
#6546 = VECTOR ( 'NONE', #3111, 1000.000000000000000 ) ;
#6547 = CARTESIAN_POINT ( 'NONE',  ( 0.1388149345518956135, 0.1368352879630811703, 0.1000000000000000056 ) ) ;
#6548 = CARTESIAN_POINT ( 'NONE',  ( 1.391402837117598379, -1.485000000000000320, 0.4151791245819071996 ) ) ;
#6549 = SURFACE_SIDE_STYLE ('',( #6286 ) ) ;
#6550 = CARTESIAN_POINT ( 'NONE',  ( -0.1103643036489311557, 0.1815656432207750914, 0.000000000000000000 ) ) ;
#6551 = ORIENTED_EDGE ( 'NONE', *, *, #2025, .F. ) ;
#6552 = DIRECTION ( 'NONE',  ( -0.000000000000000000, 1.000000000000000000, -0.000000000000000000 ) ) ;
#6553 = AXIS2_PLACEMENT_3D ( 'NONE', #3372, #3886, #1151 ) ;
#6554 = COLOUR_RGB ( '',0.7960784313725489669, 0.8235294117647058432, 0.9372549019607843146 ) ;
#6555 = SURFACE_STYLE_USAGE ( .BOTH. , #5457 ) ;
#6556 = CARTESIAN_POINT ( 'NONE',  ( -1.300000000000000266, -1.949999999999999956, 0.6151791245819073772 ) ) ;
#6557 = PRESENTATION_LAYER_ASSIGNMENT (  '', '', ( #4847 ) ) ;
#6558 = FILL_AREA_STYLE ('',( #2708 ) ) ;
#6559 = CARTESIAN_POINT ( 'NONE',  ( -0.7584421074882420344, 1.408911553841009523, 1.080000000000000071 ) ) ;
#6560 = CARTESIAN_POINT ( 'NONE',  ( 0.06078954250491507005, 0.09951436116949299859, 0.000000000000000000 ) ) ;
#6561 = CARTESIAN_POINT ( 'NONE',  ( -0.1490004730681709078, -0.01781608121700889447, 5.421010862427522170E-17 ) ) ;
#6562 = CARTESIAN_POINT ( 'NONE',  ( 0.3143719855058927926, 0.09340272380104325256, 0.000000000000000000 ) ) ;
#6563 = SHAPE_DEFINITION_REPRESENTATION ( #2854, #6685 ) ;
#6564 = ADVANCED_FACE ( 'NONE', ( #2382 ), #1020, .F. ) ;
#6565 = PLANE ( 'NONE',  #110 ) ;
#6566 = VECTOR ( 'NONE', #5294, 1000.000000000000000 ) ;
#6567 = VERTEX_POINT ( 'NONE', #3825 ) ;
#6568 = PRESENTATION_LAYER_ASSIGNMENT (  '', '', ( #3953 ) ) ;
#6569 = SURFACE_STYLE_USAGE ( .BOTH. , #5541 ) ;
#6570 = CARTESIAN_POINT ( 'NONE',  ( 1.300000000000000266, -1.949999999999999956, 0.6151791245819073772 ) ) ;
#6571 = CARTESIAN_POINT ( 'NONE',  ( 1.391402837117598379, -0.9350000000000001643, 0.4151791245819071996 ) ) ;
#6572 = CARTESIAN_POINT ( 'NONE',  ( -0.1683156056789085198, 0.1761758943979656600, 0.1000000000000000056 ) ) ;
#6573 = FILL_AREA_STYLE ('',( #1531 ) ) ;
#6574 = COLOUR_RGB ( '',0.7960784313725489669, 0.8235294117647058432, 0.9372549019607843146 ) ;
#6575 = EDGE_CURVE ( 'NONE', #4642, #1952, #4774, .T. ) ;
#6576 = CARTESIAN_POINT ( 'NONE',  ( 0.2728465488453933885, -0.003941050346287836709, 0.1000000000000000056 ) ) ;
#6577 = VERTEX_POINT ( 'NONE', #2267 ) ;
#6578 = EDGE_CURVE ( 'NONE', #1891, #4705, #463, .T. ) ;
#6579 = LINE ( 'NONE', #5158, #7187 ) ;
#6580 = CARTESIAN_POINT ( 'NONE',  ( -1.300000000000000266, 1.550000000000000044, 0.6151791245819073772 ) ) ;
#6581 = CARTESIAN_POINT ( 'NONE',  ( -1.675252549177989936, 1.550000000000000044, 0.05999999999999997002 ) ) ;
#6582 =( NAMED_UNIT ( * ) SI_UNIT ( $, .STERADIAN. ) SOLID_ANGLE_UNIT ( ) );
#6583 = CARTESIAN_POINT ( 'NONE',  ( -0.2027477689515817250, 0.002251761639257783120, 5.421010862427522170E-17 ) ) ;
#6584 = ORIENTED_EDGE ( 'NONE', *, *, #3478, .F. ) ;
#6585 = CARTESIAN_POINT ( 'NONE',  ( 0.2974837886257143404, 0.1409513284758471541, -1.355252715606880543E-17 ) ) ;
#6586 = ORIENTED_EDGE ( 'NONE', *, *, #4423, .F. ) ;
#6587 = CARTESIAN_POINT ( 'NONE',  ( 0.2067831322485048362, -0.02356256190743008863, 0.1000000000000000056 ) ) ;
#6588 = ORIENTED_EDGE ( 'NONE', *, *, #5984, .F. ) ;
#6589 = DIRECTION ( 'NONE',  ( 0.000000000000000000, 0.000000000000000000, -1.000000000000000000 ) ) ;
#6590 = ORIENTED_EDGE ( 'NONE', *, *, #6981, .F. ) ;
#6591 =( NAMED_UNIT ( * ) SI_UNIT ( $, .STERADIAN. ) SOLID_ANGLE_UNIT ( ) );
#6592 = EDGE_LOOP ( 'NONE', ( #2757, #5824, #1391, #5048 ) ) ;
#6593 = AXIS2_PLACEMENT_3D ( 'NONE', #5869, #2506, #4195 ) ;
#6594 = ORIENTED_EDGE ( 'NONE', *, *, #6476, .F. ) ;
#6595 = CARTESIAN_POINT ( 'NONE',  ( 0.2494094653261708927, 0.1793850876615533940, 0.000000000000000000 ) ) ;
#6596 = ADVANCED_FACE ( 'NONE', ( #2118 ), #3392, .F. ) ;
#6597 = ORIENTED_EDGE ( 'NONE', *, *, #92, .T. ) ;
#6598 = LINE ( 'NONE', #6855, #4526 ) ;
#6599 = EDGE_LOOP ( 'NONE', ( #642, #4780, #6312, #1601 ) ) ;
#6600 = ORIENTED_EDGE ( 'NONE', *, *, #4917, .F. ) ;
#6601 = DIRECTION ( 'NONE',  ( 0.4188422247446084157, 0.9080590238365492395, 0.000000000000000000 ) ) ;
#6602 = LINE ( 'NONE', #2264, #1008 ) ;
#6603 = LINE ( 'NONE', #3320, #2139 ) ;
#6604 = CARTESIAN_POINT ( 'NONE',  ( 1.300000000000000044, 1.950000000000000400, 0.4551791245819075127 ) ) ;
#6605 = ORIENTED_EDGE ( 'NONE', *, *, #172, .T. ) ;
#6606 = CARTESIAN_POINT ( 'NONE',  ( 1.431056404426063855, 1.550000000000000266, 0.4204321808078592682 ) ) ;
#6607 = FILL_AREA_STYLE_COLOUR ( '', #2970 ) ;
#6608 = CARTESIAN_POINT ( 'NONE',  ( -0.1319588549309823888, -0.01843435677922496130, 5.421010862427522170E-17 ) ) ;
#6609 =( GEOMETRIC_REPRESENTATION_CONTEXT ( 3 ) GLOBAL_UNCERTAINTY_ASSIGNED_CONTEXT ( ( #5572 ) ) GLOBAL_UNIT_ASSIGNED_CONTEXT ( ( #5017, #5077, #1684 ) ) REPRESENTATION_CONTEXT ( 'NONE', 'WORKASPACE' ) );
#6610 = LINE ( 'NONE', #292, #4797 ) ;
#6611 =( NAMED_UNIT ( * ) PLANE_ANGLE_UNIT ( ) SI_UNIT ( $, .RADIAN. ) );
#6612 = CARTESIAN_POINT ( 'NONE',  ( -0.03408225236687983939, 0.09951436116949299859, 0.1000000000000000056 ) ) ;
#6613 =( GEOMETRIC_REPRESENTATION_CONTEXT ( 3 ) GLOBAL_UNCERTAINTY_ASSIGNED_CONTEXT ( ( #6924 ) ) GLOBAL_UNIT_ASSIGNED_CONTEXT ( ( #191, #6896, #841 ) ) REPRESENTATION_CONTEXT ( 'NONE', 'WORKASPACE' ) );
#6614 = CARTESIAN_POINT ( 'NONE',  ( -0.03408225236687983939, 0.07900154065667248926, 0.1000000000000000056 ) ) ;
#6615 = VERTEX_POINT ( 'NONE', #2795 ) ;
#6616 = CARTESIAN_POINT ( 'NONE',  ( 0.3377126194279920224, 0.002078463733595553239, 0.1000000000000000056 ) ) ;
#6617 = MECHANICAL_DESIGN_GEOMETRIC_PRESENTATION_REPRESENTATION (  '', ( #2351 ), #954 ) ;
#6618 = EDGE_CURVE ( 'NONE', #1329, #3139, #4126, .T. ) ;
#6619 = VECTOR ( 'NONE', #2185, 1000.000000000000000 ) ;
#6620 = CARTESIAN_POINT ( 'NONE',  ( -1.391402837117597047, 0.6500000000000001332, 0.6151791245819073772 ) ) ;
#6621 = CARTESIAN_POINT ( 'NONE',  ( -0.2181943738230529839, 0.1390311203131656959, 0.1000000000000000056 ) ) ;
#6622 = LINE ( 'NONE', #7162, #844 ) ;
#6623 = DIRECTION ( 'NONE',  ( 0.000000000000000000, -0.000000000000000000, 1.000000000000000000 ) ) ;
#6624 = SURFACE_STYLE_FILL_AREA ( #4894 ) ;
#6625 = EDGE_CURVE ( 'NONE', #2887, #2439, #4507, .T. ) ;
#6626 = UNCERTAINTY_MEASURE_WITH_UNIT (LENGTH_MEASURE( 1.000000000000000082E-05 ), #6399, 'distance_accuracy_value', 'NONE');
#6627 = VECTOR ( 'NONE', #1669, 1000.000000000000000 ) ;
#6628 = B_SPLINE_CURVE_WITH_KNOTS ( 'NONE', 3,
 ( #1286, #5183, #1215, #722, #5203, #6287, #6243, #2362, #629, #1836, #1756, #3506, #1780, #175, #694, #93, #6833, #5694, #5776, #2878, #5713, #5219, #4609, #3487, #2411, #4009, #2893 ),
 .UNSPECIFIED., .F., .F.,
 ( 4, 1, 1, 1, 1, 1, 1, 1, 1, 1, 1, 1, 1, 1, 1, 1, 1, 1, 1, 1, 1, 1, 1, 1, 4 ),
 ( 0.000000000000000000, 0.04395490890619430102, 0.08750187479760462850, 0.1304626267314902832, 0.1727520205665172559, 0.2154030673796033246, 0.2576498297432394669, 0.3001527489572936025, 0.3431214895020865407, 0.3859251632064336635, 0.4276857274028017519, 0.4688179504865898073, 0.5094918001549956221, 0.5498830310733489046, 0.5899800229668863416, 0.6304052300068399006, 0.6708686260826384196, 0.7113839438381759361, 0.7516272580635843248, 0.7917755768651916215, 0.8324589188037425647, 0.8733190450172881869, 0.9145429556263491300, 0.9569235582098846171, 1.000000000000000000 ),
 .UNSPECIFIED. ) ;
#6629 = FACE_BOUND ( 'NONE', #2208, .T. ) ;
#6630 = CARTESIAN_POINT ( 'NONE',  ( 0.3112346058863228460, 0.05314479422979109802, 0.000000000000000000 ) ) ;
#6631 = PRESENTATION_STYLE_ASSIGNMENT (( #6387 ) ) ;
#6632 = CARTESIAN_POINT ( 'NONE',  ( -0.1807153239156855662, 0.1717288362035339633, 0.000000000000000000 ) ) ;
#6633 = VECTOR ( 'NONE', #5473, 1000.000000000000000 ) ;
#6634 = VECTOR ( 'NONE', #3382, 1000.000000000000000 ) ;
#6635 = CARTESIAN_POINT ( 'NONE',  ( -1.476984712635663444, -1.550000000000000266, 0.07373471887023946847 ) ) ;
#6636 =( NAMED_UNIT ( * ) PLANE_ANGLE_UNIT ( ) SI_UNIT ( $, .RADIAN. ) );
#6637 = ADVANCED_FACE ( 'NONE', ( #1587 ), #5634, .F. ) ;
#6638 = CARTESIAN_POINT ( 'NONE',  ( -0.2055682008887697865, 0.1226422366961386345, 0.1000000000000000056 ) ) ;
#6639 = CARTESIAN_POINT ( 'NONE',  ( 0.4325844142997869457, -0.01843435677922496130, 0.1000000000000000056 ) ) ;
#6640 = EDGE_CURVE ( 'NONE', #1522, #5643, #457, .T. ) ;
#6641 = MECHANICAL_DESIGN_GEOMETRIC_PRESENTATION_REPRESENTATION (  '', ( #6499 ), #3490 ) ;
#6642 = ORIENTED_EDGE ( 'NONE', *, *, #1313, .F. ) ;
#6643 = CIRCLE ( 'NONE', #6502, 0.04000000000000004940 ) ;
#6644 = CARTESIAN_POINT ( 'NONE',  ( -0.1522970853595908280, 0.004021212887519348515, 0.1000000000000000056 ) ) ;
#6645 = CARTESIAN_POINT ( 'NONE',  ( -1.675252549177989714, 0.6500000000000001332, 0.09999999999999996392 ) ) ;
#6646 = CARTESIAN_POINT ( 'NONE',  ( 1.675252549177989714, -0.9350000000000001643, 0.09999999999999995004 ) ) ;
#6647 = DIRECTION ( 'NONE',  ( 1.000000000000000000, 0.000000000000000000, -0.000000000000000000 ) ) ;
#6648 = DIRECTION ( 'NONE',  ( 0.4283511191562784926, -0.9036123719369736351, 0.000000000000000000 ) ) ;
#6649 = PRESENTATION_LAYER_ASSIGNMENT (  '', '', ( #4901 ) ) ;
#6650 = ORIENTED_EDGE ( 'NONE', *, *, #4659, .F. ) ;
#6651 = CARTESIAN_POINT ( 'NONE',  ( -0.2279274487172757158, 0.1187794420861758848, 0.1000000000000000056 ) ) ;
#6652 = MECHANICAL_DESIGN_GEOMETRIC_PRESENTATION_REPRESENTATION (  '', ( #1349 ), #2480 ) ;
#6653 = CYLINDRICAL_SURFACE ( 'NONE', #6874, 0.1738894337313157124 ) ;
#6654 = SURFACE_STYLE_USAGE ( .BOTH. , #7188 ) ;
#6655 = EDGE_CURVE ( 'NONE', #132, #6262, #5372, .T. ) ;
#6656 = DIRECTION ( 'NONE',  ( 0.1313264056488086529, -0.000000000000000000, 0.9913391827116310173 ) ) ;
#6657 = CARTESIAN_POINT ( 'NONE',  ( -0.2182301568346429188, 0.02066004394562526505, 5.421010862427522170E-17 ) ) ;
#6658 = ORIENTED_EDGE ( 'NONE', *, *, #211, .T. ) ;
#6659 = PRESENTATION_LAYER_ASSIGNMENT (  '', '', ( #6888 ) ) ;
#6660 = EDGE_CURVE ( 'NONE', #4362, #3766, #3430, .T. ) ;
#6661 = CARTESIAN_POINT ( 'NONE',  ( -0.2161335344181619378, 0.07908166886180068023, 8.131516293641283255E-17 ) ) ;
#6662 = CARTESIAN_POINT ( 'NONE',  ( -1.635598981869524238, -1.550000000000000266, 0.09474694377404786760 ) ) ;
#6663 = LINE ( 'NONE', #4845, #4667 ) ;
#6664 = CARTESIAN_POINT ( 'NONE',  ( -0.1634673144000179656, 0.005833918802008623145, 0.1000000000000000056 ) ) ;
#6665 = DIRECTION ( 'NONE',  ( -0.000000000000000000, 1.000000000000000000, -0.000000000000000000 ) ) ;
#6666 = ORIENTED_EDGE ( 'NONE', *, *, #5011, .F. ) ;
#6667 =( LENGTH_UNIT ( ) NAMED_UNIT ( * ) SI_UNIT ( .MILLI., .METRE. ) );
#6668 = CARTESIAN_POINT ( 'NONE',  ( -1.589670673659924871, 0.6500000000000001332, 0.4414444057116680975 ) ) ;
#6669 = DIRECTION ( 'NONE',  ( -0.000000000000000000, 1.000000000000000000, -0.000000000000000000 ) ) ;
#6670 = DIRECTION ( 'NONE',  ( -1.549790303122160425E-16, 1.000000000000000000, 0.000000000000000000 ) ) ;
#6671 = VECTOR ( 'NONE', #5608, 1000.000000000000000 ) ;
#6672 = ORIENTED_EDGE ( 'NONE', *, *, #1648, .F. ) ;
#6673 = ADVANCED_FACE ( 'NONE', ( #1508 ), #2704, .T. ) ;
#6674 = ORIENTED_EDGE ( 'NONE', *, *, #4290, .F. ) ;
#6675 = CARTESIAN_POINT ( 'NONE',  ( 1.675252549177989714, 1.550000000000000266, 0.09999999999999990841 ) ) ;
#6676 = EDGE_CURVE ( 'NONE', #814, #2184, #6579, .T. ) ;
#6677 = DIRECTION ( 'NONE',  ( 0.000000000000000000, -0.000000000000000000, -1.000000000000000000 ) ) ;
#6678 = CARTESIAN_POINT ( 'NONE',  ( -0.2252157919552101595, 0.1258512825467580365, 0.000000000000000000 ) ) ;
#6679 = ORIENTED_EDGE ( 'NONE', *, *, #3575, .T. ) ;
#6680 = PRESENTATION_LAYER_ASSIGNMENT (  '', '', ( #2551 ) ) ;
#6681 = ORIENTED_EDGE ( 'NONE', *, *, #1642, .T. ) ;
#6682 = CARTESIAN_POINT ( 'NONE',  ( 0.1684379627719808370, -0.01745128338793616729, 0.000000000000000000 ) ) ;
#6683 = SURFACE_STYLE_USAGE ( .BOTH. , #492 ) ;
#6684 = CARTESIAN_POINT ( 'NONE',  ( 0.2966148744581278973, 0.07840924728379930486, 0.1000000000000000056 ) ) ;
#6685 = ADVANCED_BREP_SHAPE_REPRESENTATION ( 'SOT33-5A_L3.9-W2.6-P0.90-BP2525D', ( #2813, #3713 ), #83 ) ;
#6686 = CARTESIAN_POINT ( 'NONE',  ( -0.2160247056693180567, 0.07251180564993413291, 0.000000000000000000 ) ) ;
#6687 = CARTESIAN_POINT ( 'NONE',  ( -0.06997968826431572031, 0.1815656432207750637, 0.1000000000000000056 ) ) ;
#6688 = CARTESIAN_POINT ( 'NONE',  ( 0.3071027580625657616, 0.1232386721856291445, 0.1000000000000000056 ) ) ;
#6689 = VERTEX_POINT ( 'NONE', #4516 ) ;
#6690 = CARTESIAN_POINT ( 'NONE',  ( 0.2953253548752818314, 0.01884756530675891356, 0.000000000000000000 ) ) ;
#6691 = SURFACE_STYLE_FILL_AREA ( #1347 ) ;
#6692 = ORIENTED_EDGE ( 'NONE', *, *, #1884, .T. ) ;
#6693 = ORIENTED_EDGE ( 'NONE', *, *, #6077, .F. ) ;
#6694 = CARTESIAN_POINT ( 'NONE',  ( -0.1680566113412387819, 0.007166604759236580753, 0.000000000000000000 ) ) ;
#6695 = CARTESIAN_POINT ( 'NONE',  ( 0.3146356963510689164, 0.08272750219513402836, 0.1000000000000000056 ) ) ;
#6696 = DIRECTION ( 'NONE',  ( -0.4285842068721733567, 0.9035018415143104553, 0.000000000000000000 ) ) ;
#6697 =( GEOMETRIC_REPRESENTATION_CONTEXT ( 3 ) GLOBAL_UNCERTAINTY_ASSIGNED_CONTEXT ( ( #6756 ) ) GLOBAL_UNIT_ASSIGNED_CONTEXT ( ( #2574, #358, #5358 ) ) REPRESENTATION_CONTEXT ( 'NONE', 'WORKASPACE' ) );
#6698 = ORIENTED_EDGE ( 'NONE', *, *, #2994, .F. ) ;
#6699 = CARTESIAN_POINT ( 'NONE',  ( -0.5845526737569263220, 1.408911553841009523, 1.080000000000000071 ) ) ;
#6700 = COLOUR_RGB ( '',0.7960784313725489669, 0.8235294117647058432, 0.9372549019607843146 ) ;
#6701 = ORIENTED_EDGE ( 'NONE', *, *, #4081, .T. ) ;
#6702 = LINE ( 'NONE', #2182, #5312 ) ;
#6703 = AXIS2_PLACEMENT_3D ( 'NONE', #468, #4977, #7192 ) ;
#6704 = EDGE_LOOP ( 'NONE', ( #2379, #3330, #6480, #3529 ) ) ;
#6705 = CARTESIAN_POINT ( 'NONE',  ( 2.000000000000000000, -0.1350000000000001477, 0.05999999999999998390 ) ) ;
#6706 = CARTESIAN_POINT ( 'NONE',  ( 0.1235495234876483051, 0.01350005872304492482, 0.000000000000000000 ) ) ;
#6707 = SURFACE_SIDE_STYLE ('',( #24 ) ) ;
#6708 = DIRECTION ( 'NONE',  ( -0.000000000000000000, -1.000000000000000000, -0.000000000000000000 ) ) ;
#6709 =( GEOMETRIC_REPRESENTATION_CONTEXT ( 3 ) GLOBAL_UNCERTAINTY_ASSIGNED_CONTEXT ( ( #6405 ) ) GLOBAL_UNIT_ASSIGNED_CONTEXT ( ( #1709, #2811, #1080 ) ) REPRESENTATION_CONTEXT ( 'NONE', 'WORKASPACE' ) );
#6710 = CARTESIAN_POINT ( 'NONE',  ( -0.03408225236687983939, 0.1610528227079545405, 0.000000000000000000 ) ) ;
#6711 = CARTESIAN_POINT ( 'NONE',  ( 1.300000000000000044, -1.949999999999999956, 0.4551791245819074017 ) ) ;
#6712 = FACE_OUTER_BOUND ( 'NONE', #2845, .T. ) ;
#6713 = PRESENTATION_LAYER_ASSIGNMENT (  '', '', ( #855 ) ) ;
#6714 = EDGE_CURVE ( 'NONE', #2024, #2711, #2109, .T. ) ;
#6715 = CARTESIAN_POINT ( 'NONE',  ( 0.3048838256615918341, 0.03523351902871721397, 0.1000000000000000056 ) ) ;
#6716 = CARTESIAN_POINT ( 'NONE',  ( -0.1054366488764533205, 0.1610424807464979902, 0.1000000000000000056 ) ) ;
#6717 = UNCERTAINTY_MEASURE_WITH_UNIT (LENGTH_MEASURE( 1.000000000000000082E-05 ), #197, 'distance_accuracy_value', 'NONE');
#6718 = CARTESIAN_POINT ( 'NONE',  ( -0.2339613119005412856, 0.08749803744292733443, 0.000000000000000000 ) ) ;
#6719 = CARTESIAN_POINT ( 'NONE',  ( 0.07873826045363301052, 0.1815656432207750637, 0.1000000000000000056 ) ) ;
#6720 = CARTESIAN_POINT ( 'NONE',  ( 0.1566469807065368203, 0.1757387102130377465, 0.000000000000000000 ) ) ;
#6721 = EDGE_CURVE ( 'NONE', #6344, #6317, #3866, .T. ) ;
#6722 = EDGE_CURVE ( 'NONE', #6857, #374, #5127, .T. ) ;
#6723 = CARTESIAN_POINT ( 'NONE',  ( -0.1634492395463669756, 0.1554438483489801737, 0.1000000000000000056 ) ) ;
#6724 = CIRCLE ( 'NONE', #282, 0.1999999999999999833 ) ;
#6725 = DIRECTION ( 'NONE',  ( -0.000000000000000000, 0.000000000000000000, 1.000000000000000000 ) ) ;
#6726 = CARTESIAN_POINT ( 'NONE',  ( -0.1807153239156855662, 0.1717288362035339633, 0.1000000000000000056 ) ) ;
#6727 = CARTESIAN_POINT ( 'NONE',  ( -0.3194588549309824721, 0.06618102783615967266, 0.000000000000000000 ) ) ;
#6728 = CARTESIAN_POINT ( 'NONE',  ( -0.1963183763211054089, 0.02446402917251683240, 0.000000000000000000 ) ) ;
#6729 = CARTESIAN_POINT ( 'NONE',  ( 1.675252549177989714, -0.1350000000000001477, 0.09999999999999995004 ) ) ;
#6730 = PLANE ( 'NONE',  #147 ) ;
#6731 = DIRECTION ( 'NONE',  ( -0.000000000000000000, -0.000000000000000000, -1.000000000000000000 ) ) ;
#6732 = PRESENTATION_STYLE_ASSIGNMENT (( #4495 ) ) ;
#6733 = STYLED_ITEM ( 'NONE', ( #2232 ), #4370 ) ;
#6734 =( NAMED_UNIT ( * ) PLANE_ANGLE_UNIT ( ) SI_UNIT ( $, .RADIAN. ) );
#6735 = CARTESIAN_POINT ( 'NONE',  ( -0.1680566113412387819, 0.007166604759236580753, 0.1000000000000000056 ) ) ;
#6736 = PRESENTATION_LAYER_ASSIGNMENT (  '', '', ( #5903 ) ) ;
#6737 = SURFACE_STYLE_FILL_AREA ( #5196 ) ;
#6738 =( NAMED_UNIT ( * ) SI_UNIT ( $, .STERADIAN. ) SOLID_ANGLE_UNIT ( ) );
#6739 = CARTESIAN_POINT ( 'NONE',  ( -0.2252157919552101595, 0.1258512825467580365, 0.000000000000000000 ) ) ;
#6740 = VECTOR ( 'NONE', #1882, 1000.000000000000000 ) ;
#6741 = CARTESIAN_POINT ( 'NONE',  ( -0.1206629752787755500, 0.1814914939107786507, 0.000000000000000000 ) ) ;
#6742 = CARTESIAN_POINT ( 'NONE',  ( 0.1934482241979696426, 0.1860799841033173585, 0.000000000000000000 ) ) ;
#6743 = ORIENTED_EDGE ( 'NONE', *, *, #2592, .F. ) ;
#6744 = CARTESIAN_POINT ( 'NONE',  ( -0.1986356905913589377, 0.1326460924026069133, 0.000000000000000000 ) ) ;
#6745 = PRESENTATION_STYLE_ASSIGNMENT (( #4200 ) ) ;
#6746 = CARTESIAN_POINT ( 'NONE',  ( -1.391402837117598379, -1.150000000000000133, 0.4151791245819074216 ) ) ;
#6747 = DIRECTION ( 'NONE',  ( 0.000000000000000000, -1.000000000000000000, 0.000000000000000000 ) ) ;
#6748 = STYLED_ITEM ( 'NONE', ( #3545 ), #2672 ) ;
#6749 = ORIENTED_EDGE ( 'NONE', *, *, #4535, .T. ) ;
#6750 = DIRECTION ( 'NONE',  ( 0.1313264056488086806, 0.000000000000000000, 0.9913391827116310173 ) ) ;
#6751 =( GEOMETRIC_REPRESENTATION_CONTEXT ( 3 ) GLOBAL_UNCERTAINTY_ASSIGNED_CONTEXT ( ( #5442 ) ) GLOBAL_UNIT_ASSIGNED_CONTEXT ( ( #3653, #2679, #6591 ) ) REPRESENTATION_CONTEXT ( 'NONE', 'WORKASPACE' ) );
#6752 = LINE ( 'NONE', #3666, #7093 ) ;
#6753 = CARTESIAN_POINT ( 'NONE',  ( -0.2154067214144711473, 0.06611390382956523759, 0.1000000000000000056 ) ) ;
#6754 = PRESENTATION_LAYER_ASSIGNMENT (  '', '', ( #4663 ) ) ;
#6755 = EDGE_CURVE ( 'NONE', #999, #7108, #630, .T. ) ;
#6756 = UNCERTAINTY_MEASURE_WITH_UNIT (LENGTH_MEASURE( 1.000000000000000082E-05 ), #2574, 'distance_accuracy_value', 'NONE');
#6757 = CARTESIAN_POINT ( 'NONE',  ( 0.3104968659822797128, 0.1137413153520359099, 0.1000000000000000056 ) ) ;
#6758 = ORIENTED_EDGE ( 'NONE', *, *, #1242, .F. ) ;
#6759 = PLANE ( 'NONE',  #5269 ) ;
#6760 = VECTOR ( 'NONE', #4891, 1000.000000000000000 ) ;
#6761 =( LENGTH_UNIT ( ) NAMED_UNIT ( * ) SI_UNIT ( .MILLI., .METRE. ) );
#6762 = ORIENTED_EDGE ( 'NONE', *, *, #4013, .T. ) ;
#6763 = EDGE_LOOP ( 'NONE', ( #1772, #7104, #3249, #5989, #2918, #803, #2299, #1483, #4282, #28, #3079, #3834 ) ) ;
#6764 = CARTESIAN_POINT ( 'NONE',  ( -2.000000000000000000, 1.149999999999999911, -0.1000000000000000056 ) ) ;
#6765 = CARTESIAN_POINT ( 'NONE',  ( -0.1666061393681308178, 0.006745402197129202887, -0.000000000000000000 ) ) ;
#6766 = ORIENTED_EDGE ( 'NONE', *, *, #6222, .T. ) ;
#6767 = ORIENTED_EDGE ( 'NONE', *, *, #5887, .F. ) ;
#6768 = PLANE ( 'NONE',  #2376 ) ;
#6769 = ORIENTED_EDGE ( 'NONE', *, *, #6121, .F. ) ;
#6770 = CARTESIAN_POINT ( 'NONE',  ( -0.2339754858759921230, 0.07169806033437949033, 0.1000000000000000056 ) ) ;
#6771 = ORIENTED_EDGE ( 'NONE', *, *, #1313, .T. ) ;
#6772 = EDGE_CURVE ( 'NONE', #4705, #2392, #2894, .T. ) ;
#6773 = ORIENTED_EDGE ( 'NONE', *, *, #7128, .T. ) ;
#6774 = FILL_AREA_STYLE_COLOUR ( '', #3933 ) ;
#6775 = DIRECTION ( 'NONE',  ( 1.000000000000000000, 0.000000000000000000, 0.000000000000000000 ) ) ;
#6776 = CARTESIAN_POINT ( 'NONE',  ( -0.2161335344181619378, 0.07908166886180068023, 0.000000000000000000 ) ) ;
#6777 = LINE ( 'NONE', #6639, #3801 ) ;
#6778 = CARTESIAN_POINT ( 'NONE',  ( 0.2892751194279920002, 0.01141339963103145047, 0.1000000000000000056 ) ) ;
#6779 = CARTESIAN_POINT ( 'NONE',  ( 0.2974837886257143404, 0.1409513284758471541, 0.000000000000000000 ) ) ;
#6780 = DIRECTION ( 'NONE',  ( 0.000000000000000000, -0.000000000000000000, -1.000000000000000000 ) ) ;
#6781 = ORIENTED_EDGE ( 'NONE', *, *, #4233, .T. ) ;
#6782 = FILL_AREA_STYLE_COLOUR ( '', #2270 ) ;
#6783 = DIRECTION ( 'NONE',  ( -0.000000000000000000, -1.000000000000000000, 0.000000000000000000 ) ) ;
#6784 = STYLED_ITEM ( 'NONE', ( #6910 ), #4936 ) ;
#6785 = CARTESIAN_POINT ( 'NONE',  ( -0.2140281854784732429, 0.1450925481979941645, 0.000000000000000000 ) ) ;
#6786 = PLANE ( 'NONE',  #3907 ) ;
#6787 = DIRECTION ( 'NONE',  ( -0.1313264056488087361, 0.000000000000000000, 0.9913391827116310173 ) ) ;
#6788 = CIRCLE ( 'NONE', #7203, 0.04000000000000007022 ) ;
#6789 = ORIENTED_EDGE ( 'NONE', *, *, #6074, .T. ) ;
#6790 = ORIENTED_EDGE ( 'NONE', *, *, #4081, .F. ) ;
#6791 = STYLED_ITEM ( 'NONE', ( #2423 ), #2038 ) ;
#6792 = SURFACE_STYLE_FILL_AREA ( #5350 ) ;
#6793 = DIRECTION ( 'NONE',  ( 0.000000000000000000, 1.000000000000000000, -0.000000000000000000 ) ) ;
#6794 = ADVANCED_FACE ( 'NONE', ( #45 ), #6786, .F. ) ;
#6795 = DIRECTION ( 'NONE',  ( -0.000000000000000000, -0.000000000000000000, -1.000000000000000000 ) ) ;
#6796 = VECTOR ( 'NONE', #875, 1000.000000000000000 ) ;
#6797 = SURFACE_STYLE_USAGE ( .BOTH. , #1710 ) ;
#6798 = EDGE_CURVE ( 'NONE', #3378, #3871, #3069, .T. ) ;
#6799 = FACE_OUTER_BOUND ( 'NONE', #471, .T. ) ;
#6800 = PRESENTATION_STYLE_ASSIGNMENT (( #5700 ) ) ;
#6801 =( NAMED_UNIT ( * ) SI_UNIT ( $, .STERADIAN. ) SOLID_ANGLE_UNIT ( ) );
#6802 = SURFACE_STYLE_FILL_AREA ( #5828 ) ;
#6803 = CARTESIAN_POINT ( 'NONE',  ( 0.1354690296844022757, 0.1328476945028263523, 0.000000000000000000 ) ) ;
#6804 = DIRECTION ( 'NONE',  ( -1.251975384727201669E-16, 0.000000000000000000, -1.000000000000000000 ) ) ;
#6805 = VERTEX_POINT ( 'NONE', #6764 ) ;
#6806 = VECTOR ( 'NONE', #51, 1000.000000000000227 ) ;
#6807 = DIRECTION ( 'NONE',  ( -1.000000000000000000, 0.000000000000000000, 0.000000000000000000 ) ) ;
#6808 = AXIS2_PLACEMENT_3D ( 'NONE', #6571, #3853, #6044 ) ;
#6809 = CARTESIAN_POINT ( 'NONE',  ( 1.476984712635663444, -0.6850000000000002753, 0.07373471887023938520 ) ) ;
#6810 = DIRECTION ( 'NONE',  ( -0.000000000000000000, -1.000000000000000000, -0.000000000000000000 ) ) ;
#6811 = ORIENTED_EDGE ( 'NONE', *, *, #5479, .T. ) ;
#6812 = EDGE_CURVE ( 'NONE', #5161, #5317, #3138, .T. ) ;
#6813 = EDGE_CURVE ( 'NONE', #6615, #5477, #3250, .T. ) ;
#6814 =( GEOMETRIC_REPRESENTATION_CONTEXT ( 3 ) GLOBAL_UNCERTAINTY_ASSIGNED_CONTEXT ( ( #2856 ) ) GLOBAL_UNIT_ASSIGNED_CONTEXT ( ( #447, #3762, #984 ) ) REPRESENTATION_CONTEXT ( 'NONE', 'WORKASPACE' ) );
#6815 = VECTOR ( 'NONE', #6665, 1000.000000000000000 ) ;
#6816 = CARTESIAN_POINT ( 'NONE',  ( -1.391402837117597047, 0.6500000000000001332, 0.6151791245819073772 ) ) ;
#6817 = CARTESIAN_POINT ( 'NONE',  ( -0.2069767813201129070, 0.006284080404624399138, 0.1000000000000000056 ) ) ;
#6818 = SURFACE_STYLE_USAGE ( .BOTH. , #5188 ) ;
#6819 = DIRECTION ( 'NONE',  ( 0.000000000000000000, 1.000000000000000000, -0.000000000000000000 ) ) ;
#6820 = CARTESIAN_POINT ( 'NONE',  ( 2.000000000000000000, -0.9350000000000001643, -0.1000000000000000472 ) ) ;
#6821 = CARTESIAN_POINT ( 'NONE',  ( -0.3545950728797003793, 0.1815656432207750637, 0.1000000000000000056 ) ) ;
#6822 = STYLED_ITEM ( 'NONE', ( #5934 ), #3696 ) ;
#6823 = DIRECTION ( 'NONE',  ( -0.000000000000000000, 0.000000000000000000, -1.000000000000000000 ) ) ;
#6824 = ORIENTED_EDGE ( 'NONE', *, *, #6714, .T. ) ;
#6825 = VERTEX_POINT ( 'NONE', #2891 ) ;
#6826 = CARTESIAN_POINT ( 'NONE',  ( -0.1205286323624266825, 0.002119908108458163232, 0.1000000000000000056 ) ) ;
#6827 = CARTESIAN_POINT ( 'NONE',  ( -0.1856165610303621705, 0.1448797226038804065, 0.1000000000000000056 ) ) ;
#6828 = PRESENTATION_STYLE_ASSIGNMENT (( #4316 ) ) ;
#6829 = CARTESIAN_POINT ( 'NONE',  ( -2.000000000000000000, 1.550000000000000044, 0.06000000000000001166 ) ) ;
#6830 = CARTESIAN_POINT ( 'NONE',  ( 0.07873826045363301052, 0.1815656432207750637, 0.1000000000000000056 ) ) ;
#6831 = SURFACE_STYLE_FILL_AREA ( #6505 ) ;
#6832 = VERTEX_POINT ( 'NONE', #3458 ) ;
#6833 = CARTESIAN_POINT ( 'NONE',  ( 0.2823493682848887687, 0.1290304904252070894, 0.000000000000000000 ) ) ;
#6834 = CARTESIAN_POINT ( 'NONE',  ( -0.2109868174863502033, 0.01069714394960501018, 0.1000000000000000056 ) ) ;
#6835 = DIRECTION ( 'NONE',  ( 0.000000000000000000, 0.000000000000000000, 1.000000000000000000 ) ) ;
#6836 = MECHANICAL_DESIGN_GEOMETRIC_PRESENTATION_REPRESENTATION (  '', ( #3953 ), #3841 ) ;
#6837 = EDGE_LOOP ( 'NONE', ( #4614, #6642, #3744, #5293 ) ) ;
#6838 = UNCERTAINTY_MEASURE_WITH_UNIT (LENGTH_MEASURE( 1.000000000000000082E-05 ), #2565, 'distance_accuracy_value', 'NONE');
#6839 = VERTEX_POINT ( 'NONE', #5245 ) ;
#6840 = ORIENTED_EDGE ( 'NONE', *, *, #6523, .T. ) ;
#6841 = SURFACE_SIDE_STYLE ('',( #4549 ) ) ;
#6842 =( GEOMETRIC_REPRESENTATION_CONTEXT ( 3 ) GLOBAL_UNCERTAINTY_ASSIGNED_CONTEXT ( ( #7157 ) ) GLOBAL_UNIT_ASSIGNED_CONTEXT ( ( #4352, #1000, #3240 ) ) REPRESENTATION_CONTEXT ( 'NONE', 'WORKASPACE' ) );
#6843 = PRODUCT_DEFINITION ( 'Î´Öª', '', #7228, #6029 ) ;
#6844 = EDGE_CURVE ( 'NONE', #361, #1595, #2101, .T. ) ;
#6845 = VECTOR ( 'NONE', #501, 1000.000000000000000 ) ;
#6846 = ORIENTED_EDGE ( 'NONE', *, *, #6121, .T. ) ;
#6847 = CARTESIAN_POINT ( 'NONE',  ( -1.675252549177991046, 0.2500000000000001110, -0.1000000000000000056 ) ) ;
#6848 = EDGE_LOOP ( 'NONE', ( #5403, #5369, #732, #5921 ) ) ;
#6849 = VERTEX_POINT ( 'NONE', #3031 ) ;
#6850 = EDGE_CURVE ( 'NONE', #2542, #7006, #625, .T. ) ;
#6851 = PLANE ( 'NONE',  #3652 ) ;
#6852 = EDGE_CURVE ( 'NONE', #1258, #4318, #3059, .T. ) ;
#6853 = VERTEX_POINT ( 'NONE', #5850 ) ;
#6854 = LINE ( 'NONE', #2403, #1337 ) ;
#6855 = CARTESIAN_POINT ( 'NONE',  ( 0.3146356963510689164, 0.08272750219513402836, 0.1000000000000000056 ) ) ;
#6856 = ORIENTED_EDGE ( 'NONE', *, *, #4337, .T. ) ;
#6857 = VERTEX_POINT ( 'NONE', #4173 ) ;
#6858 = CARTESIAN_POINT ( 'NONE',  ( -0.03408225236687983939, 0.07900154065667248926, 0.000000000000000000 ) ) ;
#6859 = VERTEX_POINT ( 'NONE', #1949 ) ;
#6860 = ORIENTED_EDGE ( 'NONE', *, *, #4482, .F. ) ;
#6861 = DIRECTION ( 'NONE',  ( -1.000000000000000000, 0.000000000000000000, -5.930899995426697620E-16 ) ) ;
#6862 = FILL_AREA_STYLE_COLOUR ( '', #743 ) ;
#6863 = MECHANICAL_DESIGN_GEOMETRIC_PRESENTATION_REPRESENTATION (  '', ( #2551 ), #6270 ) ;
#6864 = ORIENTED_EDGE ( 'NONE', *, *, #5883, .F. ) ;
#6865 = STYLED_ITEM ( 'NONE', ( #5865 ), #1855 ) ;
#6866 = CARTESIAN_POINT ( 'NONE',  ( -1.391402837117598157, -1.150000000000000133, 0.4551791245819074017 ) ) ;
#6867 = VECTOR ( 'NONE', #3105, 1000.000000000000000 ) ;
#6868 = CARTESIAN_POINT ( 'NONE',  ( -0.1523864280790177550, 0.1579695370894122763, 0.000000000000000000 ) ) ;
#6869 = FACE_OUTER_BOUND ( 'NONE', #2204, .T. ) ;
#6870 = LINE ( 'NONE', #3457, #2500 ) ;
#6871 =( NAMED_UNIT ( * ) PLANE_ANGLE_UNIT ( ) SI_UNIT ( $, .RADIAN. ) );
#6872 = CARTESIAN_POINT ( 'NONE',  ( -0.1666061393681308178, 0.006745402197129202887, 0.1000000000000000056 ) ) ;
#6873 = DIRECTION ( 'NONE',  ( 1.000000000000000000, 0.000000000000000000, 0.000000000000000000 ) ) ;
#6874 = AXIS2_PLACEMENT_3D ( 'NONE', #4791, #3736, #5367 ) ;
#6875 = CARTESIAN_POINT ( 'NONE',  ( -1.431056404426063855, 0.6500000000000001332, 0.4204321808078594902 ) ) ;
#6876 = LINE ( 'NONE', #4578, #5515 ) ;
#6877 = CARTESIAN_POINT ( 'NONE',  ( 1.391402837117596825, -0.6850000000000002753, 0.4551791245819072906 ) ) ;
#6878 = PRESENTATION_STYLE_ASSIGNMENT (( #3720 ) ) ;
#6879 = AXIS2_PLACEMENT_3D ( 'NONE', #2346, #1218, #5186 ) ;
#6880 = VECTOR ( 'NONE', #7097, 1000.000000000000000 ) ;
#6881 = CARTESIAN_POINT ( 'NONE',  ( 0.2951544265415779189, 0.09858910189179279082, 0.1000000000000000056 ) ) ;
#6882 = CARTESIAN_POINT ( 'NONE',  ( 0.1273895941118472486, 0.1542851387195345592, -1.355252715606880543E-17 ) ) ;
#6883 = PRESENTATION_STYLE_ASSIGNMENT (( #2947 ) ) ;
#6884 = CARTESIAN_POINT ( 'NONE',  ( 1.431056404426063855, 1.550000000000000266, 0.4204321808078592682 ) ) ;
#6885 = EDGE_CURVE ( 'NONE', #6324, #5161, #5639, .T. ) ;
#6886 = CARTESIAN_POINT ( 'NONE',  ( 1.391402837117597047, 1.550000000000000266, 0.6151791245819069331 ) ) ;
#6887 = LINE ( 'NONE', #676, #5607 ) ;
#6888 = STYLED_ITEM ( 'NONE', ( #5565 ), #6533 ) ;
#6889 = EDGE_CURVE ( 'NONE', #6825, #2386, #5283, .T. ) ;
#6890 = ADVANCED_FACE ( 'NONE', ( #978 ), #4309, .T. ) ;
#6891 = CARTESIAN_POINT ( 'NONE',  ( 1.195841330124230328, 1.848713354649297980, -0.1563026035433501548 ) ) ;
#6892 = EDGE_LOOP ( 'NONE', ( #3020, #1537, #5650, #7121 ) ) ;
#6893 =( NAMED_UNIT ( * ) SI_UNIT ( $, .STERADIAN. ) SOLID_ANGLE_UNIT ( ) );
#6894 = CARTESIAN_POINT ( 'NONE',  ( 0.2426408913566373005, 0.1598809232732718855, -1.355252715606880543E-17 ) ) ;
#6895 = DIRECTION ( 'NONE',  ( 0.000000000000000000, 0.000000000000000000, -1.000000000000000000 ) ) ;
#6896 =( NAMED_UNIT ( * ) PLANE_ANGLE_UNIT ( ) SI_UNIT ( $, .RADIAN. ) );
#6897 = DIRECTION ( 'NONE',  ( -1.251975384727201669E-16, 0.000000000000000000, -1.000000000000000000 ) ) ;
#6898 = VERTEX_POINT ( 'NONE', #2877 ) ;
#6899 =( NAMED_UNIT ( * ) SI_UNIT ( $, .STERADIAN. ) SOLID_ANGLE_UNIT ( ) );
#6900 = CARTESIAN_POINT ( 'NONE',  ( 0.2070235168638894507, 0.1866938483489801737, -1.355252715606880543E-17 ) ) ;
#6901 =( NAMED_UNIT ( * ) PLANE_ANGLE_UNIT ( ) SI_UNIT ( $, .RADIAN. ) );
#6902 = ORIENTED_EDGE ( 'NONE', *, *, #6844, .T. ) ;
#6903 = CARTESIAN_POINT ( 'NONE',  ( 0.07873826045363301052, -0.01843435677922496130, 0.1000000000000000056 ) ) ;
#6904 = LINE ( 'NONE', #4225, #1579 ) ;
#6905 = CARTESIAN_POINT ( 'NONE',  ( 0.2067831322485048640, -0.02356256190743009210, 0.1000000000000000056 ) ) ;
#6906 = EDGE_LOOP ( 'NONE', ( #3445, #3510, #2550, #3084 ) ) ;
#6907 = CARTESIAN_POINT ( 'NONE',  ( -0.1019909062130336941, 0.1610528227079545405, 0.000000000000000000 ) ) ;
#6908 = ADVANCED_FACE ( 'NONE', ( #112 ), #278, .T. ) ;
#6909 = MECHANICAL_DESIGN_GEOMETRIC_PRESENTATION_REPRESENTATION (  '', ( #933 ), #6049 ) ;
#6910 = PRESENTATION_STYLE_ASSIGNMENT (( #3359 ) ) ;
#6911 = CARTESIAN_POINT ( 'NONE',  ( 0.2141409855591870914, 0.1661119913575085649, -1.355252715606880543E-17 ) ) ;
#6912 = ADVANCED_FACE ( 'NONE', ( #791 ), #280, .F. ) ;
#6913 = CARTESIAN_POINT ( 'NONE',  ( 1.391402837117596825, -0.9350000000000001643, 0.4551791245819072906 ) ) ;
#6914 = DIRECTION ( 'NONE',  ( 0.000000000000000000, -0.000000000000000000, 1.000000000000000000 ) ) ;
#6915 =( GEOMETRIC_REPRESENTATION_CONTEXT ( 3 ) GLOBAL_UNCERTAINTY_ASSIGNED_CONTEXT ( ( #2180 ) ) GLOBAL_UNIT_ASSIGNED_CONTEXT ( ( #3097, #3665, #420 ) ) REPRESENTATION_CONTEXT ( 'NONE', 'WORKASPACE' ) );
#6916 = VERTEX_POINT ( 'NONE', #4775 ) ;
#6917 = DIRECTION ( 'NONE',  ( 0.000000000000000000, -0.000000000000000000, -1.000000000000000000 ) ) ;
#6918 = ADVANCED_FACE ( 'NONE', ( #2017 ), #3620, .F. ) ;
#6919 = DIRECTION ( 'NONE',  ( 0.000000000000000000, 0.000000000000000000, 1.000000000000000000 ) ) ;
#6920 = VECTOR ( 'NONE', #15, 1000.000000000000000 ) ;
#6921 = SURFACE_STYLE_FILL_AREA ( #6135 ) ;
#6922 = ORIENTED_EDGE ( 'NONE', *, *, #6939, .T. ) ;
#6923 = CARTESIAN_POINT ( 'NONE',  ( -1.391402837117597047, 1.550000000000000044, 0.6151791245819073772 ) ) ;
#6924 = UNCERTAINTY_MEASURE_WITH_UNIT (LENGTH_MEASURE( 1.000000000000000082E-05 ), #191, 'distance_accuracy_value', 'NONE');
#6925 = ORIENTED_EDGE ( 'NONE', *, *, #1782, .T. ) ;
#6926 = PLANE ( 'NONE',  #3888 ) ;
#6927 = DIRECTION ( 'NONE',  ( -1.000000000000000000, 0.000000000000000000, 0.000000000000000000 ) ) ;
#6928 = ORIENTED_EDGE ( 'NONE', *, *, #708, .F. ) ;
#6929 = CARTESIAN_POINT ( 'NONE',  ( 1.391402837117598157, -0.1350000000000001477, 0.4151791245819071996 ) ) ;
#6930 = FILL_AREA_STYLE ('',( #4638 ) ) ;
#6931 =( GEOMETRIC_REPRESENTATION_CONTEXT ( 3 ) GLOBAL_UNCERTAINTY_ASSIGNED_CONTEXT ( ( #3257 ) ) GLOBAL_UNIT_ASSIGNED_CONTEXT ( ( #3582, #6901, #747 ) ) REPRESENTATION_CONTEXT ( 'NONE', 'WORKASPACE' ) );
#6932 = VERTEX_POINT ( 'NONE', #2571 ) ;
#6933 = ORIENTED_EDGE ( 'NONE', *, *, #2631, .T. ) ;
#6934 = FILL_AREA_STYLE ('',( #3022 ) ) ;
#6935 = SURFACE_STYLE_USAGE ( .BOTH. , #5836 ) ;
#6936 = SURFACE_STYLE_USAGE ( .BOTH. , #4160 ) ;
#6937 = ORIENTED_EDGE ( 'NONE', *, *, #5437, .T. ) ;
#6938 = ORIENTED_EDGE ( 'NONE', *, *, #6578, .F. ) ;
#6939 = EDGE_CURVE ( 'NONE', #5287, #1582, #1500, .T. ) ;
#6940 = FILL_AREA_STYLE ('',( #2310 ) ) ;
#6941 = COLOUR_RGB ( '',0.7960784313725489669, 0.8235294117647058432, 0.9372549019607843146 ) ;
#6942 = CARTESIAN_POINT ( 'NONE',  ( -0.03408225236687983939, -0.01843435677922496130, 0.000000000000000000 ) ) ;
#6943 = DIRECTION ( 'NONE',  ( -1.000000000000000000, 0.000000000000000000, -1.355252715606876993E-15 ) ) ;
#6944 = EDGE_CURVE ( 'NONE', #7004, #2043, #5800, .T. ) ;
#6945 = SURFACE_SIDE_STYLE ('',( #6535 ) ) ;
#6946 = DIRECTION ( 'NONE',  ( 0.1313264056488086529, -0.000000000000000000, 0.9913391827116310173 ) ) ;
#6947 = CARTESIAN_POINT ( 'NONE',  ( 1.391402837117598157, 0.9500000000000000666, 0.4151791245819071996 ) ) ;
#6948 = FACE_OUTER_BOUND ( 'NONE', #2756, .T. ) ;
#6949 = VERTEX_POINT ( 'NONE', #1366 ) ;
#6950 = LINE ( 'NONE', #942, #7037 ) ;
#6951 = PLANE ( 'NONE',  #5052 ) ;
#6952 = CARTESIAN_POINT ( 'NONE',  ( 0.2426408913566373005, 0.1598809232732718855, 0.1000000000000000056 ) ) ;
#6953 = CARTESIAN_POINT ( 'NONE',  ( 0.1511660349842321727, 0.1728548964183608261, 0.1000000000000000056 ) ) ;
#6954 =( NAMED_UNIT ( * ) PLANE_ANGLE_UNIT ( ) SI_UNIT ( $, .RADIAN. ) );
#6955 = EDGE_LOOP ( 'NONE', ( #5710, #3837, #2981, #5919 ) ) ;
#6956 = ORIENTED_EDGE ( 'NONE', *, *, #3305, .F. ) ;
#6957 = FACE_OUTER_BOUND ( 'NONE', #5917, .T. ) ;
#6958 = ADVANCED_FACE ( 'NONE', ( #7091 ), #6487, .T. ) ;
#6959 = AXIS2_PLACEMENT_3D ( 'NONE', #5848, #5414, #2624 ) ;
#6960 = CARTESIAN_POINT ( 'NONE',  ( 0.1461269828616128252, 0.1440492768715153360, 0.1000000000000000056 ) ) ;
#6961 = FACE_OUTER_BOUND ( 'NONE', #1257, .T. ) ;
#6962 =( NAMED_UNIT ( * ) PLANE_ANGLE_UNIT ( ) SI_UNIT ( $, .RADIAN. ) );
#6963 = CARTESIAN_POINT ( 'NONE',  ( -0.4299556498027773399, -0.01843435677922496130, 0.1000000000000000056 ) ) ;
#6964 = COLOUR_RGB ( '',0.1960784313725490169, 0.1960784313725490169, 0.1960784313725490169 ) ;
#6965 =( NAMED_UNIT ( * ) PLANE_ANGLE_UNIT ( ) SI_UNIT ( $, .RADIAN. ) );
#6966 =( LENGTH_UNIT ( ) NAMED_UNIT ( * ) SI_UNIT ( .MILLI., .METRE. ) );
#6967 = UNCERTAINTY_MEASURE_WITH_UNIT (LENGTH_MEASURE( 1.000000000000000082E-05 ), #7200, 'distance_accuracy_value', 'NONE');
#6968 = DIRECTION ( 'NONE',  ( 0.000000000000000000, 1.000000000000000000, 0.000000000000000000 ) ) ;
#6969 = DIRECTION ( 'NONE',  ( -1.000000000000000000, 0.000000000000000000, -0.000000000000000000 ) ) ;
#6970 = CIRCLE ( 'NONE', #6290, 0.1738894337313157124 ) ;
#6971 = CARTESIAN_POINT ( 'NONE',  ( 0.2903184904454056414, 0.1145204178748221446, 0.1000000000000000056 ) ) ;
#6972 = CARTESIAN_POINT ( 'NONE',  ( 0.1409076820002939101, 0.1662428147583187021, -1.355252715606880543E-17 ) ) ;
#6973 = FILL_AREA_STYLE_COLOUR ( '', #6460 ) ;
#6974 = STYLED_ITEM ( 'NONE', ( #1997 ), #1376 ) ;
#6975 = PRESENTATION_STYLE_ASSIGNMENT (( #6683 ) ) ;
#6976 = DIRECTION ( 'NONE',  ( 4.173251282424003099E-16, 0.000000000000000000, -1.000000000000000000 ) ) ;
#6977 = PRESENTATION_LAYER_ASSIGNMENT (  '', '', ( #6114 ) ) ;
#6978 = EDGE_CURVE ( 'NONE', #623, #1146, #193, .T. ) ;
#6979 = FACE_OUTER_BOUND ( 'NONE', #6436, .T. ) ;
#6980 = CARTESIAN_POINT ( 'NONE',  ( 0.1273895941118472486, 0.1542851387195345592, 0.1000000000000000056 ) ) ;
#6981 = EDGE_CURVE ( 'NONE', #5180, #4754, #2170, .T. ) ;
#6982 = CARTESIAN_POINT ( 'NONE',  ( -0.1935382043035081823, -0.004699585229038461855, 0.000000000000000000 ) ) ;
#6983 = VECTOR ( 'NONE', #5926, 1000.000000000000000 ) ;
#6984 = CARTESIAN_POINT ( 'NONE',  ( 0.2951544265415779189, 0.09858910189179279082, -1.355252715606880543E-17 ) ) ;
#6985 = DIRECTION ( 'NONE',  ( 1.000000000000000000, 0.000000000000000000, -0.000000000000000000 ) ) ;
#6986 = CARTESIAN_POINT ( 'NONE',  ( 1.300000000000000044, 1.550000000000000266, 0.4551791245819071796 ) ) ;
#6987 = CARTESIAN_POINT ( 'NONE',  ( 2.000000000000000000, -0.6850000000000001643, 0.05999999999999998390 ) ) ;
#6988 =( LENGTH_UNIT ( ) NAMED_UNIT ( * ) SI_UNIT ( .MILLI., .METRE. ) );
#6989 = ADVANCED_FACE ( 'NONE', ( #1491, #2717, #1233, #700, #4304, #2808 ), #5335, .F. ) ;
#6990 = CARTESIAN_POINT ( 'NONE',  ( 0.2966869784023509760, 0.08136532270795453214, 0.000000000000000000 ) ) ;
#6991 = ORIENTED_EDGE ( 'NONE', *, *, #6655, .T. ) ;
#6992 = ORIENTED_EDGE ( 'NONE', *, *, #3489, .F. ) ;
#6993 = CARTESIAN_POINT ( 'NONE',  ( -1.589670673659924871, 1.550000000000000044, 0.4414444057116680975 ) ) ;
#6994 = DIRECTION ( 'NONE',  ( -0.4190581774617470057, -0.9079593845004517716, 0.000000000000000000 ) ) ;
#6995 = CARTESIAN_POINT ( 'NONE',  ( 1.589670673659924649, -0.1350000000000001477, 0.4414444057116678755 ) ) ;
#6996 = EDGE_CURVE ( 'NONE', #5983, #570, #5278, .T. ) ;
#6997 = STYLED_ITEM ( 'NONE', ( #3410 ), #5884 ) ;
#6998 = CARTESIAN_POINT ( 'NONE',  ( -0.08792840621303361914, 0.1610528227079545405, 0.000000000000000000 ) ) ;
#6999 = AXIS2_PLACEMENT_3D ( 'NONE', #1785, #6228, #6204 ) ;
#7000 = EDGE_LOOP ( 'NONE', ( #2146, #5662, #5758, #2044 ) ) ;
#7001 =( LENGTH_UNIT ( ) NAMED_UNIT ( * ) SI_UNIT ( .MILLI., .METRE. ) );
#7002 = CARTESIAN_POINT ( 'NONE',  ( 0.3104968659822797128, 0.1137413153520359099, 0.000000000000000000 ) ) ;
#7003 = CARTESIAN_POINT ( 'NONE',  ( 2.000000000000000444, -1.949999999999999956, 0.4551791245819071796 ) ) ;
#7004 = VERTEX_POINT ( 'NONE', #425 ) ;
#7005 =( GEOMETRIC_REPRESENTATION_CONTEXT ( 3 ) GLOBAL_UNCERTAINTY_ASSIGNED_CONTEXT ( ( #1024 ) ) GLOBAL_UNIT_ASSIGNED_CONTEXT ( ( #675, #4076, #2323 ) ) REPRESENTATION_CONTEXT ( 'NONE', 'WORKASPACE' ) );
#7006 = VERTEX_POINT ( 'NONE', #4924 ) ;
#7007 = VERTEX_POINT ( 'NONE', #7113 ) ;
#7008 = DIRECTION ( 'NONE',  ( -0.000000000000000000, -1.000000000000000000, -0.000000000000000000 ) ) ;
#7009 = CARTESIAN_POINT ( 'NONE',  ( 0.2081453117356843185, 0.1661810278361596782, 0.1000000000000000056 ) ) ;
#7010 = CARTESIAN_POINT ( 'NONE',  ( -0.1622326260845571855, 0.1776266469913774793, 0.1000000000000000056 ) ) ;
#7011 =( GEOMETRIC_REPRESENTATION_CONTEXT ( 3 ) GLOBAL_UNCERTAINTY_ASSIGNED_CONTEXT ( ( #3571 ) ) GLOBAL_UNIT_ASSIGNED_CONTEXT ( ( #1499, #4928, #7090 ) ) REPRESENTATION_CONTEXT ( 'NONE', 'WORKASPACE' ) );
#7012 = ORIENTED_EDGE ( 'NONE', *, *, #1706, .F. ) ;
#7013 = FILL_AREA_STYLE ('',( #1900 ) ) ;
#7014 = DIRECTION ( 'NONE',  ( 0.9913391827116311283, 0.000000000000000000, -0.1313264056488086529 ) ) ;
#7015 = EDGE_LOOP ( 'NONE', ( #2730, #2576, #3119, #6658 ) ) ;
#7016 =( GEOMETRIC_REPRESENTATION_CONTEXT ( 3 ) GLOBAL_UNCERTAINTY_ASSIGNED_CONTEXT ( ( #3795 ) ) GLOBAL_UNIT_ASSIGNED_CONTEXT ( ( #5318, #1284, #4654 ) ) REPRESENTATION_CONTEXT ( 'NONE', 'WORKASPACE' ) );
#7017 = CARTESIAN_POINT ( 'NONE',  ( 0.1933852950483345157, -0.02292943110077198463, 0.1000000000000000056 ) ) ;
#7018 = CARTESIAN_POINT ( 'NONE',  ( 0.1426292300737510010, 0.02242336087043520290, 0.000000000000000000 ) ) ;
#7019 = AXIS2_PLACEMENT_3D ( 'NONE', #2210, #2133, #4955 ) ;
#7020 = EDGE_CURVE ( 'NONE', #6338, #4188, #4494, .T. ) ;
#7021 = ORIENTED_EDGE ( 'NONE', *, *, #5168, .F. ) ;
#7022 = FILL_AREA_STYLE_COLOUR ( '', #5176 ) ;
#7023 = ORIENTED_EDGE ( 'NONE', *, *, #898, .F. ) ;
#7024 = EDGE_LOOP ( 'NONE', ( #564, #5888, #2561, #68 ) ) ;
#7025 = DIRECTION ( 'NONE',  ( -0.000000000000000000, -1.000000000000000000, -0.000000000000000000 ) ) ;
#7026 = ADVANCED_FACE ( 'NONE', ( #973 ), #5510, .F. ) ;
#7027 = ORIENTED_EDGE ( 'NONE', *, *, #5422, .F. ) ;
#7028 = CARTESIAN_POINT ( 'NONE',  ( 2.000000000000000444, -1.874603525433343743, 0.000000000000000000 ) ) ;
#7029 = EDGE_LOOP ( 'NONE', ( #3504, #5209, #5387, #3537 ) ) ;
#7030 = DIRECTION ( 'NONE',  ( 0.000000000000000000, 0.000000000000000000, -1.000000000000000000 ) ) ;
#7031 = DIRECTION ( 'NONE',  ( -0.000000000000000000, -1.000000000000000000, -0.000000000000000000 ) ) ;
#7032 = EDGE_CURVE ( 'NONE', #6432, #5748, #2284, .T. ) ;
#7033 = CARTESIAN_POINT ( 'NONE',  ( 0.2728465488453933885, -0.003941050346287836709, -0.000000000000000000 ) ) ;
#7034 = VERTEX_POINT ( 'NONE', #2694 ) ;
#7035 = DIRECTION ( 'NONE',  ( 0.9913391827116311283, -0.000000000000000000, 0.1313264056488087639 ) ) ;
#7036 = CARTESIAN_POINT ( 'NONE',  ( -0.2340822523668798227, 0.07904160475923659168, 0.1000000000000000056 ) ) ;
#7037 = VECTOR ( 'NONE', #5892, 1000.000000000000114 ) ;
#7038 = CARTESIAN_POINT ( 'NONE',  ( 0.3128865114789359803, 0.1037898068461355627, -1.355252715606880543E-17 ) ) ;
#7039 = CARTESIAN_POINT ( 'NONE',  ( 0.2904293649389135257, 0.04822417805626384724, 0.000000000000000000 ) ) ;
#7040 = CARTESIAN_POINT ( 'NONE',  ( 0.1869069822430086958, -0.02211687825250028411, 0.1000000000000000056 ) ) ;
#7041 = B_SPLINE_SURFACE_WITH_KNOTS ( 'NONE', 3, 1, ( 
 ( #1562, #5624 ),
 ( #1059, #2736 ),
 ( #6726, #6632 ),
 ( #3308, #1112 ),
 ( #4469, #47 ),
 ( #1614, #2196 ),
 ( #3948, #1661 ),
 ( #3380, #3351 ),
 ( #2706, #5550 ),
 ( #4970, #22 ),
 ( #4523, #6076 ),
 ( #2173, #6678 ),
 ( #6651, #7212 ),
 ( #4446, #3925 ),
 ( #592, #3274 ),
 ( #7243, #489 ),
 ( #1585, #5044 ),
 ( #4414, #3325 ),
 ( #3864, #567 ) ),
 .UNSPECIFIED., .F., .F., .F.,
 ( 4, 1, 1, 1, 1, 1, 1, 1, 1, 1, 1, 1, 1, 1, 1, 1, 4 ),
 ( 2, 2 ),
 ( 0.000000000000000000, 0.06154496601632404584, 0.1216942964020306106, 0.1811548554526335730, 0.2398753889119565608, 0.2987019424504289145, 0.3576474237092014397, 0.4176048428493668307, 0.4784940407282909924, 0.5404070506371329019, 0.6023449938728032693, 0.6650043279232339399, 0.7285593088233761616, 0.7936505420268855637, 0.8605342675902675209, 0.9292359605619637808, 1.000000000000000000 ),
 ( 0.000000000000000000, 1.000000000000000000 ),
 .UNSPECIFIED. ) ;
#7042 =( NAMED_UNIT ( * ) PLANE_ANGLE_UNIT ( ) SI_UNIT ( $, .RADIAN. ) );
#7043 = PRESENTATION_STYLE_ASSIGNMENT (( #2579 ) ) ;
#7044 = CARTESIAN_POINT ( 'NONE',  ( -0.1881040465074827750, 0.01719448683989427060, 0.1000000000000000056 ) ) ;
#7045 = FILL_AREA_STYLE_COLOUR ( '', #2938 ) ;
#7046 = CIRCLE ( 'NONE', #5817, 0.1999999999999999833 ) ;
#7047 = SURFACE_SIDE_STYLE ('',( #3639 ) ) ;
#7048 = COLOUR_RGB ( '',0.1960784313725490169, 0.1960784313725490169, 0.1960784313725490169 ) ;
#7049 = LINE ( 'NONE', #6409, #673 ) ;
#7050 = LINE ( 'NONE', #1506, #6880 ) ;
#7051 = VECTOR ( 'NONE', #4041, 1000.000000000000000 ) ;
#7052 = PLANE ( 'NONE',  #5135 ) ;
#7053 = CARTESIAN_POINT ( 'NONE',  ( 2.000000000000000000, 1.853522474313895163, 1.100000000000000089 ) ) ;
#7054 = LINE ( 'NONE', #3306, #3742 ) ;
#7055 = UNCERTAINTY_MEASURE_WITH_UNIT (LENGTH_MEASURE( 1.000000000000000082E-05 ), #6136, 'distance_accuracy_value', 'NONE');
#7056 = ORIENTED_EDGE ( 'NONE', *, *, #3573, .F. ) ;
#7057 = VECTOR ( 'NONE', #5739, 1000.000000000000114 ) ;
#7058 = CARTESIAN_POINT ( 'NONE',  ( 0.2131876669430445848, -0.02351798759933488789, 0.000000000000000000 ) ) ;
#7059 = CARTESIAN_POINT ( 'NONE',  ( -0.3545950728797003793, 0.1815656432207750637, 0.000000000000000000 ) ) ;
#7060 = FILL_AREA_STYLE_COLOUR ( '', #35 ) ;
#7061 = CARTESIAN_POINT ( 'NONE',  ( -0.2340822523668798227, 0.07904160475923659168, 5.421010862427522170E-17 ) ) ;
#7062 = CARTESIAN_POINT ( 'NONE',  ( 0.2677694538203544417, 0.1699728774658274821, -1.355252715606880543E-17 ) ) ;
#7063 = ADVANCED_FACE ( 'NONE', ( #2890 ), #966, .F. ) ;
#7064 = SURFACE_SIDE_STYLE ('',( #553 ) ) ;
#7065 = COLOUR_RGB ( '',0.7960784313725489669, 0.8235294117647058432, 0.9372549019607843146 ) ;
#7066 = STYLED_ITEM ( 'NONE', ( #4634 ), #3553 ) ;
#7067 = CARTESIAN_POINT ( 'NONE',  ( 0.1965394732468539463, -0.002763301263726596676, 0.000000000000000000 ) ) ;
#7068 = DIRECTION ( 'NONE',  ( -0.000000000000000000, -1.000000000000000000, -0.000000000000000000 ) ) ;
#7069 =( NAMED_UNIT ( * ) PLANE_ANGLE_UNIT ( ) SI_UNIT ( $, .RADIAN. ) );
#7070 = ORIENTED_EDGE ( 'NONE', *, *, #6059, .T. ) ;
#7071 = CIRCLE ( 'NONE', #1404, 0.1999999999999999833 ) ;
#7072 = PRESENTATION_LAYER_ASSIGNMENT (  '', '', ( #3387 ) ) ;
#7073 = EDGE_CURVE ( 'NONE', #3610, #5287, #5025, .T. ) ;
#7074 = B_SPLINE_CURVE_WITH_KNOTS ( 'NONE', 3,
 ( #2243, #5616, #6170, #555, #6715, #3367, #4484, #38, #3936, #2772, #6695 ),
 .UNSPECIFIED., .F., .F.,
 ( 4, 1, 1, 1, 1, 1, 1, 1, 4 ),
 ( 0.000000000000000000, 0.1243285095938499452, 0.2471560163611868921, 0.3687797492913396646, 0.4907338624016479578, 0.6136137718478438252, 0.7389575757222155428, 0.8673105751912625339, 1.000000000000000000 ),
 .UNSPECIFIED. ) ;
#7075 = VECTOR ( 'NONE', #4251, 1000.000000000000000 ) ;
#7076 = B_SPLINE_SURFACE_WITH_KNOTS ( 'NONE', 3, 1, ( 
 ( #1536, #4969 ),
 ( #3193, #3273 ),
 ( #3247, #7137 ),
 ( #6030, #5530 ),
 ( #7105, #4412 ),
 ( #2147, #4939 ),
 ( #6075, #6630 ),
 ( #3761, #442 ),
 ( #7184, #5505 ),
 ( #4900, #6052 ),
 ( #418, #2689 ) ),
 .UNSPECIFIED., .F., .F., .F.,
 ( 4, 1, 1, 1, 1, 1, 1, 1, 4 ),
 ( 2, 2 ),
 ( 0.000000000000000000, 0.1243285095938499452, 0.2471560163611868921, 0.3687797492913396646, 0.4907338624016479578, 0.6136137718478438252, 0.7389575757222155428, 0.8673105751912625339, 1.000000000000000000 ),
 ( 0.000000000000000000, 1.000000000000000000 ),
 .UNSPECIFIED. ) ;
#7077 = EDGE_CURVE ( 'NONE', #1322, #5643, #1672, .T. ) ;
#7078 = ORIENTED_EDGE ( 'NONE', *, *, #2586, .F. ) ;
#7079 =( LENGTH_UNIT ( ) NAMED_UNIT ( * ) SI_UNIT ( .MILLI., .METRE. ) );
#7080 = ORIENTED_EDGE ( 'NONE', *, *, #5393, .F. ) ;
#7081 = FILL_AREA_STYLE ('',( #1613 ) ) ;
#7082 = EDGE_CURVE ( 'NONE', #6262, #3438, #5963, .T. ) ;
#7083 = CARTESIAN_POINT ( 'NONE',  ( 0.2903184904454056414, 0.1145204178748221446, -1.355252715606880543E-17 ) ) ;
#7084 =( NAMED_UNIT ( * ) SI_UNIT ( $, .STERADIAN. ) SOLID_ANGLE_UNIT ( ) );
#7085 =( LENGTH_UNIT ( ) NAMED_UNIT ( * ) SI_UNIT ( .MILLI., .METRE. ) );
#7086 = CARTESIAN_POINT ( 'NONE',  ( -0.03408225236687983939, 0.1610528227079545405, 0.1000000000000000056 ) ) ;
#7087 = ORIENTED_EDGE ( 'NONE', *, *, #2687, .F. ) ;
#7088 = CARTESIAN_POINT ( 'NONE',  ( 0.3146356963510689164, 0.08272750219513402836, 0.000000000000000000 ) ) ;
#7089 = CARTESIAN_POINT ( 'NONE',  ( 1.589670673659924871, 0.9500000000000000666, 0.4414444057116678755 ) ) ;
#7090 =( NAMED_UNIT ( * ) SI_UNIT ( $, .STERADIAN. ) SOLID_ANGLE_UNIT ( ) );
#7091 = FACE_OUTER_BOUND ( 'NONE', #1857, .T. ) ;
#7092 = CARTESIAN_POINT ( 'NONE',  ( 0.1235495234876483051, 0.01350005872304492482, 0.000000000000000000 ) ) ;
#7093 = VECTOR ( 'NONE', #2498, 1000.000000000000000 ) ;
#7094 = CARTESIAN_POINT ( 'NONE',  ( -0.1141839010245510183, 0.002092640669256565309, 0.000000000000000000 ) ) ;
#7095 = VERTEX_POINT ( 'NONE', #4294 ) ;
#7096 = CARTESIAN_POINT ( 'NONE',  ( -0.3097232780079054448, 0.04566820732333915639, 0.000000000000000000 ) ) ;
#7097 = DIRECTION ( 'NONE',  ( -0.000000000000000000, -0.000000000000000000, -1.000000000000000000 ) ) ;
#7098 = AXIS2_PLACEMENT_3D ( 'NONE', #3298, #393, #4306 ) ;
#7099 = SURFACE_STYLE_FILL_AREA ( #6236 ) ;
#7100 = CARTESIAN_POINT ( 'NONE',  ( 0.2677694538203544417, 0.1699728774658274821, 0.000000000000000000 ) ) ;
#7101 = ORIENTED_EDGE ( 'NONE', *, *, #1706, .T. ) ;
#7102 = ADVANCED_FACE ( 'NONE', ( #1755 ), #5410, .F. ) ;
#7103 = ORIENTED_EDGE ( 'NONE', *, *, #4673, .F. ) ;
#7104 = ORIENTED_EDGE ( 'NONE', *, *, #5026, .T. ) ;
#7105 = CARTESIAN_POINT ( 'NONE',  ( 0.3048838256615918341, 0.03523351902871721397, 0.1000000000000000056 ) ) ;
#7106 = FACE_OUTER_BOUND ( 'NONE', #3783, .T. ) ;
#7107 = PRESENTATION_LAYER_ASSIGNMENT (  '', '', ( #3598 ) ) ;
#7108 = VERTEX_POINT ( 'NONE', #3839 ) ;
#7109 = ORIENTED_EDGE ( 'NONE', *, *, #2004, .F. ) ;
#7110 = ORIENTED_EDGE ( 'NONE', *, *, #116, .T. ) ;
#7111 = CARTESIAN_POINT ( 'NONE',  ( 0.1210277934724808407, 0.01675378479585310290, 0.1000000000000000056 ) ) ;
#7112 = DIRECTION ( 'NONE',  ( -0.000000000000000000, -1.000000000000000000, -0.000000000000000000 ) ) ;
#7113 = CARTESIAN_POINT ( 'NONE',  ( -0.03408225236687983939, 0.1610528227079545405, 0.000000000000000000 ) ) ;
#7114 = CARTESIAN_POINT ( 'NONE',  ( -0.2214953788350352004, 0.02615052236484502815, 0.1000000000000000056 ) ) ;
#7115 = MECHANICAL_DESIGN_GEOMETRIC_PRESENTATION_REPRESENTATION (  '', ( #4524 ), #4907 ) ;
#7116 = DIRECTION ( 'NONE',  ( 0.000000000000000000, 0.000000000000000000, 1.000000000000000000 ) ) ;
#7117 = CARTESIAN_POINT ( 'NONE',  ( 0.2089341989375164410, -0.02354759090424213275, 0.1000000000000000056 ) ) ;
#7118 = VERTEX_POINT ( 'NONE', #5082 ) ;
#7119 = CARTESIAN_POINT ( 'NONE',  ( -2.000000000000000000, -1.150000000000000133, 0.06000000000000001166 ) ) ;
#7120 = PRESENTATION_STYLE_ASSIGNMENT (( #4142 ) ) ;
#7121 = ORIENTED_EDGE ( 'NONE', *, *, #444, .T. ) ;
#7122 = EDGE_CURVE ( 'NONE', #3000, #37, #183, .T. ) ;
#7123 = ORIENTED_EDGE ( 'NONE', *, *, #214, .F. ) ;
#7124 = B_SPLINE_SURFACE_WITH_KNOTS ( 'NONE', 3, 1, ( 
 ( #2635, #6550 ),
 ( #3185, #7234 ),
 ( #2189, #434 ),
 ( #3267, #2656 ),
 ( #4406, #2219 ),
 ( #7178, #533 ),
 ( #5545, #2138 ),
 ( #7154, #1052 ),
 ( #6572, #4987 ),
 ( #6067, #3241 ),
 ( #5522, #3885 ) ),
 .UNSPECIFIED., .F., .F., .F.,
 ( 4, 1, 1, 1, 1, 1, 1, 1, 4 ),
 ( 2, 2 ),
 ( 0.000000000000000000, 0.1642892164747606909, 0.3174059112304910002, 0.4588436116410199439, 0.5893665423053090491, 0.7078313187781720695, 0.8157700306990054440, 0.9128799029021265055, 1.000000000000000000 ),
 ( 0.000000000000000000, 1.000000000000000000 ),
 .UNSPECIFIED. ) ;
#7125 = UNCERTAINTY_MEASURE_WITH_UNIT (LENGTH_MEASURE( 1.000000000000000082E-05 ), #4747, 'distance_accuracy_value', 'NONE');
#7126 = CARTESIAN_POINT ( 'NONE',  ( -0.1108851369822644178, 0.002078463733595553239, 0.1000000000000000056 ) ) ;
#7127 = MECHANICAL_DESIGN_GEOMETRIC_PRESENTATION_REPRESENTATION (  '', ( #2009 ), #5276 ) ;
#7128 = EDGE_CURVE ( 'NONE', #1595, #3636, #1662, .T. ) ;
#7129 =( NAMED_UNIT ( * ) SI_UNIT ( $, .STERADIAN. ) SOLID_ANGLE_UNIT ( ) );
#7130 = CARTESIAN_POINT ( 'NONE',  ( -0.2044497500191223560, 0.1558151439603040200, 0.1000000000000000056 ) ) ;
#7131 = FACE_OUTER_BOUND ( 'NONE', #7000, .T. ) ;
#7132 = FILL_AREA_STYLE ('',( #6004 ) ) ;
#7133 = VERTEX_POINT ( 'NONE', #4473 ) ;
#7134 = VECTOR ( 'NONE', #5314, 1000.000000000000000 ) ;
#7135 = SURFACE_STYLE_FILL_AREA ( #62 ) ;
#7136 = ORIENTED_EDGE ( 'NONE', *, *, #5783, .F. ) ;
#7137 = CARTESIAN_POINT ( 'NONE',  ( 0.2953253548752818314, 0.01884756530675891356, 0.000000000000000000 ) ) ;
#7138 = LINE ( 'NONE', #6142, #4902 ) ;
#7139 = CARTESIAN_POINT ( 'NONE',  ( 0.1933852950483345157, -0.02292943110077198463, 0.1000000000000000056 ) ) ;
#7140 = CARTESIAN_POINT ( 'NONE',  ( 1.675252549177991046, -0.1350000000000001477, -0.09999999999999997780 ) ) ;
#7141 =( NAMED_UNIT ( * ) PLANE_ANGLE_UNIT ( ) SI_UNIT ( $, .RADIAN. ) );
#7142 = CARTESIAN_POINT ( 'NONE',  ( -0.1641960412718617701, -0.01580444149800075068, 0.1000000000000000056 ) ) ;
#7143 = CARTESIAN_POINT ( 'NONE',  ( 0.2840486623454269166, 0.1568102742446508824, 0.1000000000000000056 ) ) ;
#7144 = ADVANCED_FACE ( 'NONE', ( #5790 ), #3928, .F. ) ;
#7145 = CARTESIAN_POINT ( 'NONE',  ( -0.2055682008887697865, 0.1226422366961386345, 8.131516293641283255E-17 ) ) ;
#7146 = SURFACE_STYLE_FILL_AREA ( #1393 ) ;
#7147 = CARTESIAN_POINT ( 'NONE',  ( 1.675252549177991046, -0.1350000000000001477, -0.09999999999999997780 ) ) ;
#7148 = EDGE_CURVE ( 'NONE', #551, #3987, #2361, .T. ) ;
#7149 = FACE_OUTER_BOUND ( 'NONE', #3135, .T. ) ;
#7150 = DIRECTION ( 'NONE',  ( 0.000000000000000000, 0.000000000000000000, 1.000000000000000000 ) ) ;
#7151 = FILL_AREA_STYLE ('',( #1025 ) ) ;
#7152 = DIRECTION ( 'NONE',  ( -0.000000000000000000, -1.000000000000000000, -0.000000000000000000 ) ) ;
#7153 = ORIENTED_EDGE ( 'NONE', *, *, #672, .T. ) ;
#7154 = CARTESIAN_POINT ( 'NONE',  ( -0.1622326260845571855, 0.1776266469913774793, 0.1000000000000000056 ) ) ;
#7155 = PRESENTATION_STYLE_ASSIGNMENT (( #6818 ) ) ;
#7156 =( NAMED_UNIT ( * ) PLANE_ANGLE_UNIT ( ) SI_UNIT ( $, .RADIAN. ) );
#7157 = UNCERTAINTY_MEASURE_WITH_UNIT (LENGTH_MEASURE( 1.000000000000000082E-05 ), #4352, 'distance_accuracy_value', 'NONE');
#7158 = AXIS2_PLACEMENT_3D ( 'NONE', #4855, #6545, #5416 ) ;
#7159 = EDGE_LOOP ( 'NONE', ( #6590, #5436, #5075, #20 ) ) ;
#7160 = VECTOR ( 'NONE', #5509, 1000.000000000000000 ) ;
#7161 = CARTESIAN_POINT ( 'NONE',  ( 0.07873826045363301052, -0.01843435677922496130, 0.1000000000000000056 ) ) ;
#7162 = CARTESIAN_POINT ( 'NONE',  ( 2.000000000000000000, 1.853522474313895163, 1.100000000000000089 ) ) ;
#7163 = AXIS2_PLACEMENT_3D ( 'NONE', #5954, #4184, #5304 ) ;
#7164 = CARTESIAN_POINT ( 'NONE',  ( 0.1235495234876483051, 0.01350005872304492482, 0.1000000000000000056 ) ) ;
#7165 = CARTESIAN_POINT ( 'NONE',  ( 0.000000000000000000, 0.000000000000000000, 0.1000000000000000056 ) ) ;
#7166 = COLOUR_RGB ( '',0.1960784313725490169, 0.1960784313725490169, 0.1960784313725490169 ) ;
#7167 = CARTESIAN_POINT ( 'NONE',  ( 1.300000000000000266, -0.1350000000000001477, 0.6151791245819069331 ) ) ;
#7168 = CARTESIAN_POINT ( 'NONE',  ( -0.1935382043035081823, -0.004699585229038461855, 5.421010862427522170E-17 ) ) ;
#7169 = CARTESIAN_POINT ( 'NONE',  ( -0.06997968826431572031, -0.01843435677922496130, 0.1000000000000000056 ) ) ;
#7170 = PRESENTATION_STYLE_ASSIGNMENT (( #1223 ) ) ;
#7171 = EDGE_CURVE ( 'NONE', #6859, #6317, #4932, .T. ) ;
#7172 = CARTESIAN_POINT ( 'NONE',  ( -0.2127334660241901876, 0.1054700806250325335, 0.1000000000000000056 ) ) ;
#7173 = DIRECTION ( 'NONE',  ( 0.000000000000000000, -1.000000000000000000, 0.000000000000000000 ) ) ;
#7174 = LINE ( 'NONE', #6570, #4657 ) ;
#7175 = PLANE ( 'NONE',  #6390 ) ;
#7176 = ORIENTED_EDGE ( 'NONE', *, *, #3098, .F. ) ;
#7177 =( NAMED_UNIT ( * ) PLANE_ANGLE_UNIT ( ) SI_UNIT ( $, .RADIAN. ) );
#7178 = CARTESIAN_POINT ( 'NONE',  ( -0.1478532077930365951, 0.1798354148751302173, 0.1000000000000000056 ) ) ;
#7179 = CARTESIAN_POINT ( 'NONE',  ( 0.2070235168638894507, 0.1866938483489801737, 0.000000000000000000 ) ) ;
#7180 = ORIENTED_EDGE ( 'NONE', *, *, #3922, .F. ) ;
#7181 = ADVANCED_FACE ( 'NONE', ( #1486 ), #493, .T. ) ;
#7182 = B_SPLINE_CURVE_WITH_KNOTS ( 'NONE', 3,
 ( #2122, #7111, #7164, #6103, #3309, #3817, #2074, #1616, #5508, #1085, #3277, #6034, #2738, #6011, #491, #7139, #2641, #6079, #6054 ),
 .UNSPECIFIED., .F., .F.,
 ( 4, 1, 1, 1, 1, 1, 1, 1, 1, 1, 1, 1, 1, 1, 1, 1, 4 ),
 ( 0.000000000000000000, 0.06167423887742603389, 0.1230530616348058798, 0.1834750007317021148, 0.2437265005106117599, 0.3042789165122536943, 0.3648629209606826795, 0.4259462039686196522, 0.4873912299654080127, 0.5492203840754762423, 0.6111435886926029903, 0.6735285303101521404, 0.7369614566573042813, 0.8007852828728402317, 0.8660125956416149240, 0.9321007477905784988, 1.000000000000000000 ),
 .UNSPECIFIED. ) ;
#7183 = EDGE_CURVE ( 'NONE', #4061, #3378, #4205, .T. ) ;
#7184 = CARTESIAN_POINT ( 'NONE',  ( 0.3144193372896115224, 0.07257127746481303876, 0.1000000000000000056 ) ) ;
#7185 = EDGE_CURVE ( 'NONE', #906, #6949, #2707, .T. ) ;
#7186 = AXIS2_PLACEMENT_3D ( 'NONE', #529, #5615, #2214 ) ;
#7187 = VECTOR ( 'NONE', #2850, 1000.000000000000114 ) ;
#7188 = SURFACE_SIDE_STYLE ('',( #684 ) ) ;
#7189 = SURFACE_STYLE_USAGE ( .BOTH. , #3748 ) ;
#7190 = CARTESIAN_POINT ( 'NONE',  ( -0.2292467803222747458, 0.04429872405548152675, 5.421010862427522170E-17 ) ) ;
#7191 = ORIENTED_EDGE ( 'NONE', *, *, #3345, .T. ) ;
#7192 = DIRECTION ( 'NONE',  ( 0.000000000000000000, 0.000000000000000000, 1.000000000000000000 ) ) ;
#7193 = FILL_AREA_STYLE_COLOUR ( '', #5987 ) ;
#7194 = ORIENTED_EDGE ( 'NONE', *, *, #1921, .T. ) ;
#7195 = CARTESIAN_POINT ( 'NONE',  ( 1.300000000000000266, -1.949999999999999956, 0.6151791245819073772 ) ) ;
#7196 = VERTEX_POINT ( 'NONE', #1086 ) ;
#7197 = CARTESIAN_POINT ( 'NONE',  ( -0.1522970853595908280, 0.004021212887519348515, 0.000000000000000000 ) ) ;
#7198 = FACE_OUTER_BOUND ( 'NONE', #1526, .T. ) ;
#7199 = DIRECTION ( 'NONE',  ( -0.000000000000000000, -1.000000000000000000, -0.000000000000000000 ) ) ;
#7200 =( LENGTH_UNIT ( ) NAMED_UNIT ( * ) SI_UNIT ( .MILLI., .METRE. ) );
#7201 = ORIENTED_EDGE ( 'NONE', *, *, #5697, .F. ) ;
#7202 = CARTESIAN_POINT ( 'NONE',  ( -0.1933628945176281144, 0.1647134417416696861, 0.1000000000000000056 ) ) ;
#7203 = AXIS2_PLACEMENT_3D ( 'NONE', #4382, #6669, #3319 ) ;
#7204 =( NAMED_UNIT ( * ) PLANE_ANGLE_UNIT ( ) SI_UNIT ( $, .RADIAN. ) );
#7205 = ORIENTED_EDGE ( 'NONE', *, *, #3850, .F. ) ;
#7206 = ORIENTED_EDGE ( 'NONE', *, *, #4052, .F. ) ;
#7207 = SURFACE_STYLE_FILL_AREA ( #4751 ) ;
#7208 = ORIENTED_EDGE ( 'NONE', *, *, #2721, .T. ) ;
#7209 = CARTESIAN_POINT ( 'NONE',  ( -0.1805572982162080287, 0.1481176469403770457, 0.000000000000000000 ) ) ;
#7210 = VERTEX_POINT ( 'NONE', #2152 ) ;
#7211 = CARTESIAN_POINT ( 'NONE',  ( -1.300000000000000044, -1.550000000000000266, 0.4551791245819074017 ) ) ;
#7212 = CARTESIAN_POINT ( 'NONE',  ( -0.2279274487172757158, 0.1187794420861758848, 0.000000000000000000 ) ) ;
#7213 = ORIENTED_EDGE ( 'NONE', *, *, #5327, .T. ) ;
#7214 = CARTESIAN_POINT ( 'NONE',  ( -1.675252549177989936, 1.550000000000000044, 0.05999999999999992839 ) ) ;
#7215 = ORIENTED_EDGE ( 'NONE', *, *, #4003, .T. ) ;
#7216 = DIRECTION ( 'NONE',  ( -0.000000000000000000, -0.000000000000000000, -1.000000000000000000 ) ) ;
#7217 = ORIENTED_EDGE ( 'NONE', *, *, #2546, .T. ) ;
#7218 = CARTESIAN_POINT ( 'NONE',  ( 0.2904293649389135257, 0.04822417805626384724, 1.355252715606880543E-17 ) ) ;
#7219 = CARTESIAN_POINT ( 'NONE',  ( -0.1710334102387661981, -0.01428610459537090621, 5.421010862427522170E-17 ) ) ;
#7220 = MECHANICAL_DESIGN_GEOMETRIC_PRESENTATION_REPRESENTATION (  '', ( #1909 ), #6931 ) ;
#7221 = VECTOR ( 'NONE', #5562, 1000.000000000000000 ) ;
#7222 = ADVANCED_FACE ( 'NONE', ( #4749 ), #2734, .T. ) ;
#7223 = CARTESIAN_POINT ( 'NONE',  ( -0.1856165610303621705, 0.1448797226038804065, 0.1000000000000000056 ) ) ;
#7224 = CARTESIAN_POINT ( 'NONE',  ( 2.000000000000000000, 1.550000000000000266, 0.05999999999999998390 ) ) ;
#7225 = PRESENTATION_STYLE_ASSIGNMENT (( #1003 ) ) ;
#7226 = CARTESIAN_POINT ( 'NONE',  ( 1.391402837117596825, -0.9350000000000001643, 0.6151791245819071552 ) ) ;
#7227 = ORIENTED_EDGE ( 'NONE', *, *, #3437, .T. ) ;
#7228 = PRODUCT_DEFINITION_FORMATION_WITH_SPECIFIED_SOURCE ( 'ÈÎºÎ', '', #4386, .NOT_KNOWN. ) ;
#7229 = EDGE_CURVE ( 'NONE', #4318, #4445, #6306, .T. ) ;
#7230 = DIRECTION ( 'NONE',  ( -1.000000000000000000, 0.000000000000000000, 0.000000000000000000 ) ) ;
#7231 =( LENGTH_UNIT ( ) NAMED_UNIT ( * ) SI_UNIT ( .MILLI., .METRE. ) );
#7232 = CARTESIAN_POINT ( 'NONE',  ( -0.3909332139053413591, 0.06618102783615967266, 0.1000000000000000056 ) ) ;
#7233 = VECTOR ( 'NONE', #4208, 1000.000000000000000 ) ;
#7234 = CARTESIAN_POINT ( 'NONE',  ( -0.1138768172607219076, 0.1815403535067198482, 0.000000000000000000 ) ) ;
#7235 = DIRECTION ( 'NONE',  ( -0.000000000000000000, -0.000000000000000000, -1.000000000000000000 ) ) ;
#7236 = LINE ( 'NONE', #3735, #6368 ) ;
#7237 = EDGE_CURVE ( 'NONE', #5983, #6689, #3326, .T. ) ;
#7238 = FACE_OUTER_BOUND ( 'NONE', #128, .T. ) ;
#7239 = EDGE_CURVE ( 'NONE', #3766, #4438, #3852, .T. ) ;
#7240 =( NAMED_UNIT ( * ) PLANE_ANGLE_UNIT ( ) SI_UNIT ( $, .RADIAN. ) );
#7241 = DIRECTION ( 'NONE',  ( 2.710505431213761479E-15, -0.000000000000000000, -1.000000000000000000 ) ) ;
#7242 = FACE_OUTER_BOUND ( 'NONE', #1681, .T. ) ;
#7243 = CARTESIAN_POINT ( 'NONE',  ( -0.2331629696222482229, 0.09576541969399077203, 0.1000000000000000056 ) ) ;
#7244 = CYLINDRICAL_SURFACE ( 'NONE', #4355, 0.1999999999999999833 ) ;
#7245 = CARTESIAN_POINT ( 'NONE',  ( 0.1210277934724808407, 0.01675378479585310290, -0.000000000000000000 ) ) ;
ENDSEC;
END-ISO-10303-21;
